Rk,Player,Pos,Team,Cmp_Att,PsYds,PsTD,Int,RsAtt,RsYds,RsTD,Rec,RcYds,RcTD,FFPts
1,Cam Newton,QB,CAR,304.5/526.5,3790,28.1,13.1,125.2,680.2,5.7,0,0,0,335.5
2,Aaron Rodgers,QB,GNB,352.2/559,4213.8,32.4,7.4,51.2,238,1.5,0,0,0,310.5
3,Russell Wilson,QB,SEA,299.4/476.3,3732,29.7,10.2,95.6,494.7,2.6,0,0,0,306.8
4,Andrew Luck,QB,IND,362/624.8,4340.1,31.8,19.1,64.8,265.2,1.7,0,0,0,293.8
5,Drew Brees,QB,NOR,440.8/657.4,4775.5,31.3,15.5,21.7,35.1,0.9,0,0,0,291.2
6,Ben Roethlisberger,QB,PIT,378.1/573.1,4516.3,28.4,12.7,27.8,66.7,0.7,0,0,0,280.6
7,Carson Palmer,QB,ARI,345.9/568,4332.4,29.5,16.5,24.6,48.6,1,0,0,0,262.8
8,Tom Brady,QB,NWE,302.8/478,3380.1,25.3,7,27.4,21.6,1.5,0,0,0,231.4
9,Eli Manning,QB,NYG,380.2/607.8,4531.7,30.7,15.1,20.9,37.8,0.4,0,0,0,272.1
10,Blake Bortles,QB,JAC,325.8/574.8,3885.2,28.4,15.7,50.5,261.3,1.4,0,0,0,261.7
11,Philip Rivers,QB,SDG,404.3/616.3,4481,28.3,15,23,61.3,0.5,0,0,0,267.8
12,Tyrod Taylor,QB,BUF,274.9/452.2,3241,21.2,12.2,112,576.8,4.5,0,0,0,266.2
13,Kirk Cousins,QB,WAS,389.2/599.8,4539.8,29.5,13.2,38.1,117.6,1.4,0,0,0,282.4
14,Derek Carr,QB,OAK,349.2/584.2,3787.7,31,13.1,30.7,81.8,0.7,0,0,0,253.3
15,Marcus Mariota,QB,TEN,294.5/467.4,3403.6,19.7,12.7,70.3,355.6,2.7,0,0,0,229.8
16,Matthew Stafford,QB,DET,411.7/632.8,4643.9,25.1,13.5,39.6,136,1.9,0,0,0,279.7
17,Andy Dalton,QB,CIN,324.1/513.6,3803.2,25.5,12.9,62.9,232.9,2.7,0,0,0,264.1
18,Jameis Winston,QB,TAM,319.9/554.1,3822.8,25,15.5,60.2,263,2.6,0,0,0,258.7
19,Ryan Fitzpatrick,QB,NYJ,334.6/552.4,3882.9,25.7,15.5,56.8,249.3,2,0,0,0,258.9
20,Ryan Tannehill,QB,MIA,375/607.3,4257.4,23.7,12.4,34.4,130.8,1,0,0,0,251.2
21,Matt Ryan,QB,ATL,409.9/619.5,4503.5,22.1,16.4,30.8,95.4,0.8,0,0,0,241.9
22,Brock Osweiler,QB,HOU,342.3/553.9,4055.5,24.5,14.7,50.8,123.2,1.5,0,0,0,245.8
23,Joe Flacco,QB,BAL,375.3/625.3,4241.8,25.5,16.2,27.1,46.4,1.1,0,0,0,243.5
24,Jay Cutler,QB,CHI,318.6/496.7,3773.1,21.5,13.9,38.7,137.9,0.9,0,0,0,220.1
25,Robert Griffin,QB,CLE,309.6/493.8,3697.3,19.3,12.6,70.6,425.8,1.9,0,0,0,238.8
26,Alex Smith,QB,KAN,326.2/501.8,3664,19.4,7.5,69.3,398,2.5,0,0,0,259.7
27,Carson Wentz,QB,PHI,308.3/522.2,3511.4,19.7,14.2,68.2,359.2,2.7,0,0,0,235.5
28,Dak Prescott,QB,DAL,125.2/202.8,1475.7,9.9,5.7,26.4,133.3,0.9,0,0,0,103
29,Sam Bradford,QB,MIN,293.3/464.8,3249.6,17.2,10.8,30.8,79.9,1.3,0,0,0,184.4
30,Trevor Siemian,QB,DEN,217.1/382.6,2445.9,13.5,15.3,25.2,103,1,0,0,0,132.9
31,Blaine Gabbert,QB,SFO,314.1/519.1,3607.4,17.3,16.6,51.1,177,1.2,0,0,0,196.9
32,Tony Romo,QB,DAL,214.4/320.2,2551.3,17,7.2,16,65,0.6,0,0,0,163.7
33,Case Keenum,QB,LAR,181.7/312.2,2001.2,8.6,9.1,25,84.4,1.1,0,0,0,105
34,Jimmy Garoppolo,QB,NWE,93.1/151.4,1024.2,7.3,3.7,15.4,62.1,0.5,0,0,0,70
35,Chase Daniel,QB,PHI,24.7/39.7,259.5,1.6,0.8,5.9,23.7,0.2,0,0,0,17.9
36,Jared Goff,QB,LAR,92.3/159.5,1025.8,4.2,4.7,12.2,46.3,0.5,0,0,0,53.1
37,Paxton Lynch,QB,DEN,99.4/174.6,1151.9,6.1,5.5,14.4,56.6,0.5,0,0,0,65.5
38,Shaun Hill,QB,MIN,28.2/44.7,330.8,1.7,1,2.9,11.5,0.1,0,0,0,18.3
39,Sean Mannion,QB,LAR,20.1/32.9,236.7,1,1.1,2.8,12.6,0.1,0,0,0,12.5
40,Colin Kaepernick,QB,SFO,41.4/73.8,457.4,2.2,1.6,12.4,44.7,0.3,0,0,0,28.3
41,Mike Vick,QB,PIT,0/0,0,0,0,0,0,0,0,0,0,0
42,Josh McCown,QB,CLE,23.1/39.1,286.6,1.4,0.9,2.9,11.6,0.1,0,0,0,15.4
43,Matt Schaub,QB,ATL,1.8/3,20.1,0.1,0.1,0.1,0.4,0,0,0,0,0.2
44,Luke McCown,QB,NOR,1.9/3.1,20.5,0.1,0.1,0.1,0.5,0,0,0,0,0.3
45,Dan Orlovsky,QB,DET,1.9/3.1,21.5,0.1,0.1,0.1,0.5,0,0,0,0,0.2
46,Derek Anderson,QB,CAR,1.6/2.7,17.1,0.1,0.1,0.1,0.4,0,0,0,0,0.4
47,Matt Cassel,QB,TEN,9/14.8,99.8,0.6,0.5,0.8,3.3,0,0,0,0,4.3
48,Kellen Clemens,QB,SDG,1.8/3,19.8,0.1,0.1,0.1,0.5,0,0,0,0,0.3
49,Tarvaris Jackson,QB,SEA,0/0,0,0,0,0,0,0,0,0,0,0
50,Charlie Whitehurst,QB,IND,0/0,0,0,0,0,0,0,0,0,0,0
51,Bruce Gradkowski,QB,PIT,0/0,0,0,0,0,0,0,0,0,0,0
52,Drew Stanton,QB,ARI,9.4/16.6,109.3,0.8,0.5,0.9,3.6,0,0,0,0,6.5
53,Matt Moore,QB,MIA,1.7/3,19.7,0.1,0.1,0.1,0.4,0,0,0,0,0.2
54,Chad Henne,QB,JAC,1.7/3,18.9,0.2,0.1,0.1,0.5,0,0,0,0,0.4
55,Josh Johnson,QB,BAL,0/0,0,0,0,0,0,0,0,0,0,0
56,Matt Flynn,QB,NOR,0/0,0,0,0,0,0,0,0,0,0,0
57,Josh Freeman,QB,IND,0/0,0,0,0,0,0,0,0,0,0,0
58,Brian Hoyer,QB,CHI,21.9/38.1,282.6,1.5,1.2,0.6,2.4,0,0,0,0,14.2
59,Mark Sanchez,QB,DAL,0.6/1,6.7,0,0,0,0.2,0,0,0,0,0.1
60,Jimmy Clausen,QB,BAL,0/0,0,0,0,0,0,0,0,0,0,0
61,Colt McCoy,QB,WAS,1.7/2.9,19.5,0.1,0.1,0.1,0.4,0,0,0,0,0.3
62,Tim Tebow,QB,FA,0/0,0,0,0,0,0,0,0,0,0,0
63,Dan LeFevour,QB,TAM,0/0,0,0,0,0,0,0,0,0,0,0
64,Joe Webb,QB,CAR,0/0,0,0,0,0,0,0,0,0,0,0.3
65,Thaddeus Lewis,QB,SFO,0/0,0,0,0,0,0,0,0,0,0,0
66,Christian Ponder,QB,SFO,0/0,0,0,0,0,0,0,0,0,0,0
67,Ryan Mallett,QB,BAL,1.8/3,19.9,0.1,0.1,0.1,0.5,0,0,0,0,0.3
68,T.J. Yates,QB,HOU,0/0,0,0,0,0,0,0,0,0,0,0
69,Jerrod Johnson,QB,DAL,0/0,0,0,0,0,0,0,0,0,0,0
70,Scott Tolzien,QB,IND,1.9/3.1,20.5,0.2,0.1,0.1,0.5,0,0,0,0,0.4
71,Nick Foles,QB,KAN,1.6/2.7,17.5,0.1,0.1,0.1,0.4,0,0,0,0,0.2
72,Brandon Weeden,QB,HOU,0/0,0,0,0,0,0,0,0,0,0,0
73,Kellen Moore,QB,DAL,0/0,0,0,0,0,0,0,0,0,0,0
74,Ryan Lindley,QB,IND,0/0,0,0,0,0,0,0,0,0,0,0
75,Austin Davis,QB,DEN,0/0,0,0,0,0,0,0,0,0,0,0
76,Matt Simms,QB,ATL,0/0,0,0,0,0,0,0,0,0,0,0
77,Alex Tanney,QB,TEN,0/0,0,0,0,0,0,0,0,0,0,0
78,EJ Manuel,QB,BUF,8.7/14.8,99.9,0.7,0.4,1,4,0,0,0,0,4.9
79,Mike Glennon,QB,TAM,1.6/2.8,18.4,0.1,0.1,0.1,0.4,0,0,0,0,0.3
80,Geno Smith,QB,NYJ,23.1/40,263.7,1.8,1.4,6.8,27,0.2,0,0,0,16.8
81,Ryan Nassib,QB,NYG,1.7/2.9,19.2,0.1,0.1,0.1,0.5,0,0,0,0,0.4
82,Sean Renfree,QB,ATL,0/0,0,0,0,0,0,0,0,0,0,0
83,Landry Jones,QB,PIT,22.5/39.7,247.5,1.7,1.2,5.7,23.1,0.2,0,0,0,16.4
84,Zac Dysert,QB,MIA,0/0,0,0,0,0,0,0,0,0,0,0
85,Matt Barkley,QB,ARI,0/0,0,0,0,0,0,0,0,0,0,0
86,Ryan Griffin,QB,TAM,0/0,0,0,0,0,0,0,0,0,0,0
87,Tyler Bray,QB,KAN,0/0,0,0,0,0,0,0,0,0,0,0
88,Matt McGloin,QB,OAK,1.7/2.8,18.4,0.1,0.1,0.1,0.4,0,0,0,0,0.4
89,Teddy Bridgewater,QB,MIN,0/0,0,0,0,0,0,0,0,0,0,0
90,Johnny Manziel,QB,CLE,0/0,0,0,0,0,0,0,0,0,0,0
91,AJ McCarron,QB,CIN,1.5/2.6,17,0.1,0.1,0.1,0.4,0,0,0,0,0.3
92,Tajh Boyd,QB,PIT,0/0,0,0,0,0,0,0,0,0,0,0
93,Logan Thomas,QB,NYG,0/0,0,0,0,0,0,0,0,0,0,0
94,Zach Mettenberger,QB,SDG,0/0,0,0,0,0,0,0,0,0,0,0
95,David Fales,QB,CHI,0/0,0,0,0,0,0,0,0,0,0,0
96,Keith Wenning,QB,CIN,0/0,0,0,0,0,0,0,0,0,0,0
97,Tom Savage,QB,HOU,9.8/17.5,112.5,0.7,0.7,0.4,1.5,0,0,0,0,5.4
98,Aaron Murray,QB,KAN,0/0,0,0,0,0,0,0,0,0,0,0
99,Matt Blanchard,QB,CHI,0/0,0,0,0,0,0,0,0,0,0,0
100,Dustin Vaughan,QB,PIT,0/0,0,0,0,0,0,0,0,0,0,0
101,Connor Shaw,QB,CHI,0/0,0,0,0,0,0,0,0,0,0,0
102,Bryce Petty,QB,NYJ,0/0,0,0,0,0,0,0,0,0,0,0
103,Dylan Thompson,QB,LAR,0/0,0,0,0,0,0,0,0,0,0,0
104,Garrett Grayson,QB,NOR,0/0,0,0,0,0,0,0,0,0,0,0
105,Brett Hundley,QB,GNB,1.7/2.9,18.8,0.2,0.1,0.1,0.4,0,0,0,0,0.4
106,Christian Hackenberg,QB,NYJ,0/0,0,0,0,0,0,0,0,0,0,0
107,Jacoby Brissett,QB,NWE,0.5/0.8,4.9,0,0,0,0.1,0,0,0,0,0.1
108,Cody Kessler,QB,CLE,0.1/0.2,1.3,0,0,0,0,0,0,0,0,0
109,Connor Cook,QB,OAK,0/0,0,0,0,0,0,0,0,0,0,0
110,Cardale Jones,QB,BUF,0/0,0,0,0,0,0,0,0,0,0,0
111,Kevin Hogan,QB,KAN,0/0,0,0,0,0,0,0,0,0,0,0
112,Nate Sudfeld,QB,WAS,0/0,0,0,0,0,0,0,0,0,0,0
113,Jake Rudock,QB,DET,0/0,0,0,0,0,0,0,0,0,0,0
114,Brandon Allen,QB,JAC,0/0,0,0,0,0,0,0,0,0,0,0
115,Jeff Driskel,QB,CIN,0/0,0,0,0,0,0,0,0,0,0,0
116,Brandon Doughty,QB,MIA,0/0,0,0,0,0,0,0,0,0,0,0
117,Trevone Boykin,QB,SEA,1.5/2.6,16.5,0.1,0.1,0.1,0.4,0,0,0,0,0.4
118,Taylor Heinicke,QB,MIN,0/0,0,0,0,0,0,0,0,0,0,0
119,Stephen Morris,QB,IND,0/0,0,0,0,0,0,0,0,0,0,0
1,Adrian Peterson,RB,MIN,0/0,0,0,0,308.1,1430.9,10.6,30.4,234.8,0.8,228.2
2,Todd Gurley,RB,LAR,0/0,0,0,0,297.8,1323.1,10.5,38.3,306.1,0.9,226.4
3,Ezekiel Elliott,RB,DAL,0/0,0,0,0,257.4,1120.5,8.4,41.9,356.4,1.5,203.3
4,David Johnson,RB,ARI,0/0,0,0,0,251.5,1039.5,8.2,58.3,530.4,2.6,216.5
5,Devonta Freeman,RB,ATL,0/0,0,0,0,232.6,927.8,6.7,69,548.3,2.3,197.6
6,Le'Veon Bell,RB,PIT,0/0,0,0,0,215.8,944.2,6.4,56.1,485,2.5,196.8
7,Lamar Miller,RB,HOU,0/0,0,0,0,281.8,1241,7.3,43.5,323.8,1.3,206.2
8,Doug Martin,RB,TAM,0/0,0,0,0,273,1215.4,6.6,32.3,251,1,187.9
9,Mark Ingram,RB,NOR,0/0,0,0,0,234.7,977.6,8.5,51.1,356.2,1.6,190.8
10,Eddie Lacy,RB,GNB,0/0,0,0,0,236.1,1014.8,6.4,29.1,232.9,1.3,165.8
11,LeSean McCoy,RB,BUF,0/0,0,0,0,266.8,1173.2,8.6,43,319.7,1.6,206.9
12,Jonathan Stewart,RB,CAR,0/0,0,0,0,237,1023.3,6.6,20.1,148.8,0.6,156.6
13,Carlos Hyde,RB,SFO,0/0,0,0,0,256.3,1030.1,7.1,34.1,240.2,0.9,173.1
14,C.J. Anderson,RB,DEN,0/0,0,0,0,233.8,1043,7.1,26,207.8,0.8,169.3
15,Jamaal Charles,RB,KAN,0/0,0,0,0,197.6,1011.1,7.6,42.2,353.8,2,186.9
16,Thomas Rawls,RB,SEA,0/0,0,0,0,218.6,1017.1,5.6,17.9,143.8,1,153.4
17,Matt Forte,RB,NYJ,0/0,0,0,0,197.7,812.8,4.6,52.8,437.7,1.7,159.9
18,Jeremy Hill,RB,CIN,0/0,0,0,0,231.4,947.6,7.5,19,141.2,0.8,153.6
19,Latavius Murray,RB,OAK,0/0,0,0,0,230,975.1,5.5,33.3,237.5,1.7,159.8
20,Ryan Mathews,RB,PHI,0/0,0,0,0,210.7,954.8,5.3,23.3,175.4,0.5,142.1
21,DeMarco Murray,RB,TEN,0/0,0,0,0,225.9,986.4,7.6,25.3,192.1,0.7,164.3
22,Jeremy Langford,RB,CHI,0/0,0,0,0,219.9,887.3,6.2,34.2,305.5,1.1,158.1
23,Matt Jones,RB,WAS,0/0,0,0,0,201.1,802.4,4.7,21.8,212.8,0.9,127.4
24,Melvin Gordon,RB,SDG,0/0,0,0,0,246.7,945.3,4.1,33.1,218.7,1.1,138.2
25,Duke Johnson Jr.,RB,CLE,0/0,0,0,0,127.4,517,3.1,50.5,398.8,1.4,116
26,Danny Woodhead,RB,SDG,0/0,0,0,0,107.9,434.1,2.5,69.4,611,3.7,141.4
27,Frank Gore,RB,IND,0/0,0,0,0,216.2,875.8,5.3,33,280.6,1.4,152.6
28,Rashad Jennings,RB,NYG,0/0,0,0,0,195.9,857.4,4.9,29.4,234.1,0.9,141.3
29,T.J. Yeldon,RB,JAC,0/0,0,0,0,155.9,649.3,3.9,35.6,274,1.4,120.2
30,Giovani Bernard,RB,CIN,0/0,0,0,0,152.8,655.8,4,49.5,408.3,1.3,135.7
31,Arian Foster,RB,MIA,0/0,0,0,0,156.7,666.2,4.7,35.6,291.5,1.5,128.6
32,Ameer Abdullah,RB,DET,0/0,0,0,0,202.8,867.2,5.1,37.1,292.9,1.2,147.6
33,Chris Ivory,RB,JAC,0/0,0,0,0,164.6,722.4,5.2,20.2,142.2,0.8,119.7
34,Derrick Henry,RB,TEN,0/0,0,0,0,158.1,673,6.7,20.5,168.7,0.7,125.4
35,DeAngelo Williams,RB,PIT,0/0,0,0,0,127.1,597.9,3.4,12.3,91,0.4,89.4
36,Bilal Powell,RB,NYJ,0/0,0,0,0,121.8,498.2,2.6,41,321.1,1.3,102.4
37,Jay Ajayi,RB,MIA,0/0,0,0,0,117.5,478.4,3.6,18,133.4,0.5,83.5
38,Theo Riddick,RB,DET,0/0,0,0,0,64,259.2,2,68.7,597.3,2.8,111.8
39,Charles Sims,RB,TAM,0/0,0,0,0,107.5,445.6,2.4,55.5,467.6,1.9,113.7
40,Isaiah Crowell,RB,CLE,0/0,0,0,0,190.7,773.5,5,15.8,120.5,0.5,121.3
41,James Starks,RB,GNB,0/0,0,0,0,123.5,526.2,2.7,20.7,158.3,0.8,85.3
42,LeGarrette Blount,RB,NWE,0/0,0,0,0,206.5,885.4,6.5,4.5,33.2,0.2,129
43,Spencer Ware,RB,KAN,0/0,0,0,0,95,417.7,4.6,7.4,54.9,0.2,74.2
44,Terrance West,RB,BAL,0/0,0,0,0,165.8,677.2,4.5,18.8,139,0.6,105.5
45,Tevin Coleman,RB,ATL,0/0,0,0,0,124.1,520.3,3.9,23.4,170.2,0.6,94.1
46,Devontae Booker,RB,DEN,0/0,0,0,0,140.3,581.4,4.7,22.6,177.5,0.6,104.7
47,Darren Sproles,RB,PHI,0/0,0,0,0,48.4,220.8,1.4,47.9,406,1.3,81.5
48,James White,RB,NWE,0/0,0,0,0,33,133.8,1,32.5,299.8,1.2,54.9
49,Jerick McKinnon,RB,MIN,0/0,0,0,0,79.2,359.4,2.3,37.5,284.1,1,81.4
50,Christine Michael,RB,SEA,0/0,0,0,0,117.8,495.1,2.8,10.5,78.9,0.4,75.2
51,Kenneth Dixon,RB,BAL,0/0,0,0,0,116,491.2,2.9,27.5,234.9,0.9,93.2
52,Alfred Morris,RB,DAL,0/0,0,0,0,95,398.2,2.5,3.9,29.3,0.1,56.3
53,Shane Vereen,RB,NYG,0/0,0,0,0,65.3,283.7,1.7,50.6,450.4,2.8,99.8
54,Javorius Allen,RB,BAL,0/0,0,0,0,87.3,359.8,2.5,28.9,226.4,0.9,76.2
55,Chris Thompson,RB,WAS,0/0,0,0,0,47.4,213.1,1.1,43,358.5,1.5,70.2
56,DeAndre Washington,RB,OAK,0/0,0,0,0,79.8,319.3,1.5,22.6,188.2,0.9,62.7
57,Charcandrick West,RB,KAN,0/0,0,0,0,49.4,198.7,2.3,12.3,97.9,0.3,43.5
58,C.J. Spiller,RB,NOR,0/0,0,0,0,50.8,218.1,1.2,47.6,351.7,1.5,72.7
59,Shaun Draughn,RB,SFO,0/0,0,0,0,85.1,325.6,1.9,42.6,310.1,1.1,79.4
60,Tim Hightower,RB,NOR,0/0,0,0,0,70.4,275,2.7,10,73.3,0.3,51
61,Ka'Deem Carey,RB,CHI,0/0,0,0,0,97.9,411.3,2.5,21.9,167.7,0.6,74.4
62,Jordan Howard,RB,CHI,0/0,0,0,0,98.3,395.9,3.3,13.8,103.3,0.4,69.8
63,Chris Johnson,RB,ARI,0/0,0,0,0,100.6,426.6,2.7,2.1,15.4,0.1,58.6
64,Justin Forsett,RB,BAL,0/0,0,0,0,0,0,0,0,0,0,0
65,C.J. Prosise,RB,SEA,0/0,0,0,0,59.1,244.5,1.6,29.3,241.6,1.2,63.8
66,Robert Kelley,RB,WAS,0/0,0,0,0,98.7,394,2.4,4.3,32.7,0.1,55.6
67,Reggie Bush,RB,BUF,0/0,0,0,0,69,291.4,1.8,16.1,120,0.6,55.5
68,Benjamin Cunningham,RB,LAR,0/0,0,0,0,38.3,157.7,1.2,24.2,196.7,0.5,43.9
69,Cameron Artis-Payne,RB,CAR,0/0,0,0,0,66.4,273.1,1.9,7.5,55.6,0.3,43.7
70,Lance Dunbar,RB,DAL,0/0,0,0,0,30.2,130.5,0.7,20.6,183.3,0.7,39.4
71,Paul Perkins,RB,NYG,0/0,0,0,0,66.7,282.3,1.8,5.8,44.7,0.2,43
72,Mike Gillislee,RB,BUF,0/0,0,0,0,55.2,233.1,1.8,6.7,48.6,0.2,38.6
73,D.J. Foster,RB,NWE,0/0,0,0,0,1.9,7.7,0.1,4.4,33.1,0.2,4.2
74,Wendell Smallwood,RB,PHI,0/0,0,0,0,7.3,28.8,0.2,6.7,50.7,0.2,9.1
75,Tyler Ervin,RB,HOU,0/0,0,0,0,65,261.9,1.8,12.4,92,0.4,49.5
76,Dion Lewis,RB,NWE,0/0,0,0,0,49.3,198.2,1.5,33.6,295.5,1.2,62.9
77,Kenyan Drake,RB,MIA,0/0,0,0,0,28.5,112.3,0.6,13.3,96.2,0.4,25.6
78,Zach Zenner,RB,DET,0/0,0,0,0,53.4,228.2,1.7,4.6,35.2,0.1,35.2
79,Robert Turbin,RB,IND,0/0,0,0,0,53.2,214.1,1,17.5,144.1,0.8,45.6
80,Andre Ellington,RB,ARI,0/0,0,0,0,41.9,174.9,1.1,16.6,143.4,0.7,40.7
81,Kenjon Barner,RB,PHI,0/0,0,0,0,64.2,270.1,1.8,4.8,37,0.1,40.7
82,Malcolm Brown,RB,LAR,0/0,0,0,0,12.8,51.9,0.4,3.4,26.1,0.1,9.7
83,Khiry Robinson,RB,NYJ,0/0,0,0,0,0,0,0,0,0,0,-0
84,Alfred Blue,RB,HOU,0/0,0,0,0,39,150.3,1,4.1,30.7,0.1,24.3
85,Brandon Bolden,RB,NWE,0/0,0,0,0,52.5,215,1.8,8.9,66.3,0.3,38.7
86,Josh Ferguson,RB,IND,0/0,0,0,0,35.4,137.9,0.6,8.7,64.9,0.3,24.2
87,Antonio Andrews,RB,TEN,0/0,0,0,0,20.3,82.1,0.6,6.7,52,0.2,17.9
88,Mike Davis,RB,SFO,0/0,0,0,0,31.7,122.1,0.8,8.4,61.4,0.2,23.5
89,Fozzy Whittaker,RB,CAR,0/0,0,0,0,19,77.2,0.5,7.5,55.6,0.3,16.9
90,Fitzgerald Toussaint,RB,PIT,0/0,0,0,0,26,105.7,0.7,7.1,53.1,0.3,20.4
91,Jonathan Williams,RB,BUF,0/0,0,0,0,9.2,34.8,0.3,0,0,0,4.7
92,Mike Tolbert,RB,CAR,0/0,0,0,0,47.4,181.8,1.9,15.5,125.5,0.9,45.8
93,Jonathan Grimes,RB,HOU,0/0,0,0,0,6.5,25.5,0.2,8.3,61.3,0.2,10.4
94,Dwayne Washington,RB,DET,0/0,0,0,0,8.9,35.6,0.3,4.6,35.2,0.1,8.2
95,Darren McFadden,RB,DAL,0/0,0,0,0,8.1,32.2,0.2,2.5,19,0.1,5.8
96,Alex Collins,RB,SEA,0/0,0,0,0,9.1,34.9,0.2,0,0,0,4.3
97,Matt Asiata,RB,MIN,0/0,0,0,0,13.2,51.2,0.7,11.1,83.8,0.3,18.5
98,Kapri Bibbs,RB,DEN,0/0,0,0,0,21.3,83.8,0.6,3.7,27.3,0.1,14
99,Karlos Williams,RB,BUF,0/0,0,0,0,0,0,0,0,0,0,0
100,Steven Jackson,RB,NWE,0/0,0,0,0,0,0,0,0,0,0,0
101,John Kuhn,RB,NOR,0/0,0,0,0,7.8,24.9,0.5,2.4,17.8,0.2,6.7
102,Fred Jackson,RB,SEA,0/0,0,0,0,0,0,0,0,0,0,0
103,Marshawn Lynch,RB,SEA,0/0,0,0,0,0,0,0,0,0,0,0
104,Ahmad Bradshaw,RB,IND,0/0,0,0,0,0,0,0,0,0,0,0
105,Pierre Thomas,RB,WAS,0/0,0,0,0,0,0,0,0,0,0,0
106,Ray Rice,RB,FA,0/0,0,0,0,0,0,0,0,0,0,0
107,Jerome Felton,RB,BUF,0/0,0,0,0,0,0,0,0,0,0,0
108,Marcel Reece,RB,OAK,0/0,0,0,0,8.4,27.6,0.3,11.8,84.9,0.8,16.8
109,Donald Brown,RB,NWE,0/0,0,0,0,0,0,0,0,0,0,0
110,Jorvorskie Lane,RB,TAM,0/0,0,0,0,0,0,0,0,0,0,0
111,Knowshon Moreno,RB,FA,0/0,0,0,0,0,0,0,0,0,0,0
112,Cedric Peerman,RB,CIN,0/0,0,0,0,0,0,0,0,0,0,0
113,Marcus Thigpen,RB,BUF,0/0,0,0,0,0,0,0,0,0,0,0
114,Darrel Young,RB,CHI,0/0,0,0,0,0,0,0,0,0,0,0
115,Antone Smith,RB,NYJ,0/0,0,0,0,0,0,0,0,0,0,0
116,Dexter McCluster,RB,TEN,0/0,0,0,0,0,0,0,0,0,0,0
117,Ben Tate,RB,PIT,0/0,0,0,0,0,0,0,0,0,0,0
118,Toby Gerhart,RB,JAC,0/0,0,0,0,0,0,0,0,0,0,0
119,Boobie Dixon,RB,BUF,0/0,0,0,0,0,0,0,0,0,0,0
120,Joique Bell,RB,DET,0/0,0,0,0,0,0,0,0,0,0,0
121,James Develin,RB,NWE,0/0,0,0,0,7.8,25.1,0.4,4.4,32.3,0.3,9.2
122,Tyler Clutts,RB,DAL,0/0,0,0,0,0,0,0,0,0,0,0
123,Stevan Ridley,RB,IND,0/0,0,0,0,0,0,0,0,0,0,0
124,Ryan Williams,RB,DAL,0/0,0,0,0,0,0,0,0,0,0,0
125,Daniel Thomas,RB,MIA,0/0,0,0,0,0,0,0,0,0,0,0
126,Anthony Sherman,RB,KAN,0/0,0,0,0,0,0,0,3.6,26.7,0.2,3
127,Kendall Hunter,RB,NOR,0/0,0,0,0,0,0,0,0,0,0,0
128,Taiwan Jones,RB,OAK,0/0,0,0,0,0,0,0,0,0,0,0.6
129,Jordan Todman,RB,IND,0/0,0,0,0,19.5,81,0.5,4.3,32.5,0.2,15
130,Roy Helu Jr.,RB,OAK,0/0,0,0,0,0,0,0,0,0,0,0
131,Jacquizz Rodgers,RB,CHI,0/0,0,0,0,0,0,0,0,0,0,0
132,DuJuan Harris,RB,SFO,0/0,0,0,0,0,0,0,0,0,0,0
133,Patrick DiMarco,RB,ATL,0/0,0,0,0,1.9,6.3,0.1,9.1,66.3,0.4,9.1
134,Chase Reynolds,RB,LAR,0/0,0,0,0,4.3,16.1,0.1,0,0,0,1.7
135,Will Johnson,RB,NYG,0/0,0,0,0,0,0,0,0,0,0,0
136,Trent Richardson,RB,BAL,0/0,0,0,0,0,0,0,0,0,0,0
137,Isaiah Pead,RB,MIA,0/0,0,0,0,10.7,44,0.3,4.4,32.1,0.1,9.4
138,Chris Polk,RB,HOU,0/0,0,0,0,0,0,0,0,0,0,0
139,LaMike James,RB,MIA,0/0,0,0,0,0,0,0,0,0,0,0
140,Bernard Pierce,RB,NYJ,0/0,0,0,0,0,0,0,0,0,0,0
141,Ronnie Hillman,RB,DEN,0/0,0,0,0,0,0,0,0,0,0,0
142,Cyrus Gray,RB,ATL,0/0,0,0,0,0,0,0,0,0,0,0
143,Vick Ballard,RB,NOR,0/0,0,0,0,0,0,0,0,0,0,0
144,Daniel Herron,RB,BUF,0/0,0,0,0,0,0,0,0,0,0,0
145,Bryce Brown,RB,SEA,0/0,0,0,0,0,0,0,0,0,0,0
146,Daryl Richardson,RB,PIT,0/0,0,0,0,2.2,8.7,0.1,0,0,0,0.3
147,Cory Harkey,RB,LAR,0/0,0,0,0,0,0,0,6.6,50.8,0.3,6.5
148,Joe Banyard,RB,JAC,0/0,0,0,0,0,0,0,0,0,0,0
149,Derrick Coleman,RB,SEA,0/0,0,0,0,0,0,0,0,0,0,0
150,Jonas Gray,RB,JAC,0/0,0,0,0,0,0,0,0,0,0,0
151,Travaris Cadet,RB,NOR,0/0,0,0,0,0,0,0,0,0,0,0
152,Bobby Rainey,RB,NYG,0/0,0,0,0,2,8.2,0,0,0,0,0.3
153,Jamize Olawale,RB,OAK,0/0,0,0,0,16,66.5,0.4,6,44.5,0.4,14.6
154,Montee Ball,RB,FA,0/0,0,0,0,0,0,0,0,0,0,0
155,Knile Davis,RB,KAN,0/0,0,0,0,3.8,14.8,0.2,0,0,0,2
156,Denard Robinson,RB,JAC,0/0,0,0,0,7.3,28.7,0.2,1.9,14.6,0.1,4.3
157,Mike James,RB,TAM,0/0,0,0,0,8.3,32.2,0.2,0,0,0,4.1
158,Rex Burkhead,RB,CIN,0/0,0,0,0,8.7,34.1,0.2,7.4,60.4,0.2,11.7
159,Tommy Bohanon,RB,NYJ,0/0,0,0,0,0,0,0,0,0,0,0
160,Stepfan Taylor,RB,ARI,0/0,0,0,0,2.1,7.9,0.1,2.1,15.4,0.1,1.8
161,Zac Stacy,RB,NYJ,0/0,0,0,0,0,0,0,0,0,0,0
162,Kyle Juszczyk,RB,BAL,0/0,0,0,0,2,6.6,0.1,23.9,202.6,1.5,29.1
163,Joseph Randle,RB,FA,0/0,0,0,0,0,0,0,0,0,0,0
164,Kerwynn Williams,RB,ARI,0/0,0,0,0,0,0,0,0,0,0,0
165,Kendall Gaskins,RB,SFO,0/0,0,0,0,0,0,0,0,0,0,0
166,Steven Miller,RB,DET,0/0,0,0,0,0,0,0,0,0,0,0
167,Zach Line,RB,MIN,0/0,0,0,0,6.6,22.2,0.4,3.6,27.2,0.2,7.5
168,George Winn,RB,DET,0/0,0,0,0,0,0,0,0,0,0,0
169,Dri Archer,RB,BUF,0/0,0,0,0,0,0,0,0,0,0,0
170,Tre Mason,RB,LAR,0/0,0,0,0,0,0,0,0,0,0,0
171,Bishop Sankey,RB,TEN,0/0,0,0,0,0,0,0,0,0,0,0
172,Tyler Gaffney,RB,NWE,0/0,0,0,0,0,0,0,0,0,0,0
173,Storm Johnson,RB,TAM,0/0,0,0,0,0,0,0,0,0,0,0
174,Lache Seastrunk,RB,NYJ,0/0,0,0,0,0,0,0,0,0,0,0
175,Andre Williams,RB,SDG,0/0,0,0,0,7.7,29.9,0.1,0,0,0,2.8
176,Lorenzo Taliaferro,RB,BAL,0/0,0,0,0,0,0,0,0,0,0,0
177,Marion Grice,RB,ARI,0/0,0,0,0,0,0,0,0,0,0,0
178,Damien Williams,RB,MIA,0/0,0,0,0,3.6,13.7,0.1,4.4,32.1,0.1,5.2
179,Juwan Thompson,RB,DEN,0/0,0,0,0,0,0,0,0,0,0,0
180,Branden Oliver,RB,SDG,0/0,0,0,0,0,0,0,0,0,0,0
181,Darrin Reaves,RB,KAN,0/0,0,0,0,0,0,0,0,0,0,0
182,Silas Redd,RB,WAS,0/0,0,0,0,0,0,0,0,0,0,0
183,Ryan Hewitt,RB,CIN,0/0,0,0,0,0,0,0,8.1,60.8,0.5,8.9
184,Trey Watts,RB,LAR,0/0,0,0,0,0,0,0,0,0,0,0
185,Austin Johnson,RB,NOR,0/0,0,0,0,0,0,0,0,0,0,0
186,Jay Prosch,RB,HOU,0/0,0,0,0,4.3,14.4,0.2,0,0,0,2.2
187,Orleans Darkwa,RB,NYG,0/0,0,0,0,63.7,271.1,1.8,3.1,24.1,0.1,39.7
188,Senorise Perry,RB,CHI,0/0,0,0,0,0,0,0,0,0,0,0
189,Glenn Winston,RB,CLE,0/0,0,0,0,0,0,0,0,0,0,0
190,Roosevelt Nix,RB,PIT,0/0,0,0,0,0,0,0,2.2,16.6,0.1,1.9
191,Marcus Murphy,RB,NOR,0/0,0,0,0,0,0,0,0,0,0,3.5
192,Michael Burton,RB,DET,0/0,0,0,0,1.8,6.1,0.1,4.5,34.3,0.3,5
193,Jalston Fowler,RB,TEN,0/0,0,0,0,2.3,7.6,0.1,3.3,25.3,0.2,3.8
194,Malcolm Johnson,RB,CLE,0/0,0,0,0,1.9,6.2,0.1,3.7,27.4,0.2,3.6
195,Joey Iosefa,RB,NWE,0/0,0,0,0,0,0,0,0,0,0,0
196,David Cobb,RB,TEN,0/0,0,0,0,0,0,0,0,0,0,0
197,Kenny Hilliard,RB,HOU,0/0,0,0,0,0,0,0,0,0,0,0
198,Josh Robinson,RB,IND,0/0,0,0,0,0,0,0,0,0,0,0
199,Aaron Ripkowski,RB,GNB,0/0,0,0,0,4,13.6,0.2,4,30,0.3,5.8
200,Tyler Varga,RB,IND,0/0,0,0,0,0,0,0,0,0,0,0
201,Michael Dyer,RB,OAK,0/0,0,0,0,0,0,0,0,0,0,0
202,John Crockett,RB,GNB,0/0,0,0,0,0,0,0,0,0,0,0
203,Terrence Magee,RB,LAR,0/0,0,0,0,0,0,0,0,0,0,0
204,Gus Johnson,RB,SDG,0/0,0,0,0,0,0,0,0,0,0,0
205,Terron Ward,RB,ATL,0/0,0,0,0,7.8,29.8,0.2,4.7,34,0.1,6.9
206,Jarryd Hayne,RB,SFO,0/0,0,0,0,0,0,0,0,0,0,0
207,Brandon Wegher,RB,CAR,0/0,0,0,0,0,0,0,0,0,0,0
208,Alonzo Harris,RB,GNB,0/0,0,0,0,0,0,0,0,0,0,0
209,Corey Grant,RB,JAC,0/0,0,0,0,3.6,14.4,0.1,0,0,0,2.9
210,Nikita Whitlock,RB,NYG,0/0,0,0,0,0,0,0,0,0,0,0
211,Raheem Mostert,RB,CLE,0/0,0,0,0,0,0,0,0,0,0,0
212,Rod Smith,RB,DAL,0/0,0,0,0,0,0,0,0,0,0,0
213,Trey Williams,RB,IND,0/0,0,0,0,0,0,0,0,0,0,0
214,Akeem Hunt,RB,HOU,0/0,0,0,0,0,0,0,0,0,0,0
215,Andy Janovich,RB,DEN,0/0,0,0,0,2.1,7.1,0.1,0,0,0,0.7
216,Derek Watt,RB,SDG,0/0,0,0,0,0,0,0,2.2,16.2,0.1,1.7
217,Kelvin Taylor,RB,SFO,0/0,0,0,0,0,0,0,0,0,0,0
218,Darius Jackson,RB,DAL,0/0,0,0,0,1.6,6.3,0,0,0,0,0.2
219,Daniel Lasco,RB,NOR,0/0,0,0,0,3.9,14.8,0.1,2.5,18.3,0.1,3.2
220,Keith Marshall,RB,WAS,0/0,0,0,0,0,0,0,0,0,0,0
221,Zac Brooks,RB,SEA,0/0,0,0,0,0,0,0,0,0,0,0
222,Terrell Watson,RB,CLE,0/0,0,0,0,0,0,0,0,0,0,0
223,Brandon Wilds,RB,ATL,0/0,0,0,0,0,0,0,0,0,0,0
224,Jhurell Pressley,RB,MIN,0/0,0,0,0,0,0,0,0,0,0,0
225,Byron Marshall,RB,PHI,0/0,0,0,0,0,0,0,0,0,0,0
226,George Atkinson III,RB,CLE,0/0,0,0,0,14.9,58.6,0.4,1.9,14.1,0.1,8.3
227,James Wilder Jr.,RB,BUF,0/0,0,0,0,0,0,0,0,0,0,0
228,Dreamius Smith,RB,SDG,0/0,0,0,0,0,0,0,0,0,0,0
229,Devon Johnson,RB,CAR,0/0,0,0,0,0,0,0,0,0,0,0
230,Jalen Richard,RB,OAK,--/--,--,--,--,--,--,--,--,--,--,--
1,Antonio Brown,WR,PIT,0/0,0,0,0,3.9,25.1,0.1,134.3,1807.2,10.7,251.9
2,Odell Beckham Jr.,WR,NYG,0/0,0,0,0,0,0,0,100.4,1504.4,9.3,205
3,Julio Jones,WR,ATL,0/0,0,0,0,0,0,0,126.8,1759.5,7.3,217
4,DeAndre Hopkins,WR,HOU,0/0,0,0,0,0,0,0,97.2,1385,8.1,186.2
5,A.J. Green,WR,CIN,0/0,0,0,0,0,0,0,87.8,1284.1,9,181.6
6,Allen Robinson,WR,JAC,0/0,0,0,0,0,0,0,82.7,1310.6,8.5,181.6
7,Dez Bryant,WR,DAL,0/0,0,0,0,0,0,0,80.7,1159.1,9.1,169.1
8,Jordy Nelson,WR,GNB,0/0,0,0,0,0,0,0,80,1203.7,8.2,169.1
9,Brandon Marshall,WR,NYJ,0/0,0,0,0,0,0,0,97.6,1276.6,8.6,177.2
10,Alshon Jeffery,WR,CHI,0/0,0,0,0,0,0,0,88.3,1276.1,7.6,171.8
11,Mike Evans,WR,TAM,0/0,0,0,0,0,0,0,78.7,1184.5,7.9,165.4
12,Sammy Watkins,WR,BUF,0/0,0,0,0,2.3,14.2,0.1,73.1,1166.3,7.6,163.6
13,Brandin Cooks,WR,NOR,0/0,0,0,0,7.8,48.4,0.3,88.2,1067.3,6.7,151.9
14,Amari Cooper,WR,OAK,0/0,0,0,0,3.8,23.7,0.1,81.2,1067.6,7.1,151.4
15,Demaryius Thomas,WR,DEN,0/0,0,0,0,0,0,0,84.6,1087.5,6.4,145.8
16,Keenan Allen,WR,SDG,0/0,0,0,0,0,0,0,105.9,1201.1,6.3,158.4
17,T.Y. Hilton,WR,IND,0/0,0,0,0,1.8,11.1,0,75.6,1200,6.7,161.2
18,Julian Edelman,WR,NWE,0/0,0,0,0,7.8,48.5,0.2,87.8,937,6.5,137.4
19,Doug Baldwin,WR,SEA,0/0,0,0,0,0,0,0,75.2,997.1,7.2,142
20,Jarvis Landry,WR,MIA,0/0,0,0,0,14.2,59.5,0.4,105.9,1051.7,5.6,146.8
21,Jeremy Maclin,WR,KAN,0/0,0,0,0,3.8,24,0.2,86.4,1159.1,5.3,148.5
22,Randall Cobb,WR,GNB,0/0,0,0,0,16.2,74.2,0.4,82.3,974.8,7.1,149.8
23,Eric Decker,WR,NYJ,0/0,0,0,0,0,0,0,87.2,1142,8.3,164.2
24,Golden Tate,WR,DET,0/0,0,0,0,7.1,45.5,0.2,87.4,1026.5,5.1,138.2
25,Donte Moncrief,WR,IND,0/0,0,0,0,0,0,0,78.3,975.4,7.6,142.2
26,Emmanuel Sanders,WR,DEN,0/0,0,0,0,4.3,27,0.1,75.5,1039.8,4.4,132.6
27,Kelvin Benjamin,WR,CAR,0/0,0,0,0,0,0,0,64.2,863.1,8.1,134.8
28,Michael Floyd,WR,ARI,0/0,0,0,0,0,0,0,61,959.1,6.8,135.6
29,Larry Fitzgerald,WR,ARI,0/0,0,0,0,0,0,0,84.4,966.9,6.9,137.1
30,John Brown,WR,ARI,0/0,0,0,0,4.2,25.9,0.1,64.8,977.5,6,135.7
31,Jordan Matthews,WR,PHI,0/0,0,0,0,0,0,0,77.2,952.3,5.6,127.9
32,DeSean Jackson,WR,WAS,0/0,0,0,0,0,0,0,58.8,1043.7,4.8,133
33,Marvin Jones,WR,DET,0/0,0,0,0,0,0,0,72.1,1029.5,5.7,135.9
34,Allen Hurns,WR,JAC,0/0,0,0,0,0,0,0,55.5,760.6,5.2,106.4
35,Michael Crabtree,WR,OAK,0/0,0,0,0,0,0,0,72.4,820.5,7.1,124.5
36,DeVante Parker,WR,MIA,0/0,0,0,0,0,0,0,56.6,826.5,4.9,111.1
37,Tyler Lockett,WR,SEA,0/0,0,0,0,4.5,28.4,0.1,54.6,822.4,5.8,125.2
38,Kevin White,WR,CHI,0/0,0,0,0,0,0,0,57.7,838.3,4.7,111.1
39,Sterling Shepard,WR,NYG,0/0,0,0,0,0,0,0,67.8,849.7,4.9,113.8
40,Torrey Smith,WR,SFO,0/0,0,0,0,0,0,0,57.3,965.6,4.4,122.5
41,Stefon Diggs,WR,MIN,0/0,0,0,0,4.4,28,0.2,65.3,805.4,4.1,106.8
42,Josh Gordon,WR,CLE,0/0,0,0,0,0,0,0,52.3,810.3,3.9,104.1
43,Willie Snead,WR,NOR,0/0,0,0,0,0,0,0,68.1,869.6,4.4,111.9
44,Vincent Jackson,WR,TAM,0/0,0,0,0,0,0,0,52.2,796.2,5.2,110.3
45,Tavon Austin,WR,LAR,0/0,0,0,0,43.1,218.6,1.5,65.8,641.7,2.4,110.9
46,Devin Funchess,WR,CAR,0/0,0,0,0,0,0,0,49.1,674.2,5.7,101.2
47,Corey Coleman,WR,CLE,0/0,0,0,0,3.7,23.6,0.1,63.5,773.5,3.7,103.3
48,Travis Benjamin,WR,SDG,0/0,0,0,0,0,0,0,52.4,777.7,4.2,104.8
49,Michael Thomas,WR,NOR,0/0,0,0,0,0,0,0,58.8,779.7,6.1,113.2
50,Steve Smith Sr.,WR,BAL,0/0,0,0,0,0,0,0,58.2,815.6,4,104.4
51,Phillip Dorsett,WR,IND,0/0,0,0,0,7.1,44.6,0.2,46.5,607.8,4.5,91.9
52,Chris Hogan,WR,NWE,0/0,0,0,0,2,12.1,0.1,52.9,601.4,4.9,90.2
53,Tajae Sharpe,WR,TEN,0/0,0,0,0,0,0,0,50.4,631.8,3.2,81.9
54,Kamar Aiken,WR,BAL,0/0,0,0,0,0,0,0,49.7,615.1,3.7,82.6
55,Markus Wheaton,WR,PIT,0/0,0,0,0,0,0,0,48.6,669.2,4,91.5
56,Will Fuller,WR,HOU,0/0,0,0,0,2.2,13.7,0.1,49.6,779.9,4.9,107.4
57,Mike Wallace,WR,BAL,0/0,0,0,0,2,12.5,0.1,53.8,704,4.8,99.6
58,Mohamed Sanu,WR,ATL,0/0,0,0,0,5.8,36.3,0.2,65.2,769.7,4.4,106.5
59,Tyler Boyd,WR,CIN,0/0,0,0,0,8.7,55.1,0.3,45.4,588.4,3.8,87.5
60,Kenny Stills,WR,MIA,0/0,0,0,0,0,0,0,49.3,735.2,3.4,93.3
61,Terrelle Pryor,WR,CLE,0/0,0,0,0,3.7,23.6,0.1,41.8,570.3,3.5,80
62,Eli Rogers,WR,PIT,0/0,0,0,0,0,0,0,55.4,613.4,3.6,82.6
63,Dorial Green-Beckham,WR,PHI,0/0,0,0,0,0,0,0,27.6,404.3,2.7,56.2
64,Breshad Perriman,WR,BAL,0/0,0,0,0,0,0,0,32.8,473.7,3,64.7
65,Rishard Matthews,WR,TEN,0/0,0,0,0,0,0,0,48.6,615.4,3.3,80.9
66,Pierre Garcon,WR,WAS,0/0,0,0,0,0,0,0,60.5,718.4,4.7,99.6
67,Terrance Williams,WR,DAL,0/0,0,0,0,0,0,0,40.8,675.8,4.6,94.6
68,Anquan Boldin,WR,DET,0/0,0,0,0,0,0,0,49.2,647,3.1,82.6
69,Kenny Britt,WR,LAR,0/0,0,0,0,0,0,0,45.5,742.2,3.4,94.2
70,Laquon Treadwell,WR,MIN,0/0,0,0,0,0,0,0,41.7,566.1,2.8,72.4
71,Chris Conley,WR,KAN,0/0,0,0,0,0,0,0,43.8,487.4,3.1,66.3
72,Braxton Miller,WR,HOU,0/0,0,0,0,8.7,54.9,0.2,46.8,506.1,2.4,70.5
73,Ted Ginn Jr.,WR,CAR,0/0,0,0,0,4.7,29.7,0.1,36.5,543,3.4,79.1
74,Jamison Crowder,WR,WAS,0/0,0,0,0,1.9,12.1,0,51.6,486.1,3.1,68.8
75,Nelson Agholor,WR,PHI,0/0,0,0,0,0,0,0,28.3,357.2,2.1,47.4
76,Josh Doctson,WR,WAS,0/0,0,0,0,0,0,0,30.6,418,3.2,60
77,Sammie Coates,WR,PIT,0/0,0,0,0,0,0,0,20.9,274.3,2,39
78,Jaelen Strong,WR,HOU,0/0,0,0,0,0,0,0,31.7,376.3,2.8,53.5
79,Davante Adams,WR,GNB,0/0,0,0,0,0,0,0,39.4,446.2,4,67.6
80,Charles Johnson,WR,MIN,0/0,0,0,0,0,0,0,31,443.5,2.5,58.7
81,Kendall Wright,WR,TEN,0/0,0,0,0,4.5,28.7,0.1,38.6,475.6,2.1,62
82,Malcolm Mitchell,WR,NWE,0/0,0,0,0,0,0,0,17.9,231.3,1.5,32.1
83,Quinton Patton,WR,SFO,0/0,0,0,0,0,0,0,52.9,587.1,3,76.3
84,Brandon LaFell,WR,CIN,0/0,0,0,0,0,0,0,27.7,361.4,2.2,49.1
85,Jermaine Kearse,WR,SEA,0/0,0,0,0,0,0,0,33.4,491.5,4.3,74.6
86,Robert Woods,WR,BUF,0/0,0,0,0,2.3,14.2,0.1,47.1,554.8,3.8,78.7
87,Seth Roberts,WR,OAK,0/0,0,0,0,0,0,0,37.3,434.5,3.7,64.8
88,Marqise Lee,WR,JAC,0/0,0,0,0,7.3,46.2,0.2,32.4,358.8,2.7,56.1
89,J.J. Nelson,WR,ARI,0/0,0,0,0,2.1,13,0.1,17.1,323.3,1.8,45.5
90,Rod Streater,WR,SFO,0/0,0,0,0,0,0,0,33.2,440,2,55.8
91,Victor Cruz,WR,NYG,0/0,0,0,0,0,0,0,16.1,226.6,1.3,30
92,Tyrell Williams,WR,SDG,0/0,0,0,0,0,0,0,25.8,335.5,2.4,47.1
93,Quincy Enunwa,WR,NYJ,0/0,0,0,0,0,0,0,32.8,396.2,3.1,57.4
94,Justin Hardy,WR,ATL,0/0,0,0,0,0,0,0,31.2,295.4,1.8,39.4
95,Eddie Royal,WR,CHI,0/0,0,0,0,2.2,14,0.1,37.4,399.8,2.3,54.2
96,Adam Humphries,WR,TAM,0/0,0,0,0,0,0,0,29.6,272,2.2,42.8
97,Albert Wilson,WR,KAN,0/0,0,0,0,3.8,24,0.2,26.5,329.3,1.6,44.6
98,Cole Beasley,WR,DAL,0/0,0,0,0,0,0,0,47.4,478.2,2.8,63
99,Andre Johnson,WR,TEN,0/0,0,0,0,0,0,0,19.5,246.9,1.7,33.8
100,Pharoh Cooper,WR,LAR,0/0,0,0,0,3.7,23.1,0.1,24.7,292.7,0.9,37.5
101,Leonte Carroo,WR,MIA,0/0,0,0,0,0,0,0,16,227.8,1.2,29.2
102,Rashad Greene,WR,JAC,0/0,0,0,0,0,0,0,19.2,163.9,1.4,29.4
103,Danny Amendola,WR,NWE,0/0,0,0,0,2,12.1,0.1,10.5,135.3,1,21
104,Jerricho Cotchery,WR,CAR,0/0,0,0,0,0,0,0,0,0,0,0
105,Wes Welker,WR,LAR,0/0,0,0,0,0,0,0,0,0,0,0
106,Roddy White,WR,ATL,0/0,0,0,0,0,0,0,0,0,0,0
107,Joshua Cribbs,WR,IND,0/0,0,0,0,0,0,0,0,0,0,0
108,Nate Washington,WR,NWE,0/0,0,0,0,0,0,0,0,0,0,0
109,Lance Moore,WR,ATL,0/0,0,0,0,0,0,0,0,0,0,0
110,Greg Jennings,WR,MIA,0/0,0,0,0,0,0,0,0,0,0,0
111,Devin Hester,WR,BAL,0/0,0,0,0,0,0,0,0,0,0,1.5
112,Derek Hagan,WR,TEN,0/0,0,0,0,0,0,0,0,0,0,0
113,Jason Avant,WR,KAN,0/0,0,0,0,0,0,0,0,0,0,0
114,Marques Colston,WR,NOR,0/0,0,0,0,0,0,0,0,0,0,0
115,Miles Austin,WR,PHI,0/0,0,0,0,0,0,0,0,0,0,0
116,Calvin Johnson,WR,DET,0/0,0,0,0,0,0,0,0,0,0,0
117,Dwayne Bowe,WR,CLE,0/0,0,0,0,0,0,0,0,0,0,0
118,Jacoby Jones,WR,PIT,0/0,0,0,0,0,0,0,0,0,0,0
119,James Jones,WR,SDG,0/0,0,0,0,0,0,0,0,0,0,0
120,Eric Weems,WR,ATL,0/0,0,0,0,0,0,0,1.9,23.3,0.1,4.2
121,Jerome Simpson,WR,SFO,0/0,0,0,0,0,0,0,0,0,0,0
122,Harry Douglas,WR,TEN,0/0,0,0,0,0,0,0,2.6,35.1,0.2,5.9
123,Andre Jerome Caldwell,WR,DET,0/0,0,0,0,0,0,0,0,0,0,0
124,Matthew Slater,WR,NWE,0/0,0,0,0,0,0,0,0,0,0,0
125,Stevie Johnson,WR,SDG,0/0,0,0,0,0,0,0,0,0,0,0
126,Brandon Gibson,WR,NWE,0/0,0,0,0,0,0,0,0,0,0,0
127,Brian Hartline,WR,CLE,0/0,0,0,0,0,0,0,0,0,0,0
128,Percy Harvin,WR,BUF,0/0,0,0,0,0,0,0,0,0,0,0
129,Darrius Heyward-Bey,WR,PIT,0/0,0,0,0,0,0,0,7.2,93.2,0.7,13.2
130,Louis Murphy,WR,TAM,0/0,0,0,0,0,0,0,2.1,26.6,0.2,3.1
131,Hakeem Nicks,WR,NOR,0/0,0,0,0,0,0,0,0,0,0,0
132,Jordan Norwood,WR,DEN,0/0,0,0,0,0,0,0,5.7,72.4,0.4,11.5
133,Kevin Ogletree,WR,NYG,0/0,0,0,0,0,0,0,0,0,0,0
134,Brandon Tate,WR,CIN,0/0,0,0,0,0,0,0,0,0,0,0
135,Arrelious Benn,WR,JAC,0/0,0,0,0,0,0,0,0,0,0,0
136,Marcus Easley,WR,BUF,0/0,0,0,0,0,0,0,0.6,7.1,0.1,0.3
137,Riley Cooper,WR,PHI,0/0,0,0,0,0,0,0,0,0,0,0
138,Andre Roberts,WR,DET,0/0,0,0,0,0,0,0,10.8,142.9,0.9,20.4
139,Marc Mariani,WR,CHI,0/0,0,0,0,0,0,0,0,0,0,0
140,Kyle Williams,WR,NYJ,0/0,0,0,0,0,0,0,0,0,0,0
141,Mike Williams,WR,KAN,0/0,0,0,0,0,0,0,0,0,0,0
142,Seyi Ajirotutu,WR,PHI,0/0,0,0,0,0,0,0,0,0,0,0
143,Marlon Moore,WR,CLE,0/0,0,0,0,0,0,0,0,0,0,0
144,Bryan Walters,WR,JAC,0/0,0,0,0,0,0,0,1.5,19.3,0.1,1.8
145,Preston Parker,WR,FA,0/0,0,0,0,0,0,0,0,0,0,0
146,Danario Alexander,WR,SDG,0/0,0,0,0,0,0,0,0,0,0,0
147,Andrew Hawkins,WR,CLE,0/0,0,0,0,1.9,11.8,0,18.7,211.8,0.8,27.2
148,Leonard Hankerson,WR,BUF,0/0,0,0,0,0,0,0,0,0,0,0
149,Greg Little,WR,BUF,0/0,0,0,0,0,0,0,0,0,0,0
150,Vincent Brown,WR,NOR,0/0,0,0,0,0,0,0,0,0,0,0
151,Dwayne Harris,WR,NYG,0/0,0,0,0,2,13.1,0.1,9.9,129.7,1,21.9
152,Greg Salas,WR,BUF,0/0,0,0,0,0,0,0,11.3,123.9,1,17.9
153,Jeremy Kerley,WR,SFO,0/0,0,0,0,0,0,0,28.8,330.8,1.3,41.6
154,Denarius Moore,WR,BUF,0/0,0,0,0,0,0,0,0,0,0,0
155,Aldrick Robinson,WR,ATL,0/0,0,0,0,0,0,0,7.4,93.2,0.5,11.9
156,Cecil Shorts III,WR,HOU,0/0,0,0,0,0,0,0,0,0,0,0
157,Ricardo Lockette,WR,SEA,0/0,0,0,0,0,0,0,0,0,0,0
158,Andre Holmes,WR,OAK,0/0,0,0,0,0,0,0,6.3,80.2,0.6,11.9
159,Joe Morgan,WR,BAL,0/0,0,0,0,0,0,0,0,0,0,0
160,Jeremy Ross,WR,NYJ,0/0,0,0,0,0,0,0,0,0,0,0
161,Justin Blackmon,WR,JAC,0/0,0,0,0,0,0,0,0,0,0,0
162,Stephen Hill,WR,CAR,0/0,0,0,0,0,0,0,0,0,0,0
163,Rueben Randle,WR,PHI,0/0,0,0,0,0,0,0,0,0,0,0
164,Brian Quick,WR,LAR,0/0,0,0,0,0,0,0,16.5,241.8,1.3,32
165,Keshawn Martin,WR,NWE,0/0,0,0,0,0,0,0,0,0,0,0
166,Jarius Wright,WR,MIN,0/0,0,0,0,0,0,0,19.2,251.2,1,31.1
167,T.J. Graham,WR,PHI,0/0,0,0,0,0,0,0,0,0,0,0
168,Nick Toon,WR,LAR,0/0,0,0,0,0,0,0,0,0,0,0
169,DeVier Posey,WR,DEN,0/0,0,0,0,0,0,0,0,0,0,0
170,LaVon Brazill,WR,IND,0/0,0,0,0,0,0,0,0,0,0,0
171,Chris Givens,WR,PHI,0/0,0,0,0,0,0,0,0,0,0,0
172,Kashif Moore,WR,KAN,0/0,0,0,0,0,0,0,0,0,0,0
173,Nathan Palmer,WR,OAK,0/0,0,0,0,0,0,0,0,0,0,0
174,Chris Owusu,WR,NYJ,0/0,0,0,0,0,0,0,0,0,0,0
175,Brian Tyms,WR,IND,0/0,0,0,0,0,0,0,0,0,0,0
176,Jeff Fuller,WR,SEA,0/0,0,0,0,0,0,0,0,0,0,0
177,Jarrett Boykin,WR,BUF,0/0,0,0,0,0,0,0,0,0,0,0
178,Griff Whalen,WR,MIA,0/0,0,0,0,0,0,0,0,0,0,0
179,Deonte Thompson,WR,CHI,0/0,0,0,0,0,0,0,2.3,29.6,0.2,5.9
180,LaRon Byrd,WR,CAR,0/0,0,0,0,0,0,0,0,0,0,0
181,Joshua Bellamy,WR,CHI,0/0,0,0,0,0,0,0,2.3,29.6,0.2,3
182,Brittan Golden,WR,ARI,0/0,0,0,0,0,0,0,0,0,0,0
183,Damaris Johnson,WR,TEN,0/0,0,0,0,0,0,0,0,0,0,0
184,Cordarrelle Patterson,WR,MIN,0/0,0,0,0,4.4,28,0.2,2.9,37.7,0.2,9.9
185,Stedman Bailey,WR,LAR,0/0,0,0,0,0,0,0,0,0,0,0
186,Aaron Dobson,WR,NWE,0/0,0,0,0,0,0,0,0,0,0,0
187,Marquise Goodwin,WR,BUF,0/0,0,0,0,0,0,0,13.4,223.2,1.3,31.1
188,Justin Hunter,WR,MIA,0/0,0,0,0,0,0,0,3.5,43.4,0.3,5.5
189,Brice Butler,WR,DAL,0/0,0,0,0,0,0,0,12.2,159.9,1.2,22.3
190,B.J. Daniels,WR,CHI,0/0,0,0,0,0,0,0,0,0,0,0
191,Tavarres King,WR,NYG,0/0,0,0,0,0,0,0,17.9,237.2,1.5,32
192,Cobi Hamilton,WR,PIT,0/0,0,0,0,0,0,0,0,0,0,0
193,Josh Boyce,WR,CLE,0/0,0,0,0,0,0,0,0,0,0,0
194,Chris Harper,WR,NYG,0/0,0,0,0,0,0,0,0,0,0,0
195,Corey Fuller,WR,DET,0/0,0,0,0,0,0,0,0,0,0,0
196,Marquess Wilson,WR,CHI,0/0,0,0,0,0,0,0,3.1,40,0.2,4.3
197,Da'Rick Rogers,WR,KAN,0/0,0,0,0,0,0,0,0,0,0,0
198,Jaron Brown,WR,ARI,0/0,0,0,0,0,0,0,3.3,41.6,0.3,6
199,Russell Shepard,WR,TAM,0/0,0,0,0,0,0,0,5.6,68.6,0.5,9.5
200,Ryan Spadola,WR,DET,0/0,0,0,0,0,0,0,0,0,0,0
201,Nick Williams,WR,ATL,0/0,0,0,0,0,0,0,0,0,0,0
202,Rodney Smith,WR,DAL,0/0,0,0,0,0,0,0,0,0,0,0
203,Kenbrell Thompkins,WR,NYJ,0/0,0,0,0,0,0,0,0,0,0,0
204,Myles White,WR,NYG,0/0,0,0,0,0,0,0,0,0,0,0
205,Marlon Brown,WR,BAL,0/0,0,0,0,0,0,0,0,0,0,0
206,Josh Huff,WR,PHI,0/0,0,0,0,0,0,0,17,174.8,1.1,25.5
207,Paul Richardson,WR,SEA,0/0,0,0,0,0,0,0,10.7,129.4,1.1,19
208,Cody Latimer,WR,DEN,0/0,0,0,0,2.1,13.5,0.1,15.6,176.5,0.9,23.7
209,Shaq Evans,WR,JAC,0/0,0,0,0,0,0,0,0,0,0,0
210,Jeremy Gallon,WR,NWE,0/0,0,0,0,0,0,0,0,0,0,0
211,Jared Abbrederis,WR,GNB,0/0,0,0,0,4,25.7,0.1,12.1,155.4,1.4,25.7
212,Kevin Norwood,WR,CAR,0/0,0,0,0,0,0,0,0,0,0,0
213,Martavis Bryant,WR,PIT,0/0,0,0,0,0,0,0,0,0,0,0
214,Jalen Saunders,WR,NWE,0/0,0,0,0,0,0,0,0,0,0,0
215,De'Anthony Thomas,WR,KAN,0/0,0,0,0,3.8,24,0.2,2.9,37.5,0.2,8
216,Bruce Ellington,WR,SFO,0/0,0,0,0,0,0,0,0,0,0,0
217,Devin Street,WR,DAL,0/0,0,0,0,0,0,0,0,0,0,0
218,Dontrelle Inman,WR,SDG,0/0,0,0,0,0,0,0,16,203.1,1.4,28.2
219,Jeff Janis,WR,GNB,0/0,0,0,0,0,0,0,3.2,41.7,0.3,6.6
220,Corey Washington,WR,ATL,0/0,0,0,0,0,0,0,0,0,0,0
221,Robert Herron,WR,OAK,0/0,0,0,0,0,0,0,0,0,0,0
222,Brandon Coleman,WR,NOR,0/0,0,0,0,0,0,0,4,50.5,0.3,7.1
223,Michael Campanaro,WR,BAL,0/0,0,0,0,0,0,0,0,0,0,0
224,Brenton Bersin,WR,CAR,0/0,0,0,0,0,0,0,2.9,37.1,0.3,4.6
225,Corey Brown,WR,CAR,0/0,0,0,0,4.7,29.7,0.1,11.3,164.3,1,24.8
226,Taylor Gabriel,WR,ATL,0/0,0,0,0,0,0,0,0,0,0,0.9
227,Adam Thielen,WR,MIN,0/0,0,0,0,2.2,14,0.1,3.3,42.6,0.2,6.7
228,Ryan Grant,WR,WAS,0/0,0,0,0,0,0,0,3.4,44.2,0.3,5.8
229,Frankie Hammond,WR,KAN,0/0,0,0,0,0,0,0,0,0,0,0
230,TJ Jones,WR,DET,0/0,0,0,0,0,0,0,0,0,0,0
231,James Wright,WR,CIN,0/0,0,0,0,0,0,0,2.9,37.7,0.3,4.5
232,Isaiah Burse,WR,SDG,0/0,0,0,0,0,0,0,7.3,91.5,0.6,13.1
233,Jeremy Butler,WR,BAL,0/0,0,0,0,0,0,0,0,0,0,0
234,Damian Copeland,WR,DET,0/0,0,0,0,0,0,0,0,0,0,0
235,Jonathan Krause,WR,TAM,0/0,0,0,0,0,0,0,0,0,0,0
236,Walter Powell,WR,BUF,0/0,0,0,0,0,0,0,3.3,42,0.3,5.8
237,Rashad Ross,WR,WAS,0/0,0,0,0,0,0,0,0,0,0,2
238,Freddie Martino,WR,TAM,0/0,0,0,0,0,0,0,0,0,0,0
239,Kevin Smith,WR,SEA,0/0,0,0,0,0,0,0,0,0,0,0
240,Andre Debose,WR,IND,0/0,0,0,0,0,0,0,0,0,0,0
241,DiAndre Campbell,WR,SFO,0/0,0,0,0,0,0,0,0,0,0,0
242,Issac Blakeney,WR,PIT,0/0,0,0,0,0,0,0,0,0,0,0
243,Geremy Davis,WR,NYG,0/0,0,0,0,0,0,0,0,0,0,0
244,Da'Ron Brown,WR,KAN,0/0,0,0,0,0,0,0,0,0,0,0
245,Kenny Bell,WR,TAM,0/0,0,0,0,0,0,0,0,0,0,0
246,Dres Anderson,WR,SFO,0/0,0,0,0,0,0,0,0,0,0,0
247,Keith Mumphery,WR,HOU,0/0,0,0,0,0,0,0,3.3,41.4,0.3,6.6
248,DeAndrew White,WR,SFO,0/0,0,0,0,0,0,0,0,0,0,0
249,Kaelin Clay,WR,BAL,0/0,0,0,0,0,0,0,0,0,0,0
250,Tre McBride,WR,TEN,0/0,0,0,0,0,0,0,0,0,0,1.6
251,Dezmin Lewis,WR,BUF,0/0,0,0,0,0,0,0,0,0,0,0
252,Quan Bray,WR,IND,0/0,0,0,0,0,0,0,13.2,171,1.4,27.6
253,Devin Smith,WR,NYJ,0/0,0,0,0,0,0,0,8.3,138.1,0.9,18.5
254,Evan Spencer,WR,TAM,0/0,0,0,0,0,0,0,0,0,0,0
255,Ty Montgomery,WR,GNB,0/0,0,0,0,0,0,0,6.4,83.3,0.7,12.4
256,Vince Mayle,WR,DAL,0/0,0,0,0,0,0,0,0,0,0,0
257,Mario Alford,WR,CIN,0/0,0,0,0,0,0,0,0,0,0,0
258,DeAndre Smelter,WR,SFO,0/0,0,0,0,0,0,0,0,0,0,0
259,Duron Carter,WR,IND,0/0,0,0,0,0,0,0,0,0,0,0
260,Antwan Goodley,WR,SEA,0/0,0,0,0,0,0,0,0,0,0,0
261,Chris Matthews,WR,BAL,0/0,0,0,0,0,0,0,0,0,0,0
262,Seantavius Jones,WR,KAN,0/0,0,0,0,0,0,0,0,0,0,0
263,Cameron Meredith,WR,CHI,0/0,0,0,0,0,0,0,1.6,19.6,0.1,1.7
264,Bennie Fowler,WR,DEN,0/0,0,0,0,0,0,0,17.3,195.1,1.3,26.7
265,Lucky Whitehead,WR,DAL,0/0,0,0,0,17.3,73,0.5,6.2,79.4,0.6,22
266,Matt Hazel,WR,MIA,0/0,0,0,0,0,0,0,0,0,0,0
267,Chris Harper,WR,NWE,0/0,0,0,0,0,0,0,0,0,0,0
268,Tyler Murphy,WR,MIA,0/0,0,0,0,0,0,0,0,0,0,0
269,Bradley Marquez,WR,LAR,0/0,0,0,0,0,0,0,8.6,89.7,0.4,10.5
270,Donteea Dye,WR,TAM,0/0,0,0,0,0,0,0,0,0,0,0
271,Javontee Herndon,WR,SDG,0/0,0,0,0,0,0,0,0,0,0,0
272,Daniel Brown,WR,BAL,0/0,0,0,0,0,0,0,0,0,0,0
273,Eric Rogers,WR,SFO,0/0,0,0,0,0,0,0,0,0,0,0
274,Chris Moore,WR,BAL,0/0,0,0,0,0,0,0,8.4,106.7,0.6,14.8
275,Ricardo Louis,WR,CLE,0/0,0,0,0,0,0,0,3,38.1,0.2,4.2
276,Demarcus Robinson,WR,KAN,0/0,0,0,0,0,0,0,5.9,75,0.4,9.4
277,Jordan Payton,WR,CLE,0/0,0,0,0,0,0,0,0.8,9.8,0.1,0.3
278,Trevor Davis,WR,GNB,0/0,0,0,0,0,0,0,6.4,83.3,0.7,12.3
279,Tyreek Hill,WR,KAN,0/0,0,0,0,0,0,0,2.9,37.5,0.2,7
280,Rashard Higgins,WR,CLE,0/0,0,0,0,0,0,0,9.1,115.2,0.6,14.7
281,Moritz Bohringer,WR,MIN,0/0,0,0,0,0,0,0,0,0,0,0
282,Keenan Reynolds,WR,BAL,0/0,0,0,0,0,0,0,0,0,0,0
283,Jakeem Grant,WR,MIA,0/0,0,0,0,0,0,0,5,62.6,0.4,10.8
284,Kolby Listenbee,WR,BUF,0/0,0,0,0,0,0,0,1.1,14.1,0.1,1.6
285,Cody Core,WR,CIN,0/0,0,0,0,0,0,0,1.8,23.4,0.2,2.9
286,Michael Thomas,WR,LAR,0/0,0,0,0,0,0,0,0,0,0,0.2
287,Aaron Burbridge,WR,SFO,0/0,0,0,0,0,0,0,16.6,216.8,1,26.9
288,Devin Lucien,WR,NWE,0/0,0,0,0,0,0,0,0,0,0,0
289,Demarcus Ayers,WR,PIT,0/0,0,0,0,0,0,0,0,0,0,0
290,Daniel Braverman,WR,CHI,0/0,0,0,0,0,0,0,0,0,0,0
291,Devin Lewis Fuller,WR,ATL,0/0,0,0,0,0,0,0,0,0,0,0
292,Charone Peake,WR,NYJ,0/0,0,0,0,0,0,0,0,0,0,0
293,Kenny Lawler,WR,SEA,0/0,0,0,0,0,0,0,0,0,0,0
294,Max McCaffrey,WR,OAK,0/0,0,0,0,0,0,0,0,0,0,0
295,Kasen Williams,WR,SEA,0/0,0,0,0,0,0,0,0,0,0,0
296,Reggie Bell,WR,NOR,0/0,0,0,0,0,0,0,0,0,0,0
297,Jake Kumerow,WR,CIN,0/0,0,0,0,0,0,0,0,0,0,0
298,Marquez North,WR,LAR,0/0,0,0,0,0,0,0,0,0,0,0
299,Andy Jones,WR,DAL,0/0,0,0,0,0,0,0,0,0,0,0
300,Roger Lewis,WR,NYG,0/0,0,0,0,0,0,0,4.6,59.7,0.4,7.6
301,Xavier Rush,WR,PHI,0/0,0,0,0,0,0,0,0,0,0,0
302,Dom Williams,WR,SDG,0/0,0,0,0,0,0,0,0,0,0,0
303,Damiere Byrd,WR,CAR,0/0,0,0,0,0,0,0,2.9,37.1,0.3,4.6
304,R.J. Harris,WR,NOR,0/0,0,0,0,0,0,0,0,0,0,0
305,Jordan Taylor,WR,DEN,0/0,0,0,0,0,0,0,0,0,0,0
306,Bernard Reedy,WR,TAM,0/0,0,0,0,0,0,0,0,0,0,0
307,Paul McRoberts,WR,LAR,0/0,0,0,0,0,0,0,0,0,0,0
308,Wendall Williams,WR,HOU,0/0,0,0,0,0,0,0,0,0,0,0
309,Anthony Dable,WR,NYG,0/0,0,0,0,0,0,0,0,0,0,0
310,Darius Jennings,WR,CLE,0/0,0,0,0,0,0,0,0,0,0,0
311,Alex Erickson,WR,CIN,0/0,0,0,0,0,0,0,0,0,0,2.2
312,Devon Cajuste,WR,SFO,0/0,0,0,0,0,0,0,0,0,0,0
313,Mitch Mathews,WR,KAN,0/0,0,0,0,0,0,0,0,0,0,0
314,Keyarris Garrett,WR,CAR,0/0,0,0,0,0,0,0,0,0,0,0
315,Jalin Marshall,WR,NYJ,0/0,0,0,0,0,0,0,7.9,100.3,0.7,16.6
1,Rob Gronkowski,TE,NWE,0/0,0,0,0,0,0,0,77.9,1138.3,9.3,169.4
2,Jordan Reed,TE,WAS,0/0,0,0,0,0,0,0,90.1,932.6,8.5,142.3
3,Greg Olsen,TE,CAR,0/0,0,0,0,0,0,0,75.6,961.3,6.4,134.3
4,Delanie Walker,TE,TEN,0/0,0,0,0,0,0,0,70,861.7,5.9,121.7
5,Travis Kelce,TE,KAN,0/0,0,0,0,0,0,0,80.7,880.2,5,116.3
6,Coby Fleener,TE,NOR,0/0,0,0,0,0,0,0,69.7,804.1,6.7,120.5
7,Tyler Eifert,TE,CIN,0/0,0,0,0,0,0,0,50,572,4.9,86.5
8,Gary Barnidge,TE,CLE,0/0,0,0,0,0,0,0,66.6,841.1,5.5,116.5
9,Zach Ertz,TE,PHI,0/0,0,0,0,0,0,0,66.1,795.8,5.1,109
10,Antonio Gates,TE,SDG,0/0,0,0,0,0,0,0,60.8,705.2,5.9,105.5
11,Julius Thomas,TE,JAC,0/0,0,0,0,0,0,0,62.5,668.9,6.5,104.9
12,Zach Miller,TE,CHI,0/0,0,0,0,0,0,0,64,695.1,4.5,95.6
13,Martellus Bennett,TE,NWE,0/0,0,0,0,0,0,0,57.2,562.6,5.7,89.3
14,Jimmy Graham,TE,SEA,0/0,0,0,0,0,0,0,48.4,588.8,6.5,97
15,Eric Ebron,TE,DET,0/0,0,0,0,0,0,0,58.6,643.1,4.5,90.8
16,Jason Witten,TE,DAL,0/0,0,0,0,0,0,0,71.6,755.5,5.1,105.3
17,Dwayne Allen,TE,IND,0/0,0,0,0,0,0,0,50.5,554.5,5.3,86.4
18,Charles Clay,TE,BUF,0/0,0,0,0,0,0,0,57.5,615.8,4.4,87.3
19,Clive Walford,TE,OAK,0/0,0,0,0,0,0,0,50,551.7,5.9,90.1
20,Jared Cook,TE,GNB,0/0,0,0,0,0,0,0,47.9,595.2,5.2,90.1
21,Austin Seferian-Jenkins,TE,TAM,0/0,0,0,0,0,0,0,35.1,438.1,3.5,63.9
22,Jordan Cameron,TE,MIA,0/0,0,0,0,0,0,0,45.2,546.9,3.9,77.2
23,Kyle Rudolph,TE,MIN,0/0,0,0,0,0,0,0,50.2,525.1,4,76.3
24,Jesse James,TE,PIT,0/0,0,0,0,0,0,0,25.1,263.5,2.6,41.9
25,Virgil Green,TE,DEN,0/0,0,0,0,0,0,0,45.7,401.3,3.1,58.7
26,Vance McDonald,TE,SFO,0/0,0,0,0,0,0,0,41.8,491.7,3,66.6
27,Crockett Gillmore,TE,BAL,0/0,0,0,0,0,0,0,35.1,367.2,2.7,51.9
28,Larry Donnell,TE,NYG,0/0,0,0,0,0,0,0,36.9,380.2,4.2,63
29,Will Tye,TE,NYG,0/0,0,0,0,0,0,0,31.7,324.3,3.2,51.2
30,Maxx Williams,TE,BAL,0/0,0,0,0,0,0,0,36.1,334.6,2.7,49
31,Ladarius Green,TE,PIT,0/0,0,0,0,0,0,0,25.9,336.4,2.6,49.2
32,Jacob Tamme,TE,ATL,0/0,0,0,0,0,0,0,42.9,437,2.4,57.4
33,Cameron Brate,TE,TAM,0/0,0,0,0,0,0,0,25.2,281.6,2.4,42.1
34,Tyler Higbee,TE,LAR,0/0,0,0,0,0,0,0,26.7,314.7,1.7,40.9
35,Austin Hooper,TE,ATL,0/0,0,0,0,0,0,0,28,304.4,2.1,42.5
36,Lance Kendricks,TE,LAR,0/0,0,0,0,0,0,0,28.3,292.7,1.5,38.1
37,Darren Fells,TE,ARI,0/0,0,0,0,0,0,0,21.5,236.8,2.6,38.6
38,Hunter Henry,TE,SDG,0/0,0,0,0,0,0,0,24.6,264.1,2.2,38.9
39,Kellen Winslow,TE,NYJ,0/0,0,0,0,0,0,0,0,0,0,0
40,Benjamin Watson,TE,BAL,0/0,0,0,0,0,0,0,0,0,0,0
41,Alex Smith,TE,WAS,0/0,0,0,0,0,0,0,0,0,0,0
42,Vernon Davis,TE,WAS,0/0,0,0,0,0,0,0,11.5,126.5,1.1,18.7
43,Marcedes Lewis,TE,JAC,0/0,0,0,0,0,0,0,12.7,154.2,1.5,23.9
44,Anthony Fasano,TE,TEN,0/0,0,0,0,0,0,0,15,165.3,1.7,26.6
45,Owen Daniels,TE,DEN,0/0,0,0,0,0,0,0,0,0,0,0
46,Daniel Fells,TE,NYG,0/0,0,0,0,0,0,0,0,0,0,0
47,Matt Spaeth,TE,PIT,0/0,0,0,0,0,0,0,0,0,0,0
48,Scott Chandler,TE,NWE,0/0,0,0,0,0,0,0,0,0,0,0
49,Brent Celek,TE,PHI,0/0,0,0,0,0,0,0,17.3,221.6,1.4,30
50,Clark Harris,TE,CIN,0/0,0,0,0,0,0,0,0,0,0,0
51,Fred Davis,TE,WAS,0/0,0,0,0,0,0,0,0,0,0,0
52,Craig Stevens,TE,TEN,0/0,0,0,0,0,0,0,0,0,0,0
53,Kellen Davis,TE,NYJ,0/0,0,0,0,0,0,0,12.6,148.2,1.7,23.9
54,Matthew Mulligan,TE,DET,0/0,0,0,0,0,0,0,0,0,0,0
55,David Johnson,TE,PIT,0/0,0,0,0,0,0,0,3.8,41.5,0.4,6.4
56,James Casey,TE,DEN,0/0,0,0,0,0,0,0,0,0,0,0
57,Chase Coffman,TE,IND,0/0,0,0,0,0,0,0,0,0,0,0
58,Bear Pascoe,TE,NWE,0/0,0,0,0,0,0,0,0,0,0,0
59,Brandon Pettigrew,TE,DET,0/0,0,0,0,0,0,0,9.1,101.3,0.8,14.8
60,John Phillips,TE,DEN,0/0,0,0,0,0,0,0,3.2,34.9,0.3,4.5
61,Brandon Myers,TE,TAM,0/0,0,0,0,0,0,0,1.7,18.3,0.2,2
62,Jermaine Gresham,TE,ARI,0/0,0,0,0,0,0,0,20.3,192.4,1.9,29.6
63,Dennis Pitta,TE,BAL,0/0,0,0,0,0,0,0,3.9,41.9,0.3,5.9
64,Ed Dickson,TE,CAR,0/0,0,0,0,0,0,0,13,141.5,1.1,20.6
65,Tony Moeaki,TE,CHI,0/0,0,0,0,0,0,0,0,0,0,0
66,Jim Dray,TE,BUF,0/0,0,0,0,0,0,0,5.8,62.5,0.6,9.4
67,Garrett Graham,TE,DEN,0/0,0,0,0,0,0,0,0,0,0,0
68,Clay Harbor,TE,NWE,0/0,0,0,0,0,0,0,2,21.5,0.2,3.2
69,Michael Hoomanawanui,TE,NOR,0/0,0,0,0,0,0,0,0,0,0,0
70,Anthony McCoy,TE,SEA,0/0,0,0,0,0,0,0,0,0,0,0
71,Andrew Quarless,TE,DET,0/0,0,0,0,0,0,0,1,11.5,0.1,1.5
72,Richie Brockel,TE,CAR,0/0,0,0,0,0,0,0,0,0,0,0
73,Jeff Cumberland,TE,SDG,0/0,0,0,0,0,0,0,0,0,0,0
74,Logan Paulsen,TE,CHI,0/0,0,0,0,0,0,0,0,0,0,0
75,Rob Housler,TE,CHI,0/0,0,0,0,0,0,0,0,0,0,0
76,Bruce Miller,TE,SFO,0/0,0,0,0,0,0,0,11,118.7,0.8,15.3
77,Luke Stocker,TE,TAM,0/0,0,0,0,0,0,0,3.5,36.6,0.3,4.9
78,David Ausberry,TE,DET,0/0,0,0,0,0,0,0,0,0,0,0
79,Niles Paul,TE,WAS,0/0,0,0,0,0,0,0,15.3,185.9,1.3,26
80,D.J. Williams,TE,WAS,0/0,0,0,0,0,0,0,0,0,0,0
81,Lee Smith,TE,OAK,0/0,0,0,0,0,0,0,7.1,76.8,0.8,11.9
82,Orson Charles,TE,DET,0/0,0,0,0,0,0,0,0,0,0,0
83,James Hanna,TE,DAL,0/0,0,0,0,0,0,0,5.8,64.2,0.6,9.6
84,Rhett Ellison,TE,MIN,0/0,0,0,0,0,0,0,6.7,74.2,0.5,10
85,Garrett Celek,TE,SFO,0/0,0,0,0,0,0,0,25.3,263.1,1.7,36.1
86,Phillip Supernaw,TE,TEN,0/0,0,0,0,0,0,0,3,33.5,0.3,4.7
87,Dominique Jones,TE,MIA,0/0,0,0,0,0,0,0,0,0,0,0
88,Derek Carrier,TE,WAS,0/0,0,0,0,0,0,0,0,0,0,0
89,Sean McGrath,TE,SDG,0/0,0,0,0,0,0,0,4,43.4,0.4,6.2
90,Chase Ford,TE,BAL,0/0,0,0,0,0,0,0,0,0,0,0
91,Cooper Helfet,TE,SEA,0/0,0,0,0,0,0,0,0,0,0,0
92,Brandon Bostick,TE,NYJ,0/0,0,0,0,0,0,0,7.3,79.2,0.7,11
93,Ifeanyi Momah,TE,ARI,0/0,0,0,0,0,0,0,0,0,0,0
94,Gavin Escobar,TE,DAL,0/0,0,0,0,0,0,0,6.7,73.6,0.7,11.1
95,Ryan Griffin,TE,HOU,0/0,0,0,0,0,0,0,17.4,204.4,1.5,29.2
96,Michael Williams,TE,NWE,0/0,0,0,0,0,0,0,0,0,0,0
97,Mychal Rivera,TE,OAK,0/0,0,0,0,0,0,0,17.8,181.7,1.8,28.4
98,Chris Gragg,TE,BUF,0/0,0,0,0,0,0,0,0,0,0,0
99,Dion Sims,TE,MIA,0/0,0,0,0,0,0,0,15.7,156.4,1.3,22.4
100,Levine Toilolo,TE,ATL,0/0,0,0,0,0,0,0,2.1,22.1,0.2,2.9
101,Justice Cunningham,TE,LAR,0/0,0,0,0,0,0,0,0,0,0,0
102,Luke Willson,TE,SEA,0/0,0,0,0,0,0,0,12,151.1,1.2,22.3
103,Josh Hill,TE,NOR,0/0,0,0,0,0,0,0,31.8,309.5,2.8,46.8
104,Chris Pantale,TE,PHI,0/0,0,0,0,0,0,0,0,0,0,0
105,Timothy Wright,TE,DET,0/0,0,0,0,0,0,0,0,0,0,0
106,Brandon Williams,TE,SEA,0/0,0,0,0,0,0,0,0,0,0,0
107,MarQueis Gray,TE,MIA,0/0,0,0,0,0,0,0,3.9,41.4,0.3,5.9
108,Zach Sudfeld,TE,NYJ,0/0,0,0,0,0,0,0,0,0,0,0
109,Jake Stoneburner,TE,LAR,0/0,0,0,0,0,0,0,0,0,0,0
110,Jack Doyle,TE,IND,0/0,0,0,0,0,0,0,17.4,117.7,1.7,21.4
111,C.J. Fiedorowicz,TE,HOU,0/0,0,0,0,0,0,0,22.9,206.6,1.9,31.4
112,Richard Rodgers,TE,GNB,0/0,0,0,0,0,0,0,18.8,188,2,30.2
113,Jace Amaro,TE,TEN,0/0,0,0,0,0,0,0,0,0,0,0
114,Troy Niklas,TE,ARI,0/0,0,0,0,0,0,0,3.7,39.7,0.4,5.5
115,Brian Leonhardt,TE,MIN,0/0,0,0,0,0,0,0,0,0,0,0
116,Demetrius Harris,TE,KAN,0/0,0,0,0,0,0,0,9.8,106.7,0.7,14.5
117,Trey Burton,TE,PHI,0/0,0,0,0,0,0,0,14,156.9,1.1,21.7
118,Marcel Jensen,TE,WAS,0/0,0,0,0,0,0,0,0,0,0,0
119,Asante Cleveland,TE,SDG,0/0,0,0,0,0,0,0,0,0,0,0
120,Nic Jacobs,TE,JAC,0/0,0,0,0,0,0,0,0,0,0,0
121,Blake Annen,TE,BUF,0/0,0,0,0,0,0,0,0,0,0,0
122,RaShaun Allen,TE,NOR,0/0,0,0,0,0,0,0,0,0,0,0
123,Justin Perillo,TE,GNB,0/0,0,0,0,0,0,0,3.6,39.7,0.4,5.6
124,James O'Shaughnessy,TE,KAN,0/0,0,0,0,0,0,0,0,0,0,0
125,MyCole Pruitt,TE,MIN,0/0,0,0,0,0,0,0,18.6,204.8,1.4,28.1
126,Randall Telfer,TE,CLE,0/0,0,0,0,0,0,0,1.7,18.1,0.1,1.8
127,Gerald Christian,TE,ARI,0/0,0,0,0,0,0,0,0,0,0,0
128,Neal Sterling,TE,JAC,0/0,0,0,0,0,0,0,0,0,0,0
129,Blake Bell,TE,SFO,0/0,0,0,0,0,0,0,3.7,39.6,0.3,4.5
130,Chris Manhertz,TE,NOR,0/0,0,0,0,0,0,0,4.4,47.8,0.4,6.6
131,C.J. Uzomah,TE,CIN,0/0,0,0,0,0,0,0,6.1,65.9,0.6,9.5
132,Nick Boyle,TE,BAL,0/0,0,0,0,0,0,0,0,0,0,0
133,Jeff Heuerman,TE,DEN,0/0,0,0,0,0,0,0,16.4,177.5,1.3,24.5
134,Nick O'Leary,TE,BUF,0/0,0,0,0,0,0,0,2.9,31.3,0.3,4.7
135,Darren Waller,TE,BAL,0/0,0,0,0,0,0,0,0,0,0,0
136,Busta Anderson,TE,SFO,0/0,0,0,0,0,0,0,0,0,0,0
137,Ben Koyack,TE,JAC,0/0,0,0,0,0,0,0,3.4,37.2,0.3,5.1
138,Kennard Backman,TE,GNB,0/0,0,0,0,0,0,0,0,0,0,0
139,Tyler Kroft,TE,CIN,0/0,0,0,0,0,0,0,19.9,216.6,1.9,32.3
140,AJ Derby,TE,NWE,0/0,0,0,0,0,0,0,2,21.5,0.2,3.2
141,Geoff Swaim,TE,DAL,0/0,0,0,0,0,0,0,0,0,0,0
142,E.J. Bibbs,TE,CLE,0/0,0,0,0,0,0,0,0,0,0,0
143,Khari Lee,TE,CHI,0/0,0,0,0,0,0,0,10.4,113.3,0.8,16
144,Jerome Cunningham,TE,TEN,0/0,0,0,0,0,0,0,0,0,0,0
145,Wes Saxton,TE,NYJ,0/0,0,0,0,0,0,0,0,0,0,0
146,Nick Vannett,TE,SEA,0/0,0,0,0,0,0,0,6.2,68.2,0.8,10.6
147,Seth DeValve,TE,CLE,0/0,0,0,0,0,0,0,3.4,36.3,0.3,4.5
148,Temarrick Hemingway,TE,LAR,0/0,0,0,0,0,0,0,3,33.5,0.2,4.1
149,Jerell Adams,TE,NYG,0/0,0,0,0,0,0,0,7.6,85.8,0.8,13
150,David Morgan II,TE,MIN,0/0,0,0,0,0,0,0,0,0,0,0
151,Dan Vitale,TE,BUF,0/0,0,0,0,0,0,0,0,0,0,0
152,Rico Darnell Gathers,TE,DAL,0/0,0,0,0,0,0,0,0,0,0,0
153,Thomas Duarte,TE,MIA,0/0,0,0,0,0,0,0,0,0,0,0
154,Beau Sandland,TE,CAR,0/0,0,0,0,0,0,0,0,0,0,0
155,Ben Braunecker,TE,CHI,0/0,0,0,0,0,0,0,0,0,0,0
156,Cole Wick,TE,DET,0/0,0,0,0,0,0,0,6.1,68.7,0.6,9.3
157,Stephen Anderson,TE,HOU,0/0,0,0,0,0,0,0,14.8,160.5,1.3,23.5
158,Matt LaCosse,TE,NYG,0/0,0,0,0,0,0,0,0,0,0,0
159,Erik Swoope,TE,IND,0/0,0,0,0,0,0,0,15.4,168.9,1.8,26.5
160,Anthony Denham,TE,HOU,0/0,0,0,0,0,0,0,0,0,0,0
161,Bryce Williams,TE,NWE,0/0,0,0,0,0,0,0,0,0,0,0
1,Seahawks,DST,SEA,0/0,0,0,0,0,0,0,0,0,0,117.1
2,Broncos,DST,DEN,0/0,0,0,0,0,0,0,0,0,0,141.6
3,Panthers,DST,CAR,0/0,0,0,0,0,0,0,0,0,0,122.8
4,Bengals,DST,CIN,0/0,0,0,0,0,0,0,0,0,0,123.5
5,Texans,DST,HOU,0/0,0,0,0,0,0,0,0,0,0,113.5
6,Chiefs,DST,KAN,0/0,0,0,0,0,0,0,0,0,0,111.8
7,Cardinals,DST,ARI,0/0,0,0,0,0,0,0,0,0,0,119.9
8,Packers,DST,GNB,0/0,0,0,0,0,0,0,0,0,0,120.8
9,Raiders,DST,OAK,0/0,0,0,0,0,0,0,0,0,0,112
10,Patriots,DST,NWE,0/0,0,0,0,0,0,0,0,0,0,91.8
11,Vikings,DST,MIN,0/0,0,0,0,0,0,0,0,0,0,96
12,Jets,DST,NYJ,0/0,0,0,0,0,0,0,0,0,0,116.5
13,Bills,DST,BUF,0/0,0,0,0,0,0,0,0,0,0,115.1
14,Rams,DST,LAR,0/0,0,0,0,0,0,0,0,0,0,112.1
15,Colts,DST,IND,0/0,0,0,0,0,0,0,0,0,0,88.4
16,Jaguars,DST,JAC,0/0,0,0,0,0,0,0,0,0,0,92.6
17,Ravens,DST,BAL,0/0,0,0,0,0,0,0,0,0,0,102.2
18,Steelers,DST,PIT,0/0,0,0,0,0,0,0,0,0,0,92.5
19,Eagles,DST,PHI,0/0,0,0,0,0,0,0,0,0,0,87.5
20,Buccaneers,DST,TAM,0/0,0,0,0,0,0,0,0,0,0,103.2
21,Bears,DST,CHI,0/0,0,0,0,0,0,0,0,0,0,87.6
22,Lions,DST,DET,0/0,0,0,0,0,0,0,0,0,0,94.7
23,Redskins,DST,WAS,0/0,0,0,0,0,0,0,0,0,0,82.3
24,Giants,DST,NYG,0/0,0,0,0,0,0,0,0,0,0,88.4
25,Titans,DST,TEN,0/0,0,0,0,0,0,0,0,0,0,82.5
26,Falcons,DST,ATL,0/0,0,0,0,0,0,0,0,0,0,90.3
27,Chargers,DST,SDG,0/0,0,0,0,0,0,0,0,0,0,85.6
28,Dolphins,DST,MIA,0/0,0,0,0,0,0,0,0,0,0,81.8
29,49ers,DST,SFO,0/0,0,0,0,0,0,0,0,0,0,75.8
30,Cowboys,DST,DAL,0/0,0,0,0,0,0,0,0,0,0,71.8
31,Browns,DST,CLE,0/0,0,0,0,0,0,0,0,0,0,71
32,Saints,DST,NOR,0/0,0,0,0,0,0,0,0,0,0,87.7
1,Stephen Gostkowski,K,NWE,0/0,0,0,0,0,0,0,0,0,0,147.1
2,Steven Hauschka,K,SEA,0/0,0,0,0,0,0,0,0,0,0,143.1
3,Dan Bailey,K,DAL,0/0,0,0,0,0,0,0,0,0,0,134.7
4,Justin Tucker,K,BAL,0/0,0,0,0,0,0,0,0,0,0,132.8
5,Adam Vinatieri,K,IND,0/0,0,0,0,0,0,0,0,0,0,142.6
6,Mason Crosby,K,GNB,0/0,0,0,0,0,0,0,0,0,0,132.7
7,Graham Gano,K,CAR,0/0,0,0,0,0,0,0,0,0,0,127.4
8,Blair Walsh,K,MIN,0/0,0,0,0,0,0,0,0,0,0,137.7
9,Chandler Catanzaro,K,ARI,0/0,0,0,0,0,0,0,0,0,0,125.6
10,Matt Prater,K,DET,0/0,0,0,0,0,0,0,0,0,0,125.7
11,Roberto Aguayo,K,TAM,0/0,0,0,0,0,0,0,0,0,0,135.8
12,Chris Boswell,K,PIT,0/0,0,0,0,0,0,0,0,0,0,132.6
13,Cairo Santos,K,KAN,0/0,0,0,0,0,0,0,0,0,0,121.1
14,Brandon McManus,K,DEN,0/0,0,0,0,0,0,0,0,0,0,117.5
15,Matt Bryant,K,ATL,0/0,0,0,0,0,0,0,0,0,0,122.1
16,Nick Novak,K,HOU,0/0,0,0,0,0,0,0,0,0,0,122.5
17,Dan Carpenter,K,BUF,0/0,0,0,0,0,0,0,0,0,0,118.8
18,Mike Nugent,K,CIN,0/0,0,0,0,0,0,0,0,0,0,118
19,Dustin Hopkins,K,WAS,0/0,0,0,0,0,0,0,0,0,0,120.2
20,Phil Dawson,K,SFO,0/0,0,0,0,0,0,0,0,0,0,110.6
21,Sebastian Janikowski,K,OAK,0/0,0,0,0,0,0,0,0,0,0,117.3
22,Josh Lambo,K,SDG,0/0,0,0,0,0,0,0,0,0,0,118.3
23,Kai Forbath,K,NOR,0/0,0,0,0,0,0,0,0,0,0,114.5
24,Jason Myers,K,JAC,0/0,0,0,0,0,0,0,0,0,0,123.8
25,Nick Folk,K,NYJ,0/0,0,0,0,0,0,0,0,0,0,117.4
26,Caleb Sturgis,K,PHI,0/0,0,0,0,0,0,0,0,0,0,109.1
27,Andrew Franks,K,MIA,0/0,0,0,0,0,0,0,0,0,0,110
28,Patrick Murray,K,CLE,0/0,0,0,0,0,0,0,0,0,0,110.9
29,Ryan Succop,K,TEN,0/0,0,0,0,0,0,0,0,0,0,109.9
30,Greg Zuerlein,K,LAR,0/0,0,0,0,0,0,0,0,0,0,97.1
31,Josh Brown,K,NYG,0/0,0,0,0,0,0,0,0,0,0,136.5
32,Robbie Gould,K,CHI,0/0,0,0,0,0,0,0,0,0,0,120.8
33,Jay Feely,K,FA,0/0,0,0,0,0,0,0,0,0,0,0
34,Shayne Graham,K,ATL,0/0,0,0,0,0,0,0,0,0,0,0
35,Billy Cundiff,K,CLE,0/0,0,0,0,0,0,0,0,0,0,0
36,Josh Scobee,K,NOR,0/0,0,0,0,0,0,0,0,0,0,0
37,Shaun Suisham,K,PIT,0/0,0,0,0,0,0,0,0,0,0,0
38,Garrett Hartley,K,PIT,0/0,0,0,0,0,0,0,0,0,0,0
39,Connor Barth,K,NOR,0/0,0,0,0,0,0,0,0,0,0,0
40,Alex Henery,K,FA,0/0,0,0,0,0,0,0,0,0,0,0
41,Randy Bullock,K,NYG,0/0,0,0,0,0,0,0,0,0,0,0
42,Brandon Bogotay,K,TAM,0/0,0,0,0,0,0,0,0,0,0,0
43,Zach Hocker,K,CIN,0/0,0,0,0,0,0,0,0,0,0,0
44,Travis Coons,K,CLE,0/0,0,0,0,0,0,0,0,0,0,0
45,Cody Parkey,K,PHI,0/0,0,0,0,0,0,0,0,0,0,0
46,Jordan Gay,K,BUF,--/--,--,--,--,--,--,--,--,--,--,--
47,Kyle Brindza,K,NYJ,0/0,0,0,0,0,0,0,0,0,0,0
