Player,Team,Pos,Opp,GameTime,Cmp_Att,PsYds,PsTD,Int,RsAtt,RsYds,RsTD,Rec,RcYds,RcTD,1_39,40_49,50plus,KTot,XP,TT,Sck,FumF,FumR,Int,IntTD,FumTD,FFPts
Aaron Rodgers,GNB,QB,@Dal,W 35-31,24.2/37.7,283.8,2.3,0.4,3.9,20.0,0.1,0.0,0.0,0.0,,,,,,,,,,0.4,,,22.1
Tom Brady,NWE,QB,@TB,W 19-14,25.5/38.8,309.9,2.1,0.6,2.3,1.8,0.1,0.0,0.0,0.0,,,,,,,,,,0.6,,,20.2
Jameis Winston,TAM,QB,NE,L 14-19,24.1/38.7,301.5,2.0,1.2,3.1,14.0,0.1,0.0,0.0,0.0,,,,,,,,,,1.2,,,19.4
Dak Prescott,DAL,QB,GB,L 31-35,21.4/33.3,263.5,1.8,0.6,3.4,17.1,0.2,0.0,0.0,0.0,,,,,,,,,,0.6,,,19.2
Russell Wilson,SEA,QB,@LAR,W 16-10,19.7/30.8,235.1,1.6,0.6,5.1,24.5,0.1,0.0,0.0,0.0,,,,,,,,,,0.6,,,17.6
Matthew Stafford,DET,QB,Car,L 24-27,23.9/37.2,263.1,1.6,0.6,2.2,7.7,0.1,0.0,0.0,0.0,,,,,,,,,,0.6,,,16.8
Deshaun Watson,HOU,QB,KC,L 34-42,19.6/32.4,232.2,1.5,1.0,5.0,25.5,0.2,0.0,0.0,0.0,,,,,,,,,,1.0,,,16.3
Carson Wentz,PHI,QB,Ari,W 34-7,22.6/36.4,267.5,1.4,0.8,3.2,10.9,0.1,0.0,0.0,0.0,,,,,,,,,,0.8,,,15.9
Cam Newton,CAR,QB,@Det,W 27-24,20/33.7,253.2,1.2,1.2,4.7,20.9,0.2,0.0,0.0,0.0,,,,,,,,,,1.2,,,15.7
Eli Manning,NYG,QB,LAC,L 22-27,21.9/35,248.5,1.7,0.7,1.2,2.0,0.0,0.0,0.0,0.0,,,,,,,,,,0.7,,,15.5
DeShone Kizer,CLE,QB,NYJ,L 14-17,19.1/32.5,219.5,1.2,1.2,5.5,26.0,0.3,0.0,0.0,0.0,,,,,,,,,,1.2,,,15.3
Jacoby Brissett,IND,QB,SF,W 26-23,19.1/32,232.9,1.3,0.7,4.5,19.0,0.2,0.0,0.0,0.0,,,,,,,,,,0.7,,,15.3
Tyrod Taylor,BUF,QB,@Cin,L 16-20,17.8/28.4,195.3,0.9,0.4,6.1,35.1,0.2,0.0,0.0,0.0,,,,,,,,,,0.4,,,15.2
Alex Smith,KAN,QB,@Hou,W 42-34,21.1/32,230.3,1.2,0.3,3.2,15.0,0.1,0.0,0.0,0.0,,,,,,,,,,0.3,,,15.1
Andy Dalton,CIN,QB,Buf,W 20-16,22/34.4,252.6,1.2,0.9,3.2,13.5,0.1,0.0,0.0,0.0,,,,,,,,,,0.9,,,15.0
Philip Rivers,LAC,QB,@NYG,W 27-22,23.8/37.8,266.1,1.5,0.9,1.1,2.5,0.0,0.0,0.0,0.0,,,,,,,,,,0.9,,,14.9
Sam Bradford,MIN,QB,@Chi,W 20-17,23.9/36.1,254.0,1.3,0.4,1.6,3.9,0.0,0.0,0.0,0.0,,,,,,,,,,0.4,,,14.8
Brian Hoyer,SFO,QB,@Ind,L 23-26,23/37.1,279.1,1.3,1.0,1.5,2.5,0.1,0.0,0.0,0.0,,,,,,,,,,1.0,,,14.6
Carson Palmer,ARI,QB,@Phi,L 7-34,25.6/41.5,304.0,1.2,1.1,1.1,1.9,0.0,0.0,0.0,0.0,,,,,,,,,,1.1,,,14.6
Ben Roethlisberger,PIT,QB,Jax,L 9-30,21.5/33.3,244.6,1.5,1.0,1.8,4.2,0.0,0.0,0.0,0.0,,,,,,,,,,1.0,,,14.4
Josh McCown,NYJ,QB,@Cle,W 17-14,19.8/32.3,233.7,1.3,0.7,2.9,13.3,0.1,0.0,0.0,0.0,,,,,,,,,,0.7,,,14.3
Joe Flacco,BAL,QB,@Oak,W 30-17,23.9/37.6,253.1,1.3,0.8,1.6,3.0,0.1,0.0,0.0,0.0,,,,,,,,,,0.8,,,14.2
Jay Cutler,MIA,QB,Ten,W 16-10,20.4/32,236.3,1.4,0.8,2.2,8.6,0.1,0.0,0.0,0.0,,,,,,,,,,0.8,,,14.1
Jared Goff,LAR,QB,Sea,L 10-16,21.6/34.1,242.6,1.3,0.7,1.6,4.1,0.1,0.0,0.0,0.0,,,,,,,,,,0.7,,,13.4
EJ Manuel,OAK,QB,Bal,L 17-30,20.2/33.4,218.7,1.3,1.1,3.6,15.2,0.1,0.0,0.0,0.0,,,,,,,,,,1.1,,,13.3
Blake Bortles,JAC,QB,@Pit,W 30-9,20.6/34.5,214.3,1.0,0.8,3.5,19.9,0.1,0.0,0.0,0.0,,,,,,,,,,0.8,,,13.3
Matt Cassel,TEN,QB,@Mia,L 10-16,18.5/30.5,202.9,1.3,1.1,3.4,15.6,0.1,0.0,0.0,0.0,,,,,,,,,,1.1,,,13.1
Mitchell Trubisky,CHI,QB,Min,L 17-20,20.9/33,219.9,1.1,0.8,3.2,14.9,0.1,0.0,0.0,0.0,,,,,,,,,,0.8,,,13.1
Brett Hundley,GNB,QB,@Dal,W 35-31,0.1/0.2,1.4,0.0,0.0,0.0,0.0,0.0,0.0,0.0,0.0,,,,,,,,,,0.0,,,0.1
Ryan Fitzpatrick,TAM,QB,NE,L 14-19,0.1/0.2,1.4,0.0,0.0,0.0,0.0,0.0,0.0,0.0,0.0,,,,,,,,,,0.0,,,0.1
Jimmy Garoppolo,NWE,QB,@TB,W 19-14,0.1/0.2,1.3,0.0,0.0,0.0,0.0,0.0,0.0,0.0,0.0,,,,,,,,,,0.0,,,0.1
Kellen Moore,DAL,QB,GB,L 31-35,0.1/0.2,1.3,0.0,0.0,0.0,0.0,0.0,0.0,0.0,0.0,,,,,,,,,,0.0,,,0.1
Jake Rudock,DET,QB,Car,L 24-27,0.1/0.2,1.3,0.0,0.0,0.0,0.0,0.0,0.0,0.0,0.0,,,,,,,,,,0.0,,,0.1
Drew Stanton,ARI,QB,@Phi,L 7-34,0.1/0.2,1.4,0.0,0.0,0.0,0.0,0.0,0.0,0.0,0.0,,,,,,,,,,0.0,,,0.1
Kevin Hogan,CLE,QB,NYJ,L 14-17,0.1/0.2,1.2,0.0,0.0,0.0,0.0,0.0,0.0,0.0,0.0,,,,,,,,,,0.0,,,0.1
Geno Smith,NYG,QB,LAC,L 22-27,0.1/0.2,1.2,0.0,0.0,0.0,0.0,0.0,0.0,0.0,0.0,,,,,,,,,,0.0,,,0.1
Tom Savage,HOU,QB,KC,L 34-42,0.1/0.2,1.2,0.0,0.0,0.0,0.0,0.0,0.0,0.0,0.0,,,,,,,,,,0.0,,,0.1
Scott Tolzien,IND,QB,SF,W 26-23,0.1/0.2,1.3,0.0,0.0,0.0,0.0,0.0,0.0,0.0,0.0,,,,,,,,,,0.0,,,0.1
Nick Foles,PHI,QB,Ari,W 34-7,0.1/0.2,1.2,0.0,0.0,0.0,0.0,0.0,0.0,0.0,0.0,,,,,,,,,,0.0,,,0.1
Case Keenum,MIN,QB,@Chi,W 20-17,0.1/0.2,1.2,0.0,0.0,0.0,0.0,0.0,0.0,0.0,0.0,,,,,,,,,,0.0,,,0.1
Bryce Petty,NYJ,QB,@Cle,W 17-14,0.1/0.2,1.2,0.0,0.0,0.0,0.0,0.0,0.0,0.0,0.0,,,,,,,,,,0.0,,,0.1
Ryan Mallett,BAL,QB,@Oak,W 30-17,0.1/0.2,1.3,0.0,0.0,0.0,0.0,0.0,0.0,0.0,0.0,,,,,,,,,,0.0,,,0.1
Austin Davis,SEA,QB,@LAR,W 16-10,0.1/0.2,1.1,0.0,0.0,0.0,0.0,0.0,0.0,0.0,0.0,,,,,,,,,,0.0,,,0.1
Kellen Clemens,LAC,QB,@NYG,W 27-22,0.1/0.2,1.2,0.0,0.0,0.0,0.0,0.0,0.0,0.0,0.0,,,,,,,,,,0.0,,,0.1
Matt Moore,MIA,QB,Ten,W 16-10,0.1/0.2,1.1,0.0,0.0,0.0,0.0,0.0,0.0,0.0,0.0,,,,,,,,,,0.0,,,0.1
Brandon Weeden,TEN,QB,@Mia,L 10-16,0.1/0.2,1.1,0.0,0.0,0.0,0.0,0.0,0.0,0.0,0.0,,,,,,,,,,0.0,,,0.1
Connor Cook,OAK,QB,Bal,L 17-30,0.1/0.2,1.2,0.0,0.0,0.0,0.0,0.0,0.0,0.0,0.0,,,,,,,,,,0.0,,,0.1
Patrick Mahomes,KAN,QB,@Hou,W 42-34,0.1/0.2,1.1,0.0,0.0,0.0,0.0,0.0,0.0,0.0,0.0,,,,,,,,,,0.0,,,0.1
Sean Mannion,LAR,QB,Sea,L 10-16,0.1/0.2,1.1,0.0,0.0,0.0,0.0,0.0,0.0,0.0,0.0,,,,,,,,,,0.0,,,0.1
Landry Jones,PIT,QB,Jax,L 9-30,0.1/0.2,1.0,0.0,0.0,0.0,0.0,0.0,0.0,0.0,0.0,,,,,,,,,,0.0,,,0.1
Derek Anderson,CAR,QB,@Det,W 27-24,0.1/0.2,1.2,0.0,0.0,0.0,0.0,0.0,0.0,0.0,0.0,,,,,,,,,,0.0,,,0.1
AJ McCarron,CIN,QB,Buf,W 20-16,0.1/0.2,1.2,0.0,0.0,0.0,0.0,0.0,0.0,0.0,0.0,,,,,,,,,,0.0,,,0.1
C.J. Beathard,SFO,QB,@Ind,L 23-26,0.1/0.2,1.3,0.0,0.0,0.0,0.0,0.0,0.0,0.0,0.0,,,,,,,,,,0.0,,,0.1
Mike Glennon,CHI,QB,Min,L 17-20,0.1/0.2,1.1,0.0,0.0,0.0,0.0,0.0,0.0,0.0,0.0,,,,,,,,,,0.0,,,0.1
Chad Henne,JAC,QB,@Pit,W 30-9,0.1/0.2,1.1,0.0,0.0,0.0,0.0,0.0,0.0,0.0,0.0,,,,,,,,,,0.0,,,0.1
Nathan Peterman,BUF,QB,@Cin,L 16-20,0.1/0.2,1.0,0.0,0.0,0.0,0.0,0.0,0.0,0.0,0.0,,,,,,,,,,0.0,,,0.1
Mike Vick,PIT,QB,Jax,L 9-30,0/0,0.0,0.0,0.0,0.0,0.0,0.0,0.0,0.0,0.0,,,,,,,,,,0.0,,,0.0
Drew Brees,NOR,QB,** BYE **,0/0,0,0.0,0.0,0.0,0.0,0.0,0.0,0.0,0.0,,,,,,,,,,,0.0,,,
Shaun Hill,MIN,QB,@Chi,W 20-17,0/0,0.0,0.0,0.0,0.0,0.0,0.0,0.0,0.0,0.0,,,,,,,,,,0.0,,,0.0
Tony Romo,DAL,QB,GB,L 31-35,0/0,0.0,0.0,0.0,0.0,0.0,0.0,0.0,0.0,0.0,,,,,,,,,,0.0,,,0.0
Matt Schaub,ATL,QB,** BYE **,0/0,0,0.0,0.0,0.0,0.0,0.0,0.0,0.0,0.0,,,,,,,,,,,0.0,,,
Luke McCown,DAL,QB,GB,L 31-35,0/0,0.0,0.0,0.0,0.0,0.0,0.0,0.0,0.0,0.0,,,,,,,,,,0.0,,,0.0
Dan Orlovsky,LAR,QB,Sea,L 10-16,0/0,0.0,0.0,0.0,0.0,0.0,0.0,0.0,0.0,0.0,,,,,,,,,,0.0,,,0.0
Tarvaris Jackson,SEA,QB,@LAR,W 16-10,0/0,0.0,0.0,0.0,0.0,0.0,0.0,0.0,0.0,0.0,,,,,,,,,,0.0,,,0.0
Charlie Whitehurst,CLE,QB,NYJ,L 14-17,0/0,0.0,0.0,0.0,0.0,0.0,0.0,0.0,0.0,0.0,,,,,,,,,,0.0,,,0.0
Bruce Gradkowski,PIT,QB,Jax,L 9-30,0/0,0.0,0.0,0.0,0.0,0.0,0.0,0.0,0.0,0.0,,,,,,,,,,0.0,,,0.0
Matt Ryan,ATL,QB,** BYE **,0/0,0,0.0,0.0,0.0,0.0,0.0,0.0,0.0,0.0,,,,,,,,,,,0.0,,,
Josh Johnson,NYG,QB,LAC,L 22-27,0/0,0.0,0.0,0.0,0.0,0.0,0.0,0.0,0.0,0.0,,,,,,,,,,0.0,,,0.0
Matt Flynn,NOR,QB,** BYE **,0/0,0,0.0,0.0,0.0,0.0,0.0,0.0,0.0,0.0,,,,,,,,,,,0.0,,,
Chase Daniel,NOR,QB,** BYE **,0/0,0,0.0,0.0,0.0,0.0,0.0,0.0,0.0,0.0,,,,,,,,,,,0.0,,,
Josh Freeman,IND,QB,SF,W 26-23,0/0,0.0,0.0,0.0,0.0,0.0,0.0,0.0,0.0,0.0,,,,,,,,,,0.0,,,0.0
Mark Sanchez,CHI,QB,Min,L 17-20,0/0,0.0,0.0,0.0,0.0,0.0,0.0,0.0,0.0,0.0,,,,,,,,,,0.0,,,0.0
Jimmy Clausen,BAL,QB,@Oak,W 30-17,0/0,0.0,0.0,0.0,0.0,0.0,0.0,0.0,0.0,0.0,,,,,,,,,,0.0,,,0.0
Colt McCoy,WAS,QB,** BYE **,0/0,0,0.0,0.0,0.0,0.0,0.0,0.0,0.0,0.0,,,,,,,,,,,0.0,,,
Dan LeFevour,TAM,QB,NE,L 14-19,0/0,0.0,0.0,0.0,0.0,0.0,0.0,0.0,0.0,0.0,,,,,,,,,,0.0,,,0.0
Joe Webb,BUF,QB,@Cin,L 16-20,0/0,0.0,0.0,0.0,0.0,0.0,0.0,0.0,0.0,0.0,,,,,,,,,,0.0,,,0.0
Thaddeus Lewis,BAL,QB,@Oak,W 30-17,0/0,0.0,0.0,0.0,0.0,0.0,0.0,0.0,0.0,0.0,,,,,,,,,,0.0,,,0.0
Christian Ponder,SFO,QB,@Ind,L 23-26,0/0,0.0,0.0,0.0,0.0,0.0,0.0,0.0,0.0,0.0,,,,,,,,,,0.0,,,0.0
Blaine Gabbert,ARI,QB,@Phi,L 7-34,0/0,0.0,0.0,0.0,0.0,0.0,0.0,0.0,0.0,0.0,,,,,,,,,,0.0,,,0.0
Colin Kaepernick,SFO,QB,@Ind,L 23-26,0/0,0.0,0.0,0.0,0.0,0.0,0.0,0.0,0.0,0.0,,,,,,,,,,0.0,,,0.0
T.J. Yates,BUF,QB,@Cin,L 16-20,0/0,0.0,0.0,0.0,0.0,0.0,0.0,0.0,0.0,0.0,,,,,,,,,,0.0,,,0.0
Jerrod Johnson,DAL,QB,GB,L 31-35,0/0,0.0,0.0,0.0,0.0,0.0,0.0,0.0,0.0,0.0,,,,,,,,,,0.0,,,0.0
Andrew Luck,IND,QB,SF,W 26-23,0/0,0.0,0.0,0.0,0.0,0.0,0.0,0.0,0.0,0.0,,,,,,,,,,0.0,,,0.0
Robert Griffin III,CLE,QB,NYJ,L 14-17,0/0,0.0,0.0,0.0,0.0,0.0,0.0,0.0,0.0,0.0,,,,,,,,,,0.0,,,0.0
Ryan Tannehill,MIA,QB,Ten,W 16-10,0/0,0.0,0.0,0.0,0.0,0.0,0.0,0.0,0.0,0.0,,,,,,,,,,0.0,,,0.0
Brock Osweiler,DEN,QB,** BYE **,0/0,0,0.0,0.0,0.0,0.0,0.0,0.0,0.0,0.0,,,,,,,,,,,0.0,,,
Kirk Cousins,WAS,QB,** BYE **,0/0,0,0.0,0.0,0.0,0.0,0.0,0.0,0.0,0.0,,,,,,,,,,,0.0,,,
Ryan Lindley,IND,QB,SF,W 26-23,0/0,0.0,0.0,0.0,0.0,0.0,0.0,0.0,0.0,0.0,,,,,,,,,,0.0,,,0.0
Matt Simms,ATL,QB,** BYE **,0/0,0,0.0,0.0,0.0,0.0,0.0,0.0,0.0,0.0,,,,,,,,,,,0.0,,,
Alex Tanney,TEN,QB,@Mia,L 10-16,0/0,0.0,0.0,0.0,0.0,0.0,0.0,0.0,0.0,0.0,,,,,,,,,,0.0,,,0.0
Ryan Nassib,JAC,QB,@Pit,W 30-9,0/0,0.0,0.0,0.0,0.0,0.0,0.0,0.0,0.0,0.0,,,,,,,,,,0.0,,,0.0
Sean Renfree,ATL,QB,** BYE **,0/0,0,0.0,0.0,0.0,0.0,0.0,0.0,0.0,0.0,,,,,,,,,,,0.0,,,
Zac Dysert,ARI,QB,@Phi,L 7-34,0/0,0.0,0.0,0.0,0.0,0.0,0.0,0.0,0.0,0.0,,,,,,,,,,0.0,,,0.0
Matt Barkley,SFO,QB,@Ind,L 23-26,0/0,0.0,0.0,0.0,0.0,0.0,0.0,0.0,0.0,0.0,,,,,,,,,,0.0,,,0.0
Ryan Griffin,TAM,QB,NE,L 14-19,0/0,0.0,0.0,0.0,0.0,0.0,0.0,0.0,0.0,0.0,,,,,,,,,,0.0,,,0.0
Tyler Bray,KAN,QB,@Hou,W 42-34,0/0,0.0,0.0,0.0,0.0,0.0,0.0,0.0,0.0,0.0,,,,,,,,,,0.0,,,0.0
Matt McGloin,PHI,QB,Ari,W 34-7,0/0,0.0,0.0,0.0,0.0,0.0,0.0,0.0,0.0,0.0,,,,,,,,,,0.0,,,0.0
Teddy Bridgewater,MIN,QB,@Chi,W 20-17,0/0,0.0,0.0,0.0,0.0,0.0,0.0,0.0,0.0,0.0,,,,,,,,,,0.0,,,0.0
Johnny Manziel,CLE,QB,NYJ,L 14-17,0/0,0.0,0.0,0.0,0.0,0.0,0.0,0.0,0.0,0.0,,,,,,,,,,0.0,,,0.0
Derek Carr,OAK,QB,Bal,L 17-30,0/0,0.0,0.0,0.0,0.0,0.0,0.0,0.0,0.0,0.0,,,,,,,,,,0.0,,,0.0
Tajh Boyd,PIT,QB,Jax,L 9-30,0/0,0.0,0.0,0.0,0.0,0.0,0.0,0.0,0.0,0.0,,,,,,,,,,0.0,,,0.0
Zach Mettenberger,PIT,QB,Jax,L 9-30,0/0,0.0,0.0,0.0,0.0,0.0,0.0,0.0,0.0,0.0,,,,,,,,,,0.0,,,0.0
David Fales,MIA,QB,Ten,W 16-10,0/0,0.0,0.0,0.0,0.0,0.0,0.0,0.0,0.0,0.0,,,,,,,,,,0.0,,,0.0
Keith Wenning,BUF,QB,@Cin,L 16-20,0/0,0.0,0.0,0.0,0.0,0.0,0.0,0.0,0.0,0.0,,,,,,,,,,0.0,,,0.0
Aaron Murray,KAN,QB,@Hou,W 42-34,0/0,0.0,0.0,0.0,0.0,0.0,0.0,0.0,0.0,0.0,,,,,,,,,,0.0,,,0.0
Matt Blanchard,CHI,QB,Min,L 17-20,0/0,0.0,0.0,0.0,0.0,0.0,0.0,0.0,0.0,0.0,,,,,,,,,,0.0,,,0.0
Dustin Vaughan,BAL,QB,@Oak,W 30-17,0/0,0.0,0.0,0.0,0.0,0.0,0.0,0.0,0.0,0.0,,,,,,,,,,0.0,,,0.0
Connor Shaw,CHI,QB,Min,L 17-20,0/0,0.0,0.0,0.0,0.0,0.0,0.0,0.0,0.0,0.0,,,,,,,,,,0.0,,,0.0
Trevor Siemian,DEN,QB,** BYE **,0/0,0,0.0,0.0,0.0,0.0,0.0,0.0,0.0,0.0,,,,,,,,,,,0.0,,,
Dylan Thompson,LAR,QB,Sea,L 10-16,0/0,0.0,0.0,0.0,0.0,0.0,0.0,0.0,0.0,0.0,,,,,,,,,,0.0,,,0.0
Garrett Grayson,NOR,QB,** BYE **,0/0,0,0.0,0.0,0.0,0.0,0.0,0.0,0.0,0.0,,,,,,,,,,,0.0,,,
Marcus Mariota,TEN,QB,@Mia,L 10-16,0/0,0.0,0.0,0.0,0.0,0.0,0.0,0.0,0.0,0.0,,,,,,,,,,0.0,,,0.0
Paxton Lynch,DEN,QB,** BYE **,0/0,0,0.0,0.0,0.0,0.0,0.0,0.0,0.0,0.0,,,,,,,,,,,0.0,,,
Christian Hackenberg,NYJ,QB,@Cle,W 17-14,0/0,0.0,0.0,0.0,0.0,0.0,0.0,0.0,0.0,0.0,,,,,,,,,,0.0,,,0.0
Cody Kessler,CLE,QB,NYJ,L 14-17,0/0,0.0,0.0,0.0,0.0,0.0,0.0,0.0,0.0,0.0,,,,,,,,,,0.0,,,0.0
Cardale Jones,LAC,QB,@NYG,W 27-22,0/0,0.0,0.0,0.0,0.0,0.0,0.0,0.0,0.0,0.0,,,,,,,,,,0.0,,,0.0
Nate Sudfeld,WAS,QB,** BYE **,0/0,0,0.0,0.0,0.0,0.0,0.0,0.0,0.0,0.0,,,,,,,,,,,0.0,,,
Brandon Allen,LAR,QB,Sea,L 10-16,0/0,0.0,0.0,0.0,0.0,0.0,0.0,0.0,0.0,0.0,,,,,,,,,,0.0,,,0.0
Jeff Driskel,CIN,QB,Buf,W 20-16,0/0,0.0,0.0,0.0,0.0,0.0,0.0,0.0,0.0,0.0,,,,,,,,,,0.0,,,0.0
Brandon Doughty,MIA,QB,Ten,W 16-10,0/0,0.0,0.0,0.0,0.0,0.0,0.0,0.0,0.0,0.0,,,,,,,,,,0.0,,,0.0
Trevone Boykin,SEA,QB,@LAR,W 16-10,0/0,0.0,0.0,0.0,0.0,0.0,0.0,0.0,0.0,0.0,,,,,,,,,,0.0,,,0.0
Taylor Heinicke,MIN,QB,@Chi,W 20-17,0/0,0.0,0.0,0.0,0.0,0.0,0.0,0.0,0.0,0.0,,,,,,,,,,0.0,,,0.0
Stephen Morris,IND,QB,SF,W 26-23,0/0,0.0,0.0,0.0,0.0,0.0,0.0,0.0,0.0,0.0,,,,,,,,,,0.0,,,0.0
Joe Callahan,GNB,QB,@Dal,W 35-31,0/0,0.0,0.0,0.0,0.0,0.0,0.0,0.0,0.0,0.0,,,,,,,,,,0.0,,,0.0
Brad Kaaya,DET,QB,Car,L 24-27,0/0,0.0,0.0,0.0,0.0,0.0,0.0,0.0,0.0,0.0,,,,,,,,,,0.0,,,0.0
Chad Kelly,DEN,QB,** BYE **,0/0,0,0.0,0.0,0.0,0.0,0.0,0.0,0.0,0.0,,,,,,,,,,,0.0,,,
Joshua Dobbs,PIT,QB,Jax,L 9-30,0/0,0.0,0.0,0.0,0.0,0.0,0.0,0.0,0.0,0.0,,,,,,,,,,0.0,,,0.0
Davis Webb,NYG,QB,LAC,L 22-27,0/0,0.0,0.0,0.0,0.0,0.0,0.0,0.0,0.0,0.0,,,,,,,,,,0.0,,,0.0
Cooper Rush,DAL,QB,GB,L 31-35,0/0,0.0,0.0,0.0,0.0,0.0,0.0,0.0,0.0,0.0,,,,,,,,,,0.0,,,0.0
Taysom Hill,NOR,QB,** BYE **,0/0,0,0.0,0.0,0.0,0.0,0.0,0.0,0.0,0.0,,,,,,,,,,,0.0,,,
Ezekiel Elliott,DAL,RB,GB,L 31-35,0/0,0.0,0.0,0.0,20.5,93.1,0.9,3.1,28.1,0.2,,,,,,,,,,0.0,,,18.4
Le'Veon Bell,PIT,RB,Jax,L 9-30,0/0,0.0,0.0,0.0,21.0,96.2,0.6,4.4,34.3,0.2,,,,,,,,,,0.0,,,17.7
LeSean McCoy,BUF,RB,@Cin,L 16-20,0/0,0.0,0.0,0.0,17.6,82.5,0.4,4.6,35.9,0.1,,,,,,,,,,0.0,,,14.6
Kareem Hunt,KAN,RB,@Hou,W 42-34,0/0,0.0,0.0,0.0,16.6,74.5,0.6,3.0,25.5,0.1,,,,,,,,,,0.0,,,14.3
Todd Gurley II,LAR,RB,Sea,L 10-16,0/0,0.0,0.0,0.0,18.7,67.3,0.6,3.9,31.4,0.1,,,,,,,,,,0.0,,,13.9
Carlos Hyde,SFO,RB,@Ind,L 23-26,0/0,0.0,0.0,0.0,13.9,65.3,0.5,3.6,29.3,0.1,,,,,,,,,,0.0,,,12.8
Leonard Fournette,JAC,RB,@Pit,W 30-9,0/0,0.0,0.0,0.0,16.3,69.9,0.5,3.0,24.1,0.1,,,,,,,,,,0.0,,,12.7
Jay Ajayi,MIA,RB,Ten,W 16-10,0/0,0.0,0.0,0.0,18.9,78.0,0.5,1.4,11.1,0.1,,,,,,,,,,0.0,,,12.3
Bilal Powell,NYJ,RB,@Cle,W 17-14,0/0,0.0,0.0,0.0,14.3,64.7,0.4,3.1,23.7,0.1,,,,,,,,,,0.0,,,11.9
Frank Gore,IND,RB,SF,W 26-23,0/0,0.0,0.0,0.0,15.9,65.1,0.5,1.7,15.1,0.1,,,,,,,,,,0.0,,,11.4
Jordan Howard,CHI,RB,Min,L 17-20,0/0,0.0,0.0,0.0,15.5,68.1,0.4,2.0,16.3,0.1,,,,,,,,,,0.0,,,11.3
Melvin Gordon,LAC,RB,@NYG,W 27-22,0/0,0.0,0.0,0.0,17.1,64.5,0.3,3.4,25.7,0.1,,,,,,,,,,0.0,,,11.2
Mike Gillislee,NWE,RB,@TB,W 19-14,0/0,0.0,0.0,0.0,15.8,63.4,0.7,0.1,1.2,0.0,,,,,,,,,,0.0,,,10.9
Joe Mixon,CIN,RB,Buf,W 20-16,0/0,0.0,0.0,0.0,14.2,60.3,0.4,2.5,21.0,0.1,,,,,,,,,,0.0,,,10.9
DeMarco Murray,TEN,RB,@Mia,L 10-16,0/0,0.0,0.0,0.0,14.5,66.0,0.4,1.9,12.4,0.1,,,,,,,,,,0.0,,,10.7
Lamar Miller,HOU,RB,KC,L 34-42,0/0,0.0,0.0,0.0,14.2,58.7,0.4,2.5,20.2,0.1,,,,,,,,,,0.0,,,10.6
Jonathan Stewart,CAR,RB,@Det,W 27-24,0/0,0.0,0.0,0.0,15.6,67.6,0.4,1.2,10.1,0.0,,,,,,,,,,0.0,,,10.3
Isaiah Crowell,CLE,RB,NYJ,L 14-17,0/0,0.0,0.0,0.0,14.4,59.6,0.5,1.4,11.6,0.1,,,,,,,,,,0.0,,,10.1
Latavius Murray,MIN,RB,@Chi,W 20-17,0/0,0.0,0.0,0.0,13.0,53.9,0.5,2.2,16.1,0.1,,,,,,,,,,0.0,,,10.1
Marshawn Lynch,OAK,RB,Bal,L 17-30,0/0,0.0,0.0,0.0,15.3,62.4,0.5,1.2,9.6,0.0,,,,,,,,,,0.0,,,9.8
Christian McCaffrey,CAR,RB,@Det,W 27-24,0/0,0.0,0.0,0.0,6.3,26.1,0.2,5.1,48.4,0.2,,,,,,,,,,0.0,,,9.6
LeGarrette Blount,PHI,RB,Ari,W 34-7,0/0,0.0,0.0,0.0,13.6,57.4,0.5,0.8,6.4,0.0,,,,,,,,,,0.0,,,9.3
Doug Martin,TAM,RB,NE,L 14-19,0/0,0.0,0.0,0.0,12.5,53.4,0.3,1.4,11.7,0.1,,,,,,,,,,0.0,,,8.8
Ameer Abdullah,DET,RB,Car,L 24-27,0/0,0.0,0.0,0.0,13.3,52.8,0.3,2.2,17.7,0.1,,,,,,,,,,0.0,,,8.8
Duke Johnson Jr.,CLE,RB,NYJ,L 14-17,0/0,0.0,0.0,0.0,6.3,26.5,0.2,4.2,37.3,0.1,,,,,,,,,,0.0,,,8.2
Aaron Jones,GNB,RB,@Dal,W 35-31,0/0,0.0,0.0,0.0,10.1,43.4,0.2,2.2,18.4,0.1,,,,,,,,,,0.0,,,8.0
James White,NWE,RB,@TB,W 19-14,0/0,0.0,0.0,0.0,3.6,13.4,0.1,4.6,42.3,0.2,,,,,,,,,,0.0,,,7.7
Jerick McKinnon,MIN,RB,@Chi,W 20-17,0/0,0.0,0.0,0.0,9.4,39.6,0.2,2.9,20.0,0.1,,,,,,,,,,0.0,,,7.5
Eddie Lacy,SEA,RB,@LAR,W 16-10,0/0,0.0,0.0,0.0,11.3,47.0,0.3,0.7,5.5,0.0,,,,,,,,,,0.0,,,7.5
Derrick Henry,TEN,RB,@Mia,L 10-16,0/0,0.0,0.0,0.0,11.3,49.6,0.3,0.8,5.8,0.0,,,,,,,,,,0.0,,,7.4
Tarik Cohen,CHI,RB,Min,L 17-20,0/0,0.0,0.0,0.0,6.7,27.9,0.1,4.1,30.7,0.1,,,,,,,,,,0.0,,,7.4
Alex Collins,BAL,RB,@Oak,W 30-17,0/0,0.0,0.0,0.0,11.3,50.7,0.3,1.1,8.8,0.0,,,,,,,,,,0.0,,,7.4
Jamaal Williams,GNB,RB,@Dal,W 35-31,0/0,0.0,0.0,0.0,9.0,35.1,0.3,1.6,13.8,0.1,,,,,,,,,,0.0,,,7.0
Wayne Gallman,NYG,RB,LAC,L 22-27,0/0,0.0,0.0,0.0,11.2,42.4,0.2,1.0,8.6,0.0,,,,,,,,,,0.0,,,6.6
Orleans Darkwa,NYG,RB,LAC,L 22-27,0/0,0.0,0.0,0.0,10.4,43.4,0.2,1.0,8.6,0.0,,,,,,,,,,0.0,,,6.6
Chris Johnson,ARI,RB,@Phi,L 7-34,0/0,0.0,0.0,0.0,11.1,42.1,0.3,0.9,7.2,0.0,,,,,,,,,,0.0,,,6.5
Elijah McGuire,NYJ,RB,@Cle,W 17-14,0/0,0.0,0.0,0.0,7.9,33.9,0.2,1.6,14.5,0.0,,,,,,,,,,0.0,,,6.4
Corey Clement,PHI,RB,Ari,W 34-7,0/0,0.0,0.0,0.0,9.6,36.5,0.3,1.4,11.1,0.0,,,,,,,,,,0.0,,,6.4
Theo Riddick,DET,RB,Car,L 24-27,0/0,0.0,0.0,0.0,2.9,10.5,0.1,4.5,34.2,0.2,,,,,,,,,,0.0,,,6.4
Thomas Rawls,SEA,RB,@LAR,W 16-10,0/0,0.0,0.0,0.0,8.8,37.4,0.3,0.9,7.1,0.0,,,,,,,,,,0.0,,,6.3
Andre Ellington,ARI,RB,@Phi,L 7-34,0/0,0.0,0.0,0.0,4.8,19.2,0.1,3.5,31.7,0.1,,,,,,,,,,0.0,,,6.2
Javorius Allen,BAL,RB,@Oak,W 30-17,0/0,0.0,0.0,0.0,4.2,17.1,0.1,4.2,31.7,0.1,,,,,,,,,,0.0,,,6.2
Giovani Bernard,CIN,RB,Buf,W 20-16,0/0,0.0,0.0,0.0,5.0,22.1,0.1,2.7,24.5,0.1,,,,,,,,,,0.0,,,5.9
Charles Sims,TAM,RB,NE,L 14-19,0/0,0.0,0.0,0.0,4.6,19.9,0.1,2.5,23.3,0.1,,,,,,,,,,0.0,,,5.5
Mike Tolbert,BUF,RB,@Cin,L 16-20,0/0,0.0,0.0,0.0,7.7,30.0,0.3,0.8,6.7,0.0,,,,,,,,,,0.0,,,5.4
D'Onta Foreman,HOU,RB,KC,L 34-42,0/0,0.0,0.0,0.0,8.2,34.4,0.2,0.5,4.1,0.0,,,,,,,,,,0.0,,,5.1
Shane Vereen,NYG,RB,LAC,L 22-27,0/0,0.0,0.0,0.0,4.0,17.3,0.1,2.5,21.1,0.1,,,,,,,,,,0.0,,,4.9
Matt Breida,SFO,RB,@Ind,L 23-26,0/0,0.0,0.0,0.0,5.2,23.1,0.2,1.6,14.6,0.0,,,,,,,,,,0.0,,,4.9
Chris Ivory,JAC,RB,@Pit,W 30-9,0/0,0.0,0.0,0.0,5.5,22.8,0.1,2.2,15.5,0.1,,,,,,,,,,0.0,,,4.8
Robert Turbin,IND,RB,SF,W 26-23,0/0,0.0,0.0,0.0,4.0,16.1,0.1,1.9,16.0,0.1,,,,,,,,,,0.0,,,4.4
DeAndre Washington,OAK,RB,Bal,L 17-30,0/0,0.0,0.0,0.0,3.5,14.9,0.1,2.5,18.3,0.1,,,,,,,,,,0.0,,,4.2
Jeremy Hill,CIN,RB,Buf,W 20-16,0/0,0.0,0.0,0.0,4.7,20.5,0.2,1.0,8.0,0.0,,,,,,,,,,0.0,,,4.0
Terrance West,BAL,RB,@Oak,W 30-17,0/0,0.0,0.0,0.0,6.1,25.3,0.2,0.6,4.2,0.0,,,,,,,,,,0.0,,,4.0
Austin Ekeler,LAC,RB,@NYG,W 27-22,0/0,0.0,0.0,0.0,4.8,17.7,0.1,1.6,12.9,0.0,,,,,,,,,,0.0,,,3.8
J.D. McKissic,SEA,RB,@LAR,W 16-10,0/0,0.0,0.0,0.0,3.5,12.9,0.1,1.7,14.5,0.1,,,,,,,,,,0.0,,,3.6
Jalen Richard,OAK,RB,Bal,L 17-30,0/0,0.0,0.0,0.0,4.6,20.3,0.1,1.0,8.0,0.0,,,,,,,,,,0.0,,,3.6
Dion Lewis,NWE,RB,@TB,W 19-14,0/0,0.0,0.0,0.0,3.3,13.1,0.1,1.4,12.3,0.1,,,,,,,,,,0.0,,,3.4
Marlon Mack,IND,RB,SF,W 26-23,0/0,0.0,0.0,0.0,4.5,18.0,0.2,0.7,6.1,0.0,,,,,,,,,,0.0,,,3.3
Charcandrick West,KAN,RB,@Hou,W 42-34,0/0,0.0,0.0,0.0,4.1,15.3,0.2,0.7,5.4,0.0,,,,,,,,,,0.0,,,3.2
Kenjon Barner,PHI,RB,Ari,W 34-7,0/0,0.0,0.0,0.0,2.8,11.5,0.1,1.6,11.0,0.0,,,,,,,,,,0.0,,,3.0
Kenyan Drake,MIA,RB,Ten,W 16-10,0/0,0.0,0.0,0.0,2.7,10.9,0.1,1.4,11.7,0.0,,,,,,,,,,0.0,,,3.0
Kyle Juszczyk,SFO,RB,@Ind,L 23-26,0/0,0.0,0.0,0.0,0.9,3.1,0.1,1.9,17.3,0.1,,,,,,,,,,0.0,,,2.9
Jacquizz Rodgers,TAM,RB,NE,L 14-19,0/0,0.0,0.0,0.0,4.4,19.3,0.1,0.1,1.2,0.0,,,,,,,,,,0.0,,,2.7
Alfred Morris,DAL,RB,GB,L 31-35,0/0,0.0,0.0,0.0,3.5,15.0,0.1,0.2,2.2,0.0,,,,,,,,,,0.0,,,2.6
James Conner,PIT,RB,Jax,L 9-30,0/0,0.0,0.0,0.0,3.9,15.9,0.1,0.1,1.0,0.0,,,,,,,,,,0.0,,,2.5
Damien Williams,MIA,RB,Ten,W 16-10,0/0,0.0,0.0,0.0,1.7,6.5,0.1,1.2,10.0,0.1,,,,,,,,,,0.0,,,2.3
Kerwynn Williams,ARI,RB,@Phi,L 7-34,0/0,0.0,0.0,0.0,3.0,11.8,0.1,0.6,5.3,0.0,,,,,,,,,,0.0,,,2.3
Malcolm Brown,LAR,RB,Sea,L 10-16,0/0,0.0,0.0,0.0,3.0,11.0,0.1,0.5,4.0,0.0,,,,,,,,,,0.0,,,2.1
Zach Zenner,DET,RB,Car,L 24-27,0/0,0.0,0.0,0.0,3.4,12.7,0.1,0.0,0.0,0.0,,,,,,,,,,0.0,,,1.8
Alfred Blue,HOU,RB,KC,L 34-42,0/0,0.0,0.0,0.0,1.9,8.0,0.0,0.2,2.1,0.0,,,,,,,,,,0.0,,,1.3
Fozzy Whittaker,CAR,RB,@Det,W 27-24,0/0,0.0,0.0,0.0,1.4,5.8,0.0,0.5,4.4,0.0,,,,,,,,,,0.0,,,1.3
Matthew Dayes,CLE,RB,NYJ,L 14-17,0/0,0.0,0.0,0.0,1.8,6.9,0.1,0.2,1.9,0.0,,,,,,,,,,0.0,,,1.2
Aaron Ripkowski,GNB,RB,@Dal,W 35-31,0/0,0.0,0.0,0.0,0.4,1.8,0.0,0.5,4.6,0.0,,,,,,,,,,0.0,,,1.0
Corey Grant,JAC,RB,@Pit,W 30-9,0/0,0.0,0.0,0.0,0.8,3.2,0.0,0.5,3.7,0.0,,,,,,,,,,0.0,,,0.9
Patrick DiMarco,BUF,RB,@Cin,L 16-20,0/0,0.0,0.0,0.0,0.3,1.0,0.0,0.6,5.1,0.0,,,,,,,,,,0.0,,,0.9
Tommy Bohanon,JAC,RB,@Pit,W 30-9,0/0,0.0,0.0,0.0,0.3,1.0,0.0,0.7,5.4,0.0,,,,,,,,,,0.0,,,0.8
Rod Smith,DAL,RB,GB,L 31-35,0/0,0.0,0.0,0.0,0.8,3.2,0.0,0.1,1.1,0.0,,,,,,,,,,0.0,,,0.6
Travaris Cadet,NYJ,RB,@Cle,W 17-14,0/0,0.0,0.0,0.0,0.0,0.0,0.0,0.5,4.2,0.0,,,,,,,,,,0.0,,,0.5
Terrell Watson,PIT,RB,Jax,L 9-30,0/0,0.0,0.0,0.0,0.8,3.4,0.0,0.0,0.0,0.0,,,,,,,,,,0.0,,,0.5
Jamize Olawale,OAK,RB,Bal,L 17-30,0/0,0.0,0.0,0.0,0.3,1.1,0.0,0.2,2.0,0.0,,,,,,,,,,0.0,,,0.4
Michael Burton,CHI,RB,Min,L 17-20,0/0,0.0,0.0,0.0,0.2,0.8,0.0,0.2,1.9,0.0,,,,,,,,,,0.0,,,0.4
James Develin,NWE,RB,@TB,W 19-14,0/0,0.0,0.0,0.0,0.0,0.0,0.0,0.3,2.5,0.0,,,,,,,,,,0.0,,,0.4
C.J. Ham,MIN,RB,@Chi,W 20-17,0/0,0.0,0.0,0.0,0.2,0.8,0.0,0.1,1.1,0.0,,,,,,,,,,0.0,,,0.3
Anthony Sherman,KAN,RB,@Hou,W 42-34,0/0,0.0,0.0,0.0,0.0,0.0,0.0,0.2,1.8,0.0,,,,,,,,,,0.0,,,0.3
Jordan Todman,HOU,RB,KC,L 34-42,0/0,0.0,0.0,0.0,0.3,1.2,0.0,0.0,0.0,0.0,,,,,,,,,,0.0,,,0.2
Devante Mays,GNB,RB,@Dal,W 35-31,0/0,0.0,0.0,0.0,0.4,1.7,0.0,0.0,0.0,0.0,,,,,,,,,,0.0,,,0.2
Derek Watt,LAC,RB,@NYG,W 27-22,0/0,0.0,0.0,0.0,0.3,1.1,0.0,0.0,0.0,0.0,,,,,,,,,,0.0,,,0.2
Jay Prosch,HOU,RB,KC,L 34-42,0/0,0.0,0.0,0.0,0.3,0.9,0.0,0.0,0.0,0.0,,,,,,,,,,0.0,,,0.2
Peyton Barber,TAM,RB,NE,L 14-19,0/0,0.0,0.0,0.0,0.2,1.0,0.0,0.0,0.0,0.0,,,,,,,,,,0.0,,,0.1
Raheem Mostert,SFO,RB,@Ind,L 23-26,0/0,0.0,0.0,0.0,0.2,0.9,0.0,0.0,0.0,0.0,,,,,,,,,,0.0,,,0.1
David Fluellen,TEN,RB,@Mia,L 10-16,0/0,0.0,0.0,0.0,0.1,0.6,0.0,0.0,0.0,0.0,,,,,,,,,,0.0,,,0.1
Jalston Fowler,TEN,RB,@Mia,L 10-16,0/0,0.0,0.0,0.0,0.1,0.5,0.0,0.0,0.0,0.0,,,,,,,,,,0.0,,,0.1
Alvin Kamara,NOR,RB,** BYE **,0/0,0,0.0,0.0,0.0,0.0,0.0,0.0,0.0,0.0,,,,,,,,,,,0.0,,,
Trey Edmunds,NOR,RB,** BYE **,0/0,0,0.0,0.0,0.0,0.0,0.0,0.0,0.0,0.0,,,,,,,,,,,0.0,,,
Chris Thompson,WAS,RB,** BYE **,0/0,0,0.0,0.0,0.0,0.0,0.0,0.0,0.0,0.0,,,,,,,,,,,0.0,,,
Steven Jackson,NWE,RB,@TB,W 19-14,0/0,0.0,0.0,0.0,0.0,0.0,0.0,0.0,0.0,0.0,,,,,,,,,,0.0,,,0.0
Darren Sproles,PHI,RB,Ari,W 34-7,0/0,0.0,0.0,0.0,0.0,0.0,0.0,0.0,0.0,0.0,,,,,,,,,,0.0,,,0.0
John Kuhn,NOR,RB,** BYE **,0/0,0,0.0,0.0,0.0,0.0,0.0,0.0,0.0,0.0,,,,,,,,,,,0.0,,,
Reggie Bush,BUF,RB,@Cin,L 16-20,0/0,0.0,0.0,0.0,0.0,0.0,0.0,0.0,0.0,0.0,,,,,,,,,,0.0,,,0.0
DeAngelo Williams,PIT,RB,Jax,L 9-30,0/0,0.0,0.0,0.0,0.0,0.0,0.0,0.0,0.0,0.0,,,,,,,,,,0.0,,,0.0
Fred Jackson,SEA,RB,@LAR,W 16-10,0/0,0.0,0.0,0.0,0.0,0.0,0.0,0.0,0.0,0.0,,,,,,,,,,0.0,,,0.0
Adrian Peterson,ARI,RB,@Phi,L 7-34,0/0,0.0,0.0,0.0,0.0,0.0,0.0,0.0,0.0,0.0,,,,,,,,,,0.0,,,0.0
Ahmad Bradshaw,IND,RB,SF,W 26-23,0/0,0.0,0.0,0.0,0.0,0.0,0.0,0.0,0.0,0.0,,,,,,,,,,0.0,,,0.0
Pierre Thomas,WAS,RB,** BYE **,0/0,0,0.0,0.0,0.0,0.0,0.0,0.0,0.0,0.0,,,,,,,,,,,0.0,,,
Darren McFadden,DAL,RB,GB,L 31-35,0/0,0.0,0.0,0.0,0.0,0.0,0.0,0.0,0.0,0.0,,,,,,,,,,0.0,,,0.0
Matt Forte,NYJ,RB,@Cle,W 17-14,0/0,0.0,0.0,0.0,0.0,0.0,0.0,0.0,0.0,0.0,,,,,,,,,,0.0,,,0.0
Jamaal Charles,DEN,RB,** BYE **,0/0,0,0.0,0.0,0.0,0.0,0.0,0.0,0.0,0.0,,,,,,,,,,,0.0,,,
Jerome Felton,BUF,RB,@Cin,L 16-20,0/0,0.0,0.0,0.0,0.0,0.0,0.0,0.0,0.0,0.0,,,,,,,,,,0.0,,,0.0
Tim Hightower,SFO,RB,@Ind,L 23-26,0/0,0.0,0.0,0.0,0.0,0.0,0.0,0.0,0.0,0.0,,,,,,,,,,0.0,,,0.0
Justin Forsett,DEN,RB,** BYE **,0/0,0,0.0,0.0,0.0,0.0,0.0,0.0,0.0,0.0,,,,,,,,,,,0.0,,,
Marcel Reece,SEA,RB,@LAR,W 16-10,0/0,0.0,0.0,0.0,0.0,0.0,0.0,0.0,0.0,0.0,,,,,,,,,,0.0,,,0.0
Danny Woodhead,BAL,RB,@Oak,W 30-17,0/0,0.0,0.0,0.0,0.0,0.0,0.0,0.0,0.0,0.0,,,,,,,,,,0.0,,,0.0
Donald Brown,NWE,RB,@TB,W 19-14,0/0,0.0,0.0,0.0,0.0,0.0,0.0,0.0,0.0,0.0,,,,,,,,,,0.0,,,0.0
Arian Foster,MIA,RB,Ten,W 16-10,0/0,0.0,0.0,0.0,0.0,0.0,0.0,0.0,0.0,0.0,,,,,,,,,,0.0,,,0.0
Rashad Jennings,NYG,RB,LAC,L 22-27,0/0,0.0,0.0,0.0,0.0,0.0,0.0,0.0,0.0,0.0,,,,,,,,,,0.0,,,0.0
Jorvorskie Lane,TAM,RB,NE,L 14-19,0/0,0.0,0.0,0.0,0.0,0.0,0.0,0.0,0.0,0.0,,,,,,,,,,0.0,,,0.0
Cedric Peerman,CIN,RB,Buf,W 20-16,0/0,0.0,0.0,0.0,0.0,0.0,0.0,0.0,0.0,0.0,,,,,,,,,,0.0,,,0.0
Marcus Thigpen,BUF,RB,@Cin,L 16-20,0/0,0.0,0.0,0.0,0.0,0.0,0.0,0.0,0.0,0.0,,,,,,,,,,0.0,,,0.0
Darrel Young,CAR,RB,@Det,W 27-24,0/0,0.0,0.0,0.0,0.0,0.0,0.0,0.0,0.0,0.0,,,,,,,,,,0.0,,,0.0
Antone Smith,TAM,RB,NE,L 14-19,0/0,0.0,0.0,0.0,0.0,0.0,0.0,0.0,0.0,0.0,,,,,,,,,,0.0,,,0.0
C.J. Spiller,KAN,RB,@Hou,W 42-34,0/0,0.0,0.0,0.0,0.0,0.0,0.0,0.0,0.0,0.0,,,,,,,,,,0.0,,,0.0
Ryan Mathews,PHI,RB,Ari,W 34-7,0/0,0.0,0.0,0.0,0.0,0.0,0.0,0.0,0.0,0.0,,,,,,,,,,0.0,,,0.0
Dexter McCluster,LAC,RB,@NYG,W 27-22,0/0,0.0,0.0,0.0,0.0,0.0,0.0,0.0,0.0,0.0,,,,,,,,,,0.0,,,0.0
Ben Tate,PIT,RB,Jax,L 9-30,0/0,0.0,0.0,0.0,0.0,0.0,0.0,0.0,0.0,0.0,,,,,,,,,,0.0,,,0.0
Toby Gerhart,JAC,RB,@Pit,W 30-9,0/0,0.0,0.0,0.0,0.0,0.0,0.0,0.0,0.0,0.0,,,,,,,,,,0.0,,,0.0
Boobie Dixon,BUF,RB,@Cin,L 16-20,0/0,0.0,0.0,0.0,0.0,0.0,0.0,0.0,0.0,0.0,,,,,,,,,,0.0,,,0.0
James Starks,GNB,RB,@Dal,W 35-31,0/0,0.0,0.0,0.0,0.0,0.0,0.0,0.0,0.0,0.0,,,,,,,,,,0.0,,,0.0
Joique Bell,DET,RB,Car,L 24-27,0/0,0.0,0.0,0.0,0.0,0.0,0.0,0.0,0.0,0.0,,,,,,,,,,0.0,,,0.0
Tyler Clutts,DAL,RB,GB,L 31-35,0/0,0.0,0.0,0.0,0.0,0.0,0.0,0.0,0.0,0.0,,,,,,,,,,0.0,,,0.0
Mark Ingram,NOR,RB,** BYE **,0/0,0,0.0,0.0,0.0,0.0,0.0,0.0,0.0,0.0,,,,,,,,,,,0.0,,,
Stevan Ridley,MIN,RB,@Chi,W 20-17,0/0,0.0,0.0,0.0,0.0,0.0,0.0,0.0,0.0,0.0,,,,,,,,,,0.0,,,0.0
Ryan Williams,DAL,RB,GB,L 31-35,0/0,0.0,0.0,0.0,0.0,0.0,0.0,0.0,0.0,0.0,,,,,,,,,,0.0,,,0.0
Daniel Thomas,MIA,RB,Ten,W 16-10,0/0,0.0,0.0,0.0,0.0,0.0,0.0,0.0,0.0,0.0,,,,,,,,,,0.0,,,0.0
Kendall Hunter,NOR,RB,** BYE **,0/0,0,0.0,0.0,0.0,0.0,0.0,0.0,0.0,0.0,,,,,,,,,,,0.0,,,
Taiwan Jones,BUF,RB,@Cin,L 16-20,0/0,0.0,0.0,0.0,0.0,0.0,0.0,0.0,0.0,0.0,,,,,,,,,,0.0,,,0.0
Roy Helu Jr.,OAK,RB,Bal,L 17-30,0/0,0.0,0.0,0.0,0.0,0.0,0.0,0.0,0.0,0.0,,,,,,,,,,0.0,,,0.0
DuJuan Harris,JAC,RB,@Pit,W 30-9,0/0,0.0,0.0,0.0,0.0,0.0,0.0,0.0,0.0,0.0,,,,,,,,,,0.0,,,0.0
Matt Asiata,DET,RB,Car,L 24-27,0/0,0.0,0.0,0.0,0.0,0.0,0.0,0.0,0.0,0.0,,,,,,,,,,0.0,,,0.0
Shaun Draughn,NYG,RB,LAC,L 22-27,0/0,0.0,0.0,0.0,0.0,0.0,0.0,0.0,0.0,0.0,,,,,,,,,,0.0,,,0.0
Chase Reynolds,LAR,RB,Sea,L 10-16,0/0,0.0,0.0,0.0,0.0,0.0,0.0,0.0,0.0,0.0,,,,,,,,,,0.0,,,0.0
Will Johnson,NYG,RB,LAC,L 22-27,0/0,0.0,0.0,0.0,0.0,0.0,0.0,0.0,0.0,0.0,,,,,,,,,,0.0,,,0.0
Trent Richardson,BAL,RB,@Oak,W 30-17,0/0,0.0,0.0,0.0,0.0,0.0,0.0,0.0,0.0,0.0,,,,,,,,,,0.0,,,0.0
Isaiah Pead,MIA,RB,Ten,W 16-10,0/0,0.0,0.0,0.0,0.0,0.0,0.0,0.0,0.0,0.0,,,,,,,,,,0.0,,,0.0
Chris Polk,HOU,RB,KC,L 34-42,0/0,0.0,0.0,0.0,0.0,0.0,0.0,0.0,0.0,0.0,,,,,,,,,,0.0,,,0.0
LaMike James,MIA,RB,Ten,W 16-10,0/0,0.0,0.0,0.0,0.0,0.0,0.0,0.0,0.0,0.0,,,,,,,,,,0.0,,,0.0
Bernard Pierce,DEN,RB,** BYE **,0/0,0,0.0,0.0,0.0,0.0,0.0,0.0,0.0,0.0,,,,,,,,,,,0.0,,,
Ronnie Hillman,DAL,RB,GB,L 31-35,0/0,0.0,0.0,0.0,0.0,0.0,0.0,0.0,0.0,0.0,,,,,,,,,,0.0,,,0.0
Cyrus Gray,ATL,RB,** BYE **,0/0,0,0.0,0.0,0.0,0.0,0.0,0.0,0.0,0.0,,,,,,,,,,,0.0,,,
Vick Ballard,NOR,RB,** BYE **,0/0,0,0.0,0.0,0.0,0.0,0.0,0.0,0.0,0.0,,,,,,,,,,,0.0,,,
Daniel Herron,BUF,RB,@Cin,L 16-20,0/0,0.0,0.0,0.0,0.0,0.0,0.0,0.0,0.0,0.0,,,,,,,,,,0.0,,,0.0
Bryce Brown,SEA,RB,@LAR,W 16-10,0/0,0.0,0.0,0.0,0.0,0.0,0.0,0.0,0.0,0.0,,,,,,,,,,0.0,,,0.0
Daryl Richardson,IND,RB,SF,W 26-23,0/0,0.0,0.0,0.0,0.0,0.0,0.0,0.0,0.0,0.0,,,,,,,,,,0.0,,,0.0
Cory Harkey,LAR,RB,Sea,L 10-16,0/0,0.0,0.0,0.0,0.0,0.0,0.0,0.0,0.0,0.0,,,,,,,,,,0.0,,,0.0
Joe Banyard,BUF,RB,@Cin,L 16-20,0/0,0.0,0.0,0.0,0.0,0.0,0.0,0.0,0.0,0.0,,,,,,,,,,0.0,,,0.0
Derrick Coleman,ATL,RB,** BYE **,0/0,0,0.0,0.0,0.0,0.0,0.0,0.0,0.0,0.0,,,,,,,,,,,0.0,,,
Jonas Gray,JAC,RB,@Pit,W 30-9,0/0,0.0,0.0,0.0,0.0,0.0,0.0,0.0,0.0,0.0,,,,,,,,,,0.0,,,0.0
Lance Dunbar,LAR,RB,Sea,L 10-16,0/0,0.0,0.0,0.0,0.0,0.0,0.0,0.0,0.0,0.0,,,,,,,,,,0.0,,,0.0
Brandon Bolden,NWE,RB,@TB,W 19-14,0/0,0.0,0.0,0.0,0.0,0.0,0.0,0.0,0.0,0.0,,,,,,,,,,0.0,,,0.0
Bobby Rainey Jr.,BAL,RB,@Oak,W 30-17,0/0,0.0,0.0,0.0,0.0,0.0,0.0,0.0,0.0,0.0,,,,,,,,,,0.0,,,0.0
Jonathan Grimes,JAC,RB,@Pit,W 30-9,0/0,0.0,0.0,0.0,0.0,0.0,0.0,0.0,0.0,0.0,,,,,,,,,,0.0,,,0.0
Montee Ball,FA,RB,** BYE **,0/0,0,0.0,0.0,0.0,0.0,0.0,0.0,0.0,0.0,,,,,,,,,,,0.0,,,
Knile Davis,PIT,RB,Jax,L 9-30,0/0,0.0,0.0,0.0,0.0,0.0,0.0,0.0,0.0,0.0,,,,,,,,,,0.0,,,0.0
Christine Michael,IND,RB,SF,W 26-23,0/0,0.0,0.0,0.0,0.0,0.0,0.0,0.0,0.0,0.0,,,,,,,,,,0.0,,,0.0
Denard Robinson,JAC,RB,@Pit,W 30-9,0/0,0.0,0.0,0.0,0.0,0.0,0.0,0.0,0.0,0.0,,,,,,,,,,0.0,,,0.0
Mike James,DET,RB,Car,L 24-27,0/0,0.0,0.0,0.0,0.0,0.0,0.0,0.0,0.0,0.0,,,,,,,,,,0.0,,,0.0
Rex Burkhead,NWE,RB,@TB,W 19-14,0/0,0.0,0.0,0.0,0.0,0.0,0.0,0.0,0.0,0.0,,,,,,,,,,0.0,,,0.0
Stepfan Taylor,ARI,RB,@Phi,L 7-34,0/0,0.0,0.0,0.0,0.0,0.0,0.0,0.0,0.0,0.0,,,,,,,,,,0.0,,,0.0
Zac Stacy,NYJ,RB,@Cle,W 17-14,0/0,0.0,0.0,0.0,0.0,0.0,0.0,0.0,0.0,0.0,,,,,,,,,,0.0,,,0.0
Joseph Randle,FA,RB,** BYE **,0/0,0,0.0,0.0,0.0,0.0,0.0,0.0,0.0,0.0,,,,,,,,,,,0.0,,,
Spencer Ware,KAN,RB,@Hou,W 42-34,0/0,0.0,0.0,0.0,0.0,0.0,0.0,0.0,0.0,0.0,,,,,,,,,,0.0,,,0.0
C.J. Anderson,DEN,RB,** BYE **,0/0,0,0.0,0.0,0.0,0.0,0.0,0.0,0.0,0.0,,,,,,,,,,,0.0,,,
Benny Cunningham,CHI,RB,Min,L 17-20,0/0,0.0,0.0,0.0,0.0,0.0,0.0,0.0,0.0,0.0,,,,,,,,,,0.0,,,0.0
Kendall Gaskins,SFO,RB,@Ind,L 23-26,0/0,0.0,0.0,0.0,0.0,0.0,0.0,0.0,0.0,0.0,,,,,,,,,,0.0,,,0.0
Steven Miller,DET,RB,Car,L 24-27,0/0,0.0,0.0,0.0,0.0,0.0,0.0,0.0,0.0,0.0,,,,,,,,,,0.0,,,0.0
Zach Line,NOR,RB,** BYE **,0/0,0,0.0,0.0,0.0,0.0,0.0,0.0,0.0,0.0,,,,,,,,,,,0.0,,,
George Winn,IND,RB,SF,W 26-23,0/0,0.0,0.0,0.0,0.0,0.0,0.0,0.0,0.0,0.0,,,,,,,,,,0.0,,,0.0
Khiry Robinson,NYJ,RB,@Cle,W 17-14,0/0,0.0,0.0,0.0,0.0,0.0,0.0,0.0,0.0,0.0,,,,,,,,,,0.0,,,0.0
Dri Archer,BUF,RB,@Cin,L 16-20,0/0,0.0,0.0,0.0,0.0,0.0,0.0,0.0,0.0,0.0,,,,,,,,,,0.0,,,0.0
Tre Mason,LAR,RB,Sea,L 10-16,0/0,0.0,0.0,0.0,0.0,0.0,0.0,0.0,0.0,0.0,,,,,,,,,,0.0,,,0.0
Bishop Sankey,MIN,RB,@Chi,W 20-17,0/0,0.0,0.0,0.0,0.0,0.0,0.0,0.0,0.0,0.0,,,,,,,,,,0.0,,,0.0
Tyler Gaffney,JAC,RB,@Pit,W 30-9,0/0,0.0,0.0,0.0,0.0,0.0,0.0,0.0,0.0,0.0,,,,,,,,,,0.0,,,0.0
Storm Johnson,MIA,RB,Ten,W 16-10,0/0,0.0,0.0,0.0,0.0,0.0,0.0,0.0,0.0,0.0,,,,,,,,,,0.0,,,0.0
Lache Seastrunk,NYJ,RB,@Cle,W 17-14,0/0,0.0,0.0,0.0,0.0,0.0,0.0,0.0,0.0,0.0,,,,,,,,,,0.0,,,0.0
Andre Williams,LAC,RB,@NYG,W 27-22,0/0,0.0,0.0,0.0,0.0,0.0,0.0,0.0,0.0,0.0,,,,,,,,,,0.0,,,0.0
Ka'Deem Carey,CHI,RB,Min,L 17-20,0/0,0.0,0.0,0.0,0.0,0.0,0.0,0.0,0.0,0.0,,,,,,,,,,0.0,,,0.0
Devonta Freeman,ATL,RB,** BYE **,0/0,0,0.0,0.0,0.0,0.0,0.0,0.0,0.0,0.0,,,,,,,,,,,0.0,,,
Lorenzo Taliaferro,BAL,RB,@Oak,W 30-17,0/0,0.0,0.0,0.0,0.0,0.0,0.0,0.0,0.0,0.0,,,,,,,,,,0.0,,,0.0
Marion Grice,ARI,RB,@Phi,L 7-34,0/0,0.0,0.0,0.0,0.0,0.0,0.0,0.0,0.0,0.0,,,,,,,,,,0.0,,,0.0
Juwan Thompson,DEN,RB,** BYE **,0/0,0,0.0,0.0,0.0,0.0,0.0,0.0,0.0,0.0,,,,,,,,,,,0.0,,,
Kapri Bibbs,SFO,RB,@Ind,L 23-26,0/0,0.0,0.0,0.0,0.0,0.0,0.0,0.0,0.0,0.0,,,,,,,,,,0.0,,,0.0
Branden Oliver,LAC,RB,@NYG,W 27-22,0/0,0.0,0.0,0.0,0.0,0.0,0.0,0.0,0.0,0.0,,,,,,,,,,0.0,,,0.0
Antonio Andrews,TEN,RB,@Mia,L 10-16,0/0,0.0,0.0,0.0,0.0,0.0,0.0,0.0,0.0,0.0,,,,,,,,,,0.0,,,0.0
Darrin Reaves,KAN,RB,@Hou,W 42-34,0/0,0.0,0.0,0.0,0.0,0.0,0.0,0.0,0.0,0.0,,,,,,,,,,0.0,,,0.0
Silas Redd,WAS,RB,** BYE **,0/0,0,0.0,0.0,0.0,0.0,0.0,0.0,0.0,0.0,,,,,,,,,,,0.0,,,
Ryan Hewitt,CIN,RB,Buf,W 20-16,0/0,0.0,0.0,0.0,0.0,0.0,0.0,0.0,0.0,0.0,,,,,,,,,,0.0,,,0.0
Trey Watts,LAR,RB,Sea,L 10-16,0/0,0.0,0.0,0.0,0.0,0.0,0.0,0.0,0.0,0.0,,,,,,,,,,0.0,,,0.0
Austin Johnson,TAM,RB,NE,L 14-19,0/0,0.0,0.0,0.0,0.0,0.0,0.0,0.0,0.0,0.0,,,,,,,,,,0.0,,,0.0
Senorise Perry,MIA,RB,Ten,W 16-10,0/0,0.0,0.0,0.0,0.0,0.0,0.0,0.0,0.0,0.0,,,,,,,,,,0.0,,,0.0
Glenn Winston,CLE,RB,NYJ,L 14-17,0/0,0.0,0.0,0.0,0.0,0.0,0.0,0.0,0.0,0.0,,,,,,,,,,0.0,,,0.0
Fitzgerald Toussaint,PIT,RB,Jax,L 9-30,0/0,0.0,0.0,0.0,0.0,0.0,0.0,0.0,0.0,0.0,,,,,,,,,,0.0,,,0.0
Roosevelt Nix,PIT,RB,Jax,L 9-30,0/0,0.0,0.0,0.0,0.0,0.0,0.0,0.0,0.0,0.0,,,,,,,,,,0.0,,,0.0
David Johnson,ARI,RB,@Phi,L 7-34,0/0,0.0,0.0,0.0,0.0,0.0,0.0,0.0,0.0,0.0,,,,,,,,,,0.0,,,0.0
Marcus Murphy,NYJ,RB,@Cle,W 17-14,0/0,0.0,0.0,0.0,0.0,0.0,0.0,0.0,0.0,0.0,,,,,,,,,,0.0,,,0.0
Jeremy Langford,BAL,RB,@Oak,W 30-17,0/0,0.0,0.0,0.0,0.0,0.0,0.0,0.0,0.0,0.0,,,,,,,,,,0.0,,,0.0
Malcolm Johnson,SEA,RB,@LAR,W 16-10,0/0,0.0,0.0,0.0,0.0,0.0,0.0,0.0,0.0,0.0,,,,,,,,,,0.0,,,0.0
Joey Iosefa,NWE,RB,@TB,W 19-14,0/0,0.0,0.0,0.0,0.0,0.0,0.0,0.0,0.0,0.0,,,,,,,,,,0.0,,,0.0
David Cobb,CHI,RB,Min,L 17-20,0/0,0.0,0.0,0.0,0.0,0.0,0.0,0.0,0.0,0.0,,,,,,,,,,0.0,,,0.0
Karlos Williams,PIT,RB,Jax,L 9-30,0/0,0.0,0.0,0.0,0.0,0.0,0.0,0.0,0.0,0.0,,,,,,,,,,0.0,,,0.0
Ty Montgomery,GNB,RB,@Dal,W 35-31,0/0,0.0,0.0,0.0,0.0,0.0,0.0,0.0,0.0,0.0,,,,,,,,,,0.0,,,0.0
Kenny Hilliard,WAS,RB,** BYE **,0/0,0,0.0,0.0,0.0,0.0,0.0,0.0,0.0,0.0,,,,,,,,,,,0.0,,,
Josh Robinson,IND,RB,SF,W 26-23,0/0,0.0,0.0,0.0,0.0,0.0,0.0,0.0,0.0,0.0,,,,,,,,,,0.0,,,0.0
Tyler Varga,IND,RB,SF,W 26-23,0/0,0.0,0.0,0.0,0.0,0.0,0.0,0.0,0.0,0.0,,,,,,,,,,0.0,,,0.0
T.J. Yeldon,JAC,RB,@Pit,W 30-9,0/0,0.0,0.0,0.0,0.0,0.0,0.0,0.0,0.0,0.0,,,,,,,,,,0.0,,,0.0
Tevin Coleman,ATL,RB,** BYE **,0/0,0,0.0,0.0,0.0,0.0,0.0,0.0,0.0,0.0,,,,,,,,,,,0.0,,,
Matt Jones,IND,RB,SF,W 26-23,0/0,0.0,0.0,0.0,0.0,0.0,0.0,0.0,0.0,0.0,,,,,,,,,,0.0,,,0.0
Mike Davis,SEA,RB,@LAR,W 16-10,0/0,0.0,0.0,0.0,0.0,0.0,0.0,0.0,0.0,0.0,,,,,,,,,,0.0,,,0.0
Cameron Artis-Payne,CAR,RB,@Det,W 27-24,0/0,0.0,0.0,0.0,0.0,0.0,0.0,0.0,0.0,0.0,,,,,,,,,,0.0,,,0.0
Michael Dyer,OAK,RB,Bal,L 17-30,0/0,0.0,0.0,0.0,0.0,0.0,0.0,0.0,0.0,0.0,,,,,,,,,,0.0,,,0.0
John Crockett,OAK,RB,Bal,L 17-30,0/0,0.0,0.0,0.0,0.0,0.0,0.0,0.0,0.0,0.0,,,,,,,,,,0.0,,,0.0
Terrence Magee,CLE,RB,NYJ,L 14-17,0/0,0.0,0.0,0.0,0.0,0.0,0.0,0.0,0.0,0.0,,,,,,,,,,0.0,,,0.0
Gus Johnson,LAC,RB,@NYG,W 27-22,0/0,0.0,0.0,0.0,0.0,0.0,0.0,0.0,0.0,0.0,,,,,,,,,,0.0,,,0.0
Terron Ward,ATL,RB,** BYE **,0/0,0,0.0,0.0,0.0,0.0,0.0,0.0,0.0,0.0,,,,,,,,,,,0.0,,,
Jarryd Hayne,SFO,RB,@Ind,L 23-26,0/0,0.0,0.0,0.0,0.0,0.0,0.0,0.0,0.0,0.0,,,,,,,,,,0.0,,,0.0
Brandon Wegher,LAR,RB,Sea,L 10-16,0/0,0.0,0.0,0.0,0.0,0.0,0.0,0.0,0.0,0.0,,,,,,,,,,0.0,,,0.0
Alonzo Harris,GNB,RB,@Dal,W 35-31,0/0,0.0,0.0,0.0,0.0,0.0,0.0,0.0,0.0,0.0,,,,,,,,,,0.0,,,0.0
Nikita Whitlock,NYG,RB,LAC,L 22-27,0/0,0.0,0.0,0.0,0.0,0.0,0.0,0.0,0.0,0.0,,,,,,,,,,0.0,,,0.0
Trey Williams,PIT,RB,Jax,L 9-30,0/0,0.0,0.0,0.0,0.0,0.0,0.0,0.0,0.0,0.0,,,,,,,,,,0.0,,,0.0
Akeem Hunt,KAN,RB,@Hou,W 42-34,0/0,0.0,0.0,0.0,0.0,0.0,0.0,0.0,0.0,0.0,,,,,,,,,,0.0,,,0.0
C.J. Prosise,SEA,RB,@LAR,W 16-10,0/0,0.0,0.0,0.0,0.0,0.0,0.0,0.0,0.0,0.0,,,,,,,,,,0.0,,,0.0
Tyler Ervin,HOU,RB,KC,L 34-42,0/0,0.0,0.0,0.0,0.0,0.0,0.0,0.0,0.0,0.0,,,,,,,,,,0.0,,,0.0
Kenneth Dixon,BAL,RB,@Oak,W 30-17,0/0,0.0,0.0,0.0,0.0,0.0,0.0,0.0,0.0,0.0,,,,,,,,,,0.0,,,0.0
Devontae Booker,DEN,RB,** BYE **,0/0,0,0.0,0.0,0.0,0.0,0.0,0.0,0.0,0.0,,,,,,,,,,,0.0,,,
Paul Perkins,NYG,RB,LAC,L 22-27,0/0,0.0,0.0,0.0,0.0,0.0,0.0,0.0,0.0,0.0,,,,,,,,,,0.0,,,0.0
Wendell Smallwood,PHI,RB,Ari,W 34-7,0/0,0.0,0.0,0.0,0.0,0.0,0.0,0.0,0.0,0.0,,,,,,,,,,0.0,,,0.0
Jonathan Williams,BUF,RB,@Cin,L 16-20,0/0,0.0,0.0,0.0,0.0,0.0,0.0,0.0,0.0,0.0,,,,,,,,,,0.0,,,0.0
Andy Janovich,DEN,RB,** BYE **,0/0,0,0.0,0.0,0.0,0.0,0.0,0.0,0.0,0.0,,,,,,,,,,,0.0,,,
Danny Vitale,CLE,RB,NYJ,L 14-17,0/0,0.0,0.0,0.0,0.0,0.0,0.0,0.0,0.0,0.0,,,,,,,,,,0.0,,,0.0
Kelvin Taylor,ATL,RB,** BYE **,0/0,0,0.0,0.0,0.0,0.0,0.0,0.0,0.0,0.0,,,,,,,,,,,0.0,,,
Darius Jackson,CLE,RB,NYJ,L 14-17,0/0,0.0,0.0,0.0,0.0,0.0,0.0,0.0,0.0,0.0,,,,,,,,,,0.0,,,0.0
Dwayne Washington,DET,RB,Car,L 24-27,0/0,0.0,0.0,0.0,0.0,0.0,0.0,0.0,0.0,0.0,,,,,,,,,,0.0,,,0.0
Daniel Lasco,NOR,RB,** BYE **,0/0,0,0.0,0.0,0.0,0.0,0.0,0.0,0.0,0.0,,,,,,,,,,,0.0,,,
Keith Marshall,WAS,RB,** BYE **,0/0,0,0.0,0.0,0.0,0.0,0.0,0.0,0.0,0.0,,,,,,,,,,,0.0,,,
Zac Brooks,SEA,RB,@LAR,W 16-10,0/0,0.0,0.0,0.0,0.0,0.0,0.0,0.0,0.0,0.0,,,,,,,,,,0.0,,,0.0
Josh Ferguson,IND,RB,SF,W 26-23,0/0,0.0,0.0,0.0,0.0,0.0,0.0,0.0,0.0,0.0,,,,,,,,,,0.0,,,0.0
Brandon Wilds,CLE,RB,NYJ,L 14-17,0/0,0.0,0.0,0.0,0.0,0.0,0.0,0.0,0.0,0.0,,,,,,,,,,0.0,,,0.0
Jhurell Pressley,ATL,RB,** BYE **,0/0,0,0.0,0.0,0.0,0.0,0.0,0.0,0.0,0.0,,,,,,,,,,,0.0,,,
Byron Marshall,PHI,RB,Ari,W 34-7,0/0,0.0,0.0,0.0,0.0,0.0,0.0,0.0,0.0,0.0,,,,,,,,,,0.0,,,0.0
George Atkinson III,OAK,RB,Bal,L 17-30,0/0,0.0,0.0,0.0,0.0,0.0,0.0,0.0,0.0,0.0,,,,,,,,,,0.0,,,0.0
James Wilder Jr.,BUF,RB,@Cin,L 16-20,0/0,0.0,0.0,0.0,0.0,0.0,0.0,0.0,0.0,0.0,,,,,,,,,,0.0,,,0.0
D.J. Foster,ARI,RB,@Phi,L 7-34,0/0,0.0,0.0,0.0,0.0,0.0,0.0,0.0,0.0,0.0,,,,,,,,,,0.0,,,0.0
Dreamius Smith,LAC,RB,@NYG,W 27-22,0/0,0.0,0.0,0.0,0.0,0.0,0.0,0.0,0.0,0.0,,,,,,,,,,0.0,,,0.0
Devon Johnson,CAR,RB,@Det,W 27-24,0/0,0.0,0.0,0.0,0.0,0.0,0.0,0.0,0.0,0.0,,,,,,,,,,0.0,,,0.0
Rob Kelley,WAS,RB,** BYE **,0/0,0,0.0,0.0,0.0,0.0,0.0,0.0,0.0,0.0,,,,,,,,,,,0.0,,,
Troymaine Pope,IND,RB,SF,W 26-23,0/0,0.0,0.0,0.0,0.0,0.0,0.0,0.0,0.0,0.0,,,,,,,,,,0.0,,,0.0
Glenn Gronkowski,NWE,RB,@TB,W 19-14,0/0,0.0,0.0,0.0,0.0,0.0,0.0,0.0,0.0,0.0,,,,,,,,,,0.0,,,0.0
Julian Howsare,NYJ,RB,@Cle,W 17-14,0/0,0.0,0.0,0.0,0.0,0.0,0.0,0.0,0.0,0.0,,,,,,,,,,0.0,,,0.0
Kenneth Farrow,LAC,RB,@NYG,W 27-22,0/0,0.0,0.0,0.0,0.0,0.0,0.0,0.0,0.0,0.0,,,,,,,,,,0.0,,,0.0
Paul Lasike,CHI,RB,Min,L 17-20,0/0,0.0,0.0,0.0,0.0,0.0,0.0,0.0,0.0,0.0,,,,,,,,,,0.0,,,0.0
Don Jackson,GNB,RB,@Dal,W 35-31,0/0,0.0,0.0,0.0,0.0,0.0,0.0,0.0,0.0,0.0,,,,,,,,,,0.0,,,0.0
George Farmer,SEA,RB,@LAR,W 16-10,0/0,0.0,0.0,0.0,0.0,0.0,0.0,0.0,0.0,0.0,,,,,,,,,,0.0,,,0.0
Mack Brown,WAS,RB,** BYE **,0/0,0,0.0,0.0,0.0,0.0,0.0,0.0,0.0,0.0,,,,,,,,,,,0.0,,,
Donnel Pumphrey,PHI,RB,Ari,W 34-7,0/0,0.0,0.0,0.0,0.0,0.0,0.0,0.0,0.0,0.0,,,,,,,,,,0.0,,,0.0
De'Angelo Henderson,DEN,RB,** BYE **,0/0,0,0.0,0.0,0.0,0.0,0.0,0.0,0.0,0.0,,,,,,,,,,,0.0,,,
Samaje Perine,WAS,RB,** BYE **,0/0,0,0.0,0.0,0.0,0.0,0.0,0.0,0.0,0.0,,,,,,,,,,,0.0,,,
Elijah Hood,OAK,RB,Bal,L 17-30,0/0,0.0,0.0,0.0,0.0,0.0,0.0,0.0,0.0,0.0,,,,,,,,,,0.0,,,0.0
Marquez Williams,JAC,RB,@Pit,W 30-9,0/0,0.0,0.0,0.0,0.0,0.0,0.0,0.0,0.0,0.0,,,,,,,,,,0.0,,,0.0
Dalvin Cook,MIN,RB,@Chi,W 20-17,0/0,0.0,0.0,0.0,0.0,0.0,0.0,0.0,0.0,0.0,,,,,,,,,,0.0,,,0.0
T.J. Logan,ARI,RB,@Phi,L 7-34,0/0,0.0,0.0,0.0,0.0,0.0,0.0,0.0,0.0,0.0,,,,,,,,,,0.0,,,0.0
Sam Rogers,LAR,RB,Sea,L 10-16,0/0,0.0,0.0,0.0,0.0,0.0,0.0,0.0,0.0,0.0,,,,,,,,,,0.0,,,0.0
Chris Carson,SEA,RB,@LAR,W 16-10,0/0,0.0,0.0,0.0,0.0,0.0,0.0,0.0,0.0,0.0,,,,,,,,,,0.0,,,0.0
Joe Williams,SFO,RB,@Ind,L 23-26,0/0,0.0,0.0,0.0,0.0,0.0,0.0,0.0,0.0,0.0,,,,,,,,,,0.0,,,0.0
Khalfani Muhammad,TEN,RB,@Mia,L 10-16,0/0,0.0,0.0,0.0,0.0,0.0,0.0,0.0,0.0,0.0,,,,,,,,,,0.0,,,0.0
Jeremy McNichols,TAM,RB,NE,L 14-19,0/0,0.0,0.0,0.0,0.0,0.0,0.0,0.0,0.0,0.0,,,,,,,,,,0.0,,,0.0
Brian Hill,ATL,RB,** BYE **,0/0,0,0.0,0.0,0.0,0.0,0.0,0.0,0.0,0.0,,,,,,,,,,,0.0,,,
Freddie Stevenson,CHI,RB,Min,L 17-20,0/0,0.0,0.0,0.0,0.0,0.0,0.0,0.0,0.0,0.0,,,,,,,,,,0.0,,,0.0
Algernon Brown,NYJ,RB,@Cle,W 17-14,0/0,0.0,0.0,0.0,0.0,0.0,0.0,0.0,0.0,0.0,,,,,,,,,,0.0,,,0.0
Jahad Thomas,NYJ,RB,@Cle,W 17-14,0/0,0.0,0.0,0.0,0.0,0.0,0.0,0.0,0.0,0.0,,,,,,,,,,0.0,,,0.0
Elijhaa Penny,ARI,RB,@Phi,L 7-34,0/0,0.0,0.0,0.0,0.0,0.0,0.0,0.0,0.0,0.0,,,,,,,,,,0.0,,,0.0
Justin Davis,LAR,RB,Sea,L 10-16,0/0,0.0,0.0,0.0,0.0,0.0,0.0,0.0,0.0,0.0,,,,,,,,,,0.0,,,0.0
Taquan Mizzell,CHI,RB,Min,L 17-20,0/0,0.0,0.0,0.0,0.0,0.0,0.0,0.0,0.0,0.0,,,,,,,,,,0.0,,,0.0
Tre Madden,SEA,RB,@LAR,W 16-10,0/0,0.0,0.0,0.0,0.0,0.0,0.0,0.0,0.0,0.0,,,,,,,,,,0.0,,,0.0
Jordy Nelson,GNB,WR,@Dal,W 35-31,0/0,0.0,0.0,0.0,0.0,0.0,0.0,5.7,80.3,0.7,,,,,,,,,,0.0,,,12.2
Mike Evans,TAM,WR,NE,L 14-19,0/0,0.0,0.0,0.0,0.0,0.0,0.0,6.4,81.8,0.6,,,,,,,,,,0.0,,,11.8
A.J. Green,CIN,WR,Buf,W 20-16,0/0,0.0,0.0,0.0,0.0,0.0,0.0,6.2,89.4,0.4,,,,,,,,,,0.0,,,11.3
Antonio Brown,PIT,WR,Jax,L 9-30,0/0,0.0,0.0,0.0,0.3,1.6,0.0,6.4,81.8,0.4,,,,,,,,,,0.0,,,11.0
Dez Bryant,DAL,WR,GB,L 31-35,0/0,0.0,0.0,0.0,0.0,0.0,0.0,4.9,73.4,0.6,,,,,,,,,,0.0,,,10.9
DeAndre Hopkins,HOU,WR,KC,L 34-42,0/0,0.0,0.0,0.0,0.0,0.0,0.0,5.8,77.2,0.5,,,,,,,,,,0.0,,,10.7
Odell Beckham Jr.,NYG,WR,LAC,L 22-27,0/0,0.0,0.0,0.0,0.0,0.0,0.0,5.6,74.5,0.5,,,,,,,,,,0.0,,,10.4
Chris Hogan,NWE,WR,@TB,W 19-14,0/0,0.0,0.0,0.0,0.5,3.1,0.0,4.4,68.0,0.5,,,,,,,,,,0.0,,,10.1
Brandin Cooks,NWE,WR,@TB,W 19-14,0/0,0.0,0.0,0.0,0.5,2.9,0.0,4.8,73.7,0.4,,,,,,,,,,0.0,,,10.0
DeSean Jackson,TAM,WR,NE,L 14-19,0/0,0.0,0.0,0.0,0.0,0.0,0.0,4.2,73.1,0.4,,,,,,,,,,0.0,,,9.6
T.Y. Hilton,IND,WR,SF,W 26-23,0/0,0.0,0.0,0.0,0.0,0.0,0.0,4.5,72.3,0.3,,,,,,,,,,0.0,,,9.0
Doug Baldwin,SEA,WR,@LAR,W 16-10,0/0,0.0,0.0,0.0,0.3,1.6,0.0,5.1,63.1,0.4,,,,,,,,,,0.0,,,8.9
Stefon Diggs,MIN,WR,@Chi,W 20-17,0/0,0.0,0.0,0.0,0.5,3.1,0.0,6.0,67.1,0.3,,,,,,,,,,0.0,,,8.9
Tyreek Hill,KAN,WR,@Hou,W 42-34,0/0,0.0,0.0,0.0,1.7,10.4,0.1,5.0,55.2,0.3,,,,,,,,,,0.0,,,8.7
Davante Adams,GNB,WR,@Dal,W 35-31,0/0,0.0,0.0,0.0,0.0,0.0,0.0,4.4,56.7,0.5,,,,,,,,,,0.0,,,8.7
Larry Fitzgerald,ARI,WR,@Phi,L 7-34,0/0,0.0,0.0,0.0,0.0,0.0,0.0,6.3,69.5,0.3,,,,,,,,,,0.0,,,8.7
Pierre Garcon,SFO,WR,@Ind,L 23-26,0/0,0.0,0.0,0.0,0.0,0.0,0.0,5.2,68.9,0.3,,,,,,,,,,0.0,,,8.6
Golden Tate,DET,WR,Car,L 24-27,0/0,0.0,0.0,0.0,0.6,3.4,0.0,5.5,61.3,0.3,,,,,,,,,,0.0,,,8.5
Randall Cobb,GNB,WR,@Dal,W 35-31,0/0,0.0,0.0,0.0,0.4,2.8,0.0,4.8,55.8,0.4,,,,,,,,,,0.0,,,8.4
Keenan Allen,LAC,WR,@NYG,W 27-22,0/0,0.0,0.0,0.0,0.0,0.0,0.0,6.0,66.5,0.3,,,,,,,,,,0.0,,,8.4
DeVante Parker,MIA,WR,Ten,W 16-10,0/0,0.0,0.0,0.0,0.0,0.0,0.0,4.4,60.4,0.4,,,,,,,,,,0.0,,,8.3
Jarvis Landry,MIA,WR,Ten,W 16-10,0/0,0.0,0.0,0.0,0.2,1.3,0.0,5.7,60.9,0.3,,,,,,,,,,0.0,,,7.9
Adam Thielen,MIN,WR,@Chi,W 20-17,0/0,0.0,0.0,0.0,0.0,0.0,0.0,4.9,63.5,0.3,,,,,,,,,,0.0,,,7.9
Marvin Jones Jr.,DET,WR,Car,L 24-27,0/0,0.0,0.0,0.0,0.0,0.0,0.0,3.5,50.7,0.4,,,,,,,,,,0.0,,,7.3
Sammy Watkins,LAR,WR,Sea,L 10-16,0/0,0.0,0.0,0.0,0.0,0.0,0.0,3.9,58.1,0.3,,,,,,,,,,0.0,,,7.3
Rishard Matthews,TEN,WR,@Mia,L 10-16,0/0,0.0,0.0,0.0,0.0,0.0,0.0,4.2,53.7,0.3,,,,,,,,,,0.0,,,7.2
Kelvin Benjamin,CAR,WR,@Det,W 27-24,0/0,0.0,0.0,0.0,0.0,0.0,0.0,3.6,55.8,0.3,,,,,,,,,,0.0,,,7.2
Devin Funchess,CAR,WR,@Det,W 27-24,0/0,0.0,0.0,0.0,0.0,0.0,0.0,3.5,53.8,0.3,,,,,,,,,,0.0,,,7.2
Danny Amendola,NWE,WR,@TB,W 19-14,0/0,0.0,0.0,0.0,0.1,0.8,0.0,4.8,51.3,0.3,,,,,,,,,,0.0,,,7.2
John Brown,ARI,WR,@Phi,L 7-34,0/0,0.0,0.0,0.0,0.4,2.5,0.0,3.8,56.2,0.2,,,,,,,,,,0.0,,,7.1
Alshon Jeffery,PHI,WR,Ari,W 34-7,0/0,0.0,0.0,0.0,0.0,0.0,0.0,3.7,52.9,0.3,,,,,,,,,,0.0,,,7.0
Michael Crabtree,OAK,WR,Bal,L 17-30,0/0,0.0,0.0,0.0,0.0,0.0,0.0,4.4,50.4,0.3,,,,,,,,,,0.0,,,6.9
Martavis Bryant,PIT,WR,Jax,L 9-30,0/0,0.0,0.0,0.0,0.4,2.7,0.0,3.1,45.6,0.3,,,,,,,,,,0.0,,,6.9
Torrey Smith,PHI,WR,Ari,W 34-7,0/0,0.0,0.0,0.0,0.0,0.0,0.0,3.2,50.7,0.3,,,,,,,,,,0.0,,,6.8
Amari Cooper,OAK,WR,Bal,L 17-30,0/0,0.0,0.0,0.0,0.0,0.0,0.0,4.2,52.4,0.3,,,,,,,,,,0.0,,,6.8
Tyrell Williams,LAC,WR,@NYG,W 27-22,0/0,0.0,0.0,0.0,0.0,0.0,0.0,3.7,51.4,0.3,,,,,,,,,,0.0,,,6.8
Robby Anderson,NYJ,WR,@Cle,W 17-14,0/0,0.0,0.0,0.0,0.2,1.5,0.0,3.5,51.4,0.2,,,,,,,,,,0.0,,,6.7
Jeremy Maclin,BAL,WR,@Oak,W 30-17,0/0,0.0,0.0,0.0,0.0,0.0,0.0,4.3,53.7,0.2,,,,,,,,,,0.0,,,6.7
Jermaine Kearse,NYJ,WR,@Cle,W 17-14,0/0,0.0,0.0,0.0,0.0,0.0,0.0,3.6,49.3,0.3,,,,,,,,,,0.0,,,6.7
Will Fuller V,HOU,WR,KC,L 34-42,0/0,0.0,0.0,0.0,0.3,1.8,0.0,3.4,45.4,0.3,,,,,,,,,,0.0,,,6.7
Marqise Lee,JAC,WR,@Pit,W 30-9,0/0,0.0,0.0,0.0,0.5,3.1,0.0,4.0,46.9,0.2,,,,,,,,,,0.0,,,6.6
Mike Wallace,BAL,WR,@Oak,W 30-17,0/0,0.0,0.0,0.0,0.2,1.5,0.0,3.8,48.2,0.2,,,,,,,,,,0.0,,,6.5
Kenny Stills,MIA,WR,Ten,W 16-10,0/0,0.0,0.0,0.0,0.0,0.0,0.0,3.0,46.8,0.3,,,,,,,,,,0.0,,,6.3
Brandon Marshall,NYG,WR,LAC,L 22-27,0/0,0.0,0.0,0.0,0.0,0.0,0.0,3.3,42.3,0.3,,,,,,,,,,0.0,,,6.2
Cooper Kupp,LAR,WR,Sea,L 10-16,0/0,0.0,0.0,0.0,0.0,0.0,0.0,3.8,45.8,0.3,,,,,,,,,,0.0,,,6.1
Jaron Brown,ARI,WR,@Phi,L 7-34,0/0,0.0,0.0,0.0,0.2,1.2,0.0,3.5,47.6,0.2,,,,,,,,,,0.0,,,6.1
Allen Hurns,JAC,WR,@Pit,W 30-9,0/0,0.0,0.0,0.0,0.0,0.0,0.0,3.7,46.7,0.2,,,,,,,,,,0.0,,,6.1
Sterling Shepard,NYG,WR,LAC,L 22-27,0/0,0.0,0.0,0.0,0.3,1.7,0.0,3.5,40.7,0.3,,,,,,,,,,0.0,,,6.0
Marquise Goodwin,SFO,WR,@Ind,L 23-26,0/0,0.0,0.0,0.0,0.1,0.7,0.0,2.9,46.2,0.2,,,,,,,,,,0.0,,,6.0
Terrance Williams,DAL,WR,GB,L 31-35,0/0,0.0,0.0,0.0,0.0,0.0,0.0,2.9,43.7,0.3,,,,,,,,,,0.0,,,5.9
Donte Moncrief,IND,WR,SF,W 26-23,0/0,0.0,0.0,0.0,0.3,1.7,0.0,3.1,39.2,0.3,,,,,,,,,,0.0,,,5.8
Robert Woods,LAR,WR,Sea,L 10-16,0/0,0.0,0.0,0.0,0.0,0.0,0.0,3.8,44.5,0.2,,,,,,,,,,0.0,,,5.8
Eric Decker,TEN,WR,@Mia,L 10-16,0/0,0.0,0.0,0.0,0.0,0.0,0.0,3.1,38.6,0.3,,,,,,,,,,0.0,,,5.7
Cole Beasley,DAL,WR,GB,L 31-35,0/0,0.0,0.0,0.0,0.0,0.0,0.0,4.0,44.0,0.2,,,,,,,,,,0.0,,,5.6
Rashard Higgins,CLE,WR,NYJ,L 14-17,0/0,0.0,0.0,0.0,0.0,0.0,0.0,3.2,40.7,0.2,,,,,,,,,,0.0,,,5.6
Ricardo Louis,CLE,WR,NYJ,L 14-17,0/0,0.0,0.0,0.0,0.3,1.6,0.0,3.2,40.2,0.2,,,,,,,,,,0.0,,,5.5
Tyler Lockett,SEA,WR,@LAR,W 16-10,0/0,0.0,0.0,0.0,0.3,1.6,0.0,2.8,38.4,0.2,,,,,,,,,,0.0,,,5.5
Travis Benjamin,LAC,WR,@NYG,W 27-22,0/0,0.0,0.0,0.0,0.1,0.7,0.0,2.9,39.9,0.2,,,,,,,,,,0.0,,,5.4
Paul Richardson,SEA,WR,@LAR,W 16-10,0/0,0.0,0.0,0.0,0.0,0.0,0.0,2.9,38.4,0.2,,,,,,,,,,0.0,,,5.3
Nelson Agholor,PHI,WR,Ari,W 34-7,0/0,0.0,0.0,0.0,0.3,1.8,0.0,3.2,37.9,0.2,,,,,,,,,,0.0,,,5.3
Brandon LaFell,CIN,WR,Buf,W 20-16,0/0,0.0,0.0,0.0,0.0,0.0,0.0,3.0,37.4,0.2,,,,,,,,,,0.0,,,4.9
J.J. Nelson,ARI,WR,@Phi,L 7-34,0/0,0.0,0.0,0.0,0.0,0.0,0.0,2.4,39.3,0.2,,,,,,,,,,0.0,,,4.9
TJ Jones,DET,WR,Car,L 24-27,0/0,0.0,0.0,0.0,0.0,0.0,0.0,2.7,37.1,0.2,,,,,,,,,,0.0,,,4.8
Kendall Wright,CHI,WR,Min,L 17-20,0/0,0.0,0.0,0.0,0.2,1.5,0.0,3.3,38.2,0.1,,,,,,,,,,0.0,,,4.8
Zay Jones,BUF,WR,@Cin,L 16-20,0/0,0.0,0.0,0.0,0.0,0.0,0.0,3.1,38.5,0.2,,,,,,,,,,0.0,,,4.7
Trent Taylor,SFO,WR,@Ind,L 23-26,0/0,0.0,0.0,0.0,0.1,0.7,0.0,2.6,35.6,0.2,,,,,,,,,,0.0,,,4.7
Adam Humphries,TAM,WR,NE,L 14-19,0/0,0.0,0.0,0.0,0.2,1.5,0.0,2.9,33.4,0.2,,,,,,,,,,0.0,,,4.6
Markus Wheaton,CHI,WR,Min,L 17-20,0/0,0.0,0.0,0.0,0.0,0.0,0.0,2.7,37.1,0.2,,,,,,,,,,0.0,,,4.6
Albert Wilson,KAN,WR,@Hou,W 42-34,0/0,0.0,0.0,0.0,0.2,1.5,0.0,2.9,32.8,0.2,,,,,,,,,,0.0,,,4.5
Kamar Aiken,IND,WR,SF,W 26-23,0/0,0.0,0.0,0.0,0.0,0.0,0.0,2.7,33.5,0.2,,,,,,,,,,0.0,,,4.4
Andre Holmes,BUF,WR,@Cin,L 16-20,0/0,0.0,0.0,0.0,0.0,0.0,0.0,2.2,30.2,0.2,,,,,,,,,,0.0,,,4.3
Curtis Samuel,CAR,WR,@Det,W 27-24,0/0,0.0,0.0,0.0,0.8,4.2,0.0,2.2,28.8,0.1,,,,,,,,,,0.0,,,4.1
Taywan Taylor,TEN,WR,@Mia,L 10-16,0/0,0.0,0.0,0.0,0.6,3.6,0.0,2.3,26.5,0.2,,,,,,,,,,0.0,,,4.1
Chris Conley,KAN,WR,@Hou,W 42-34,0/0,0.0,0.0,0.0,0.0,0.0,0.0,2.5,29.2,0.2,,,,,,,,,,0.0,,,3.9
Keelan Cole,JAC,WR,@Pit,W 30-9,0/0,0.0,0.0,0.0,0.0,0.0,0.0,2.6,30.1,0.1,,,,,,,,,,0.0,,,3.8
JuJu Smith-Schuster,PIT,WR,Jax,L 9-30,0/0,0.0,0.0,0.0,0.0,0.0,0.0,2.2,26.1,0.2,,,,,,,,,,0.0,,,3.8
Tavon Austin,LAR,WR,Sea,L 10-16,0/0,0.0,0.0,0.0,2.5,16.4,0.1,0.9,10.7,0.1,,,,,,,,,,0.0,,,3.7
Jeremy Kerley,NYJ,WR,@Cle,W 17-14,0/0,0.0,0.0,0.0,0.0,0.0,0.0,2.5,28.6,0.1,,,,,,,,,,0.0,,,3.6
Michael Floyd,MIN,WR,@Chi,W 20-17,0/0,0.0,0.0,0.0,0.0,0.0,0.0,1.9,27.2,0.2,,,,,,,,,,0.0,,,3.6
Michael Campanaro,BAL,WR,@Oak,W 30-17,0/0,0.0,0.0,0.0,0.7,4.5,0.0,2.0,20.8,0.1,,,,,,,,,,0.0,,,3.5
Bruce Ellington,HOU,WR,KC,L 34-42,0/0,0.0,0.0,0.0,0.3,1.8,0.0,1.8,22.8,0.1,,,,,,,,,,0.0,,,3.4
Aldrick Robinson,SFO,WR,@Ind,L 23-26,0/0,0.0,0.0,0.0,0.2,1.4,0.0,1.5,25.2,0.1,,,,,,,,,,0.0,,,3.4
Sammie Coates,CLE,WR,NYJ,L 14-17,0/0,0.0,0.0,0.0,0.0,0.0,0.0,1.6,25.1,0.1,,,,,,,,,,0.0,,,3.4
Tyler Boyd,CIN,WR,Buf,W 20-16,0/0,0.0,0.0,0.0,0.3,1.7,0.0,2.1,24.5,0.1,,,,,,,,,,0.0,,,3.3
Seth Roberts,OAK,WR,Bal,L 17-30,0/0,0.0,0.0,0.0,0.0,0.0,0.0,1.9,22.5,0.2,,,,,,,,,,0.0,,,3.2
Breshad Perriman,BAL,WR,@Oak,W 30-17,0/0,0.0,0.0,0.0,0.0,0.0,0.0,1.8,23.6,0.1,,,,,,,,,,0.0,,,3.1
Cordarrelle Patterson,OAK,WR,Bal,L 17-30,0/0,0.0,0.0,0.0,1.9,15.0,0.0,0.9,8.1,0.1,,,,,,,,,,0.0,,,3.0
Deonte Thompson,BUF,WR,@Cin,L 16-20,0/0,0.0,0.0,0.0,0.0,0.0,0.0,1.7,21.2,0.1,,,,,,,,,,0.0,,,2.8
Joshua Bellamy,CHI,WR,Min,L 17-20,0/0,0.0,0.0,0.0,0.0,0.0,0.0,1.6,20.9,0.1,,,,,,,,,,0.0,,,2.7
Brice Butler,DAL,WR,GB,L 31-35,0/0,0.0,0.0,0.0,0.0,0.0,0.0,1.1,16.6,0.2,,,,,,,,,,0.0,,,2.6
Laquon Treadwell,MIN,WR,@Chi,W 20-17,0/0,0.0,0.0,0.0,0.0,0.0,0.0,1.6,17.6,0.1,,,,,,,,,,0.0,,,2.4
Kasen Williams,CLE,WR,NYJ,L 14-17,0/0,0.0,0.0,0.0,0.0,0.0,0.0,1.3,16.3,0.1,,,,,,,,,,0.0,,,2.2
Chris Godwin,TAM,WR,NE,L 14-19,0/0,0.0,0.0,0.0,0.0,0.0,0.0,1.1,14.6,0.1,,,,,,,,,,0.0,,,2.1
Brandon Tate,BUF,WR,@Cin,L 16-20,0/0,0.0,0.0,0.0,0.0,0.0,0.0,1.1,16.1,0.1,,,,,,,,,,0.0,,,2.0
Russell Shepard,CAR,WR,@Det,W 27-24,0/0,0.0,0.0,0.0,0.0,0.0,0.0,0.9,13.9,0.1,,,,,,,,,,0.0,,,1.8
Jalin Marshall,NYJ,WR,@Cle,W 17-14,0/0,0.0,0.0,0.0,0.0,0.0,0.0,1.0,12.3,0.1,,,,,,,,,,0.0,,,1.8
Kaelin Clay,CAR,WR,@Det,W 27-24,0/0,0.0,0.0,0.0,0.0,0.0,0.0,0.8,10.9,0.0,,,,,,,,,,0.0,,,1.7
Darrius Heyward-Bey,PIT,WR,Jax,L 9-30,0/0,0.0,0.0,0.0,0.0,0.0,0.0,0.8,11.4,0.1,,,,,,,,,,0.0,,,1.6
Phillip Dorsett,NWE,WR,@TB,W 19-14,0/0,0.0,0.0,0.0,0.1,0.8,0.0,0.6,9.5,0.1,,,,,,,,,,0.0,,,1.4
Arrelious Benn,JAC,WR,@Pit,W 30-9,0/0,0.0,0.0,0.0,0.0,0.0,0.0,0.8,10.4,0.0,,,,,,,,,,0.0,,,1.3
Chris Matthews,BAL,WR,@Oak,W 30-17,0/0,0.0,0.0,0.0,0.0,0.0,0.0,0.6,8.6,0.1,,,,,,,,,,0.0,,,1.2
Eric Weems,TEN,WR,@Mia,L 10-16,0/0,0.0,0.0,0.0,0.0,0.0,0.0,0.8,8.1,0.0,,,,,,,,,,0.0,,,1.1
Justin Hunter,PIT,WR,Jax,L 9-30,0/0,0.0,0.0,0.0,0.0,0.0,0.0,0.5,7.5,0.1,,,,,,,,,,0.0,,,1.1
Quan Bray,IND,WR,SF,W 26-23,0/0,0.0,0.0,0.0,0.0,0.0,0.0,0.6,7.4,0.0,,,,,,,,,,0.0,,,1.1
Dontrelle Inman,CHI,WR,Min,L 17-20,0/0,0.0,0.0,0.0,0.0,0.0,0.0,0.7,8.5,0.0,,,,,,,,,,0.0,,,1.1
Mack Hollins,PHI,WR,Ari,W 34-7,0/0,0.0,0.0,0.0,0.0,0.0,0.0,0.7,8.2,0.0,,,,,,,,,,0.0,,,1.1
Jared Abbrederis,DET,WR,Car,L 24-27,0/0,0.0,0.0,0.0,0.0,0.0,0.0,0.6,7.9,0.0,,,,,,,,,,0.0,,,1.1
Tanner McEvoy,SEA,WR,@LAR,W 16-10,0/0,0.0,0.0,0.0,0.0,0.0,0.0,0.5,6.8,0.1,,,,,,,,,,0.0,,,1.0
Alex Erickson,CIN,WR,Buf,W 20-16,0/0,0.0,0.0,0.0,0.3,1.7,0.0,0.4,5.0,0.0,,,,,,,,,,0.0,,,1.0
Geronimo Allison,GNB,WR,@Dal,W 35-31,0/0,0.0,0.0,0.0,0.0,0.0,0.0,0.4,6.1,0.0,,,,,,,,,,0.0,,,0.9
De'Anthony Thomas,KAN,WR,@Hou,W 42-34,0/0,0.0,0.0,0.0,0.2,1.5,0.0,0.4,3.9,0.0,,,,,,,,,,0.0,,,0.8
Amara Darboh,SEA,WR,@LAR,W 16-10,0/0,0.0,0.0,0.0,0.0,0.0,0.0,0.4,4.5,0.0,,,,,,,,,,0.0,,,0.7
Leonte Carroo,MIA,WR,Ten,W 16-10,0/0,0.0,0.0,0.0,0.0,0.0,0.0,0.3,3.6,0.0,,,,,,,,,,0.0,,,0.5
Trevor Davis,GNB,WR,@Dal,W 35-31,0/0,0.0,0.0,0.0,0.0,0.0,0.0,0.1,1.4,0.0,,,,,,,,,,0.0,,,0.4
Ryan Switzer,DAL,WR,GB,L 31-35,0/0,0.0,0.0,0.0,0.0,0.0,0.0,0.1,1.3,0.0,,,,,,,,,,0.0,,,0.4
Jakeem Grant,MIA,WR,Ten,W 16-10,0/0,0.0,0.0,0.0,0.0,0.0,0.0,0.1,1.2,0.0,,,,,,,,,,0.0,,,0.4
Roger Lewis,NYG,WR,LAC,L 22-27,0/0,0.0,0.0,0.0,0.0,0.0,0.0,0.2,2.7,0.0,,,,,,,,,,0.0,,,0.4
Marcus Johnson,PHI,WR,Ari,W 34-7,0/0,0.0,0.0,0.0,0.0,0.0,0.0,0.2,2.7,0.0,,,,,,,,,,0.0,,,0.4
Pharoh Cooper,LAR,WR,Sea,L 10-16,0/0,0.0,0.0,0.0,0.0,0.0,0.0,0.2,2.5,0.0,,,,,,,,,,0.0,,,0.4
Andre Roberts,ATL,WR,** BYE **,0/0,0,0.0,0.0,0.0,0.0,0.0,0.0,0.0,0.0,,,,,,,,,,,0.0,,,
Jarius Wright,MIN,WR,@Chi,W 20-17,0/0,0.0,0.0,0.0,0.0,0.0,0.0,0.2,2.6,0.0,,,,,,,,,,0.0,,,0.3
ArDarius Stewart,NYJ,WR,@Cle,W 17-14,0/0,0.0,0.0,0.0,0.0,0.0,0.0,0.2,2.5,0.0,,,,,,,,,,0.0,,,0.3
Cody Core,CIN,WR,Buf,W 20-16,0/0,0.0,0.0,0.0,0.0,0.0,0.0,0.2,2.5,0.0,,,,,,,,,,0.0,,,0.3
Demarcus Robinson,KAN,WR,@Hou,W 42-34,0/0,0.0,0.0,0.0,0.0,0.0,0.0,0.2,2.3,0.0,,,,,,,,,,0.0,,,0.3
Bernard Reedy,TAM,WR,NE,L 14-19,0/0,0.0,0.0,0.0,0.0,0.0,0.0,0.1,1.5,0.0,,,,,,,,,,0.0,,,0.2
Dwayne Harris,NYG,WR,LAC,L 22-27,0/0,0.0,0.0,0.0,0.0,0.0,0.0,0.0,0.0,0.0,,,,,,,,,,0.0,,,0.2
Noah Brown,DAL,WR,GB,L 31-35,0/0,0.0,0.0,0.0,0.0,0.0,0.0,0.1,1.3,0.0,,,,,,,,,,0.0,,,0.2
Jamison Crowder,WAS,WR,** BYE **,0/0,0,0.0,0.0,0.0,0.0,0.0,0.0,0.0,0.0,,,,,,,,,,,0.0,,,
Isaiah McKenzie,DEN,WR,** BYE **,0/0,0,0.0,0.0,0.0,0.0,0.0,0.0,0.0,0.0,,,,,,,,,,,0.0,,,
Ted Ginn Jr.,NOR,WR,** BYE **,0/0,0,0.0,0.0,0.0,0.0,0.0,0.0,0.0,0.0,,,,,,,,,,,0.0,,,
Cody Latimer,DEN,WR,** BYE **,0/0,0,0.0,0.0,0.0,0.0,0.0,0.0,0.0,0.0,,,,,,,,,,,0.0,,,
Jeff Janis,GNB,WR,@Dal,W 35-31,0/0,0.0,0.0,0.0,0.0,0.0,0.0,0.0,0.0,0.0,,,,,,,,,,0.0,,,0.0
Justin Hardy,ATL,WR,** BYE **,0/0,0,0.0,0.0,0.0,0.0,0.0,0.0,0.0,0.0,,,,,,,,,,,0.0,,,
Taylor Gabriel,ATL,WR,** BYE **,0/0,0,0.0,0.0,0.0,0.0,0.0,0.0,0.0,0.0,,,,,,,,,,,0.0,,,
Tommylee Lewis,NOR,WR,** BYE **,0/0,0,0.0,0.0,0.0,0.0,0.0,0.0,0.0,0.0,,,,,,,,,,,0.0,,,
Steve Smith Sr.,BAL,WR,@Oak,W 30-17,0/0,0.0,0.0,0.0,0.0,0.0,0.0,0.0,0.0,0.0,,,,,,,,,,0.0,,,0.0
Andre Johnson,TEN,WR,@Mia,L 10-16,0/0,0.0,0.0,0.0,0.0,0.0,0.0,0.0,0.0,0.0,,,,,,,,,,0.0,,,0.0
Anquan Boldin,BUF,WR,@Cin,L 16-20,0/0,0.0,0.0,0.0,0.0,0.0,0.0,0.0,0.0,0.0,,,,,,,,,,0.0,,,0.0
Jerricho Cotchery,CAR,WR,@Det,W 27-24,0/0,0.0,0.0,0.0,0.0,0.0,0.0,0.0,0.0,0.0,,,,,,,,,,0.0,,,0.0
Wes Welker,LAR,WR,Sea,L 10-16,0/0,0.0,0.0,0.0,0.0,0.0,0.0,0.0,0.0,0.0,,,,,,,,,,0.0,,,0.0
Roddy White,ATL,WR,** BYE **,0/0,0,0.0,0.0,0.0,0.0,0.0,0.0,0.0,0.0,,,,,,,,,,,0.0,,,
Vincent Jackson,TAM,WR,NE,L 14-19,0/0,0.0,0.0,0.0,0.0,0.0,0.0,0.0,0.0,0.0,,,,,,,,,,0.0,,,0.0
Joshua Cribbs,IND,WR,SF,W 26-23,0/0,0.0,0.0,0.0,0.0,0.0,0.0,0.0,0.0,0.0,,,,,,,,,,0.0,,,0.0
Nate Washington,NWE,WR,@TB,W 19-14,0/0,0.0,0.0,0.0,0.0,0.0,0.0,0.0,0.0,0.0,,,,,,,,,,0.0,,,0.0
Lance Moore,ATL,WR,** BYE **,0/0,0,0.0,0.0,0.0,0.0,0.0,0.0,0.0,0.0,,,,,,,,,,,0.0,,,
Greg Jennings,MIA,WR,Ten,W 16-10,0/0,0.0,0.0,0.0,0.0,0.0,0.0,0.0,0.0,0.0,,,,,,,,,,0.0,,,0.0
Devin Hester,SEA,WR,@LAR,W 16-10,0/0,0.0,0.0,0.0,0.0,0.0,0.0,0.0,0.0,0.0,,,,,,,,,,0.0,,,0.0
Derek Hagan,TEN,WR,@Mia,L 10-16,0/0,0.0,0.0,0.0,0.0,0.0,0.0,0.0,0.0,0.0,,,,,,,,,,0.0,,,0.0
Jason Avant,KAN,WR,@Hou,W 42-34,0/0,0.0,0.0,0.0,0.0,0.0,0.0,0.0,0.0,0.0,,,,,,,,,,0.0,,,0.0
Marques Colston,NOR,WR,** BYE **,0/0,0,0.0,0.0,0.0,0.0,0.0,0.0,0.0,0.0,,,,,,,,,,,0.0,,,
Miles Austin,PHI,WR,Ari,W 34-7,0/0,0.0,0.0,0.0,0.0,0.0,0.0,0.0,0.0,0.0,,,,,,,,,,0.0,,,0.0
Calvin Johnson,DET,WR,Car,L 24-27,0/0,0.0,0.0,0.0,0.0,0.0,0.0,0.0,0.0,0.0,,,,,,,,,,0.0,,,0.0
Dwayne Bowe,CLE,WR,NYJ,L 14-17,0/0,0.0,0.0,0.0,0.0,0.0,0.0,0.0,0.0,0.0,,,,,,,,,,0.0,,,0.0
Jacoby Jones,PIT,WR,Jax,L 9-30,0/0,0.0,0.0,0.0,0.0,0.0,0.0,0.0,0.0,0.0,,,,,,,,,,0.0,,,0.0
James Jones,LAC,WR,@NYG,W 27-22,0/0,0.0,0.0,0.0,0.0,0.0,0.0,0.0,0.0,0.0,,,,,,,,,,0.0,,,0.0
Eddie Royal,CHI,WR,Min,L 17-20,0/0,0.0,0.0,0.0,0.0,0.0,0.0,0.0,0.0,0.0,,,,,,,,,,0.0,,,0.0
Jerome Simpson,SFO,WR,@Ind,L 23-26,0/0,0.0,0.0,0.0,0.0,0.0,0.0,0.0,0.0,0.0,,,,,,,,,,0.0,,,0.0
Harry Douglas,TEN,WR,@Mia,L 10-16,0/0,0.0,0.0,0.0,0.0,0.0,0.0,0.0,0.0,0.0,,,,,,,,,,0.0,,,0.0
Andre Jerome Caldwell,DET,WR,Car,L 24-27,0/0,0.0,0.0,0.0,0.0,0.0,0.0,0.0,0.0,0.0,,,,,,,,,,0.0,,,0.0
Matthew Slater,NWE,WR,@TB,W 19-14,0/0,0.0,0.0,0.0,0.0,0.0,0.0,0.0,0.0,0.0,,,,,,,,,,0.0,,,0.0
Stevie Johnson,LAC,WR,@NYG,W 27-22,0/0,0.0,0.0,0.0,0.0,0.0,0.0,0.0,0.0,0.0,,,,,,,,,,0.0,,,0.0
Kenny Britt,CLE,WR,NYJ,L 14-17,0/0,0.0,0.0,0.0,0.0,0.0,0.0,0.0,0.0,0.0,,,,,,,,,,0.0,,,0.0
Brandon Gibson,NWE,WR,@TB,W 19-14,0/0,0.0,0.0,0.0,0.0,0.0,0.0,0.0,0.0,0.0,,,,,,,,,,0.0,,,0.0
Brian Hartline,CLE,WR,NYJ,L 14-17,0/0,0.0,0.0,0.0,0.0,0.0,0.0,0.0,0.0,0.0,,,,,,,,,,0.0,,,0.0
Percy Harvin,BUF,WR,@Cin,L 16-20,0/0,0.0,0.0,0.0,0.0,0.0,0.0,0.0,0.0,0.0,,,,,,,,,,0.0,,,0.0
Louis Murphy,SFO,WR,@Ind,L 23-26,0/0,0.0,0.0,0.0,0.0,0.0,0.0,0.0,0.0,0.0,,,,,,,,,,0.0,,,0.0
Hakeem Nicks,NOR,WR,** BYE **,0/0,0,0.0,0.0,0.0,0.0,0.0,0.0,0.0,0.0,,,,,,,,,,,0.0,,,
Jordan Norwood,DEN,WR,** BYE **,0/0,0,0.0,0.0,0.0,0.0,0.0,0.0,0.0,0.0,,,,,,,,,,,0.0,,,
Kevin Ogletree,NYG,WR,LAC,L 22-27,0/0,0.0,0.0,0.0,0.0,0.0,0.0,0.0,0.0,0.0,,,,,,,,,,0.0,,,0.0
Julian Edelman,NWE,WR,@TB,W 19-14,0/0,0.0,0.0,0.0,0.0,0.0,0.0,0.0,0.0,0.0,,,,,,,,,,0.0,,,0.0
Demaryius Thomas,DEN,WR,** BYE **,0/0,0,0.0,0.0,0.0,0.0,0.0,0.0,0.0,0.0,,,,,,,,,,,0.0,,,
Marcus Easley,BUF,WR,@Cin,L 16-20,0/0,0.0,0.0,0.0,0.0,0.0,0.0,0.0,0.0,0.0,,,,,,,,,,0.0,,,0.0
Riley Cooper,PHI,WR,Ari,W 34-7,0/0,0.0,0.0,0.0,0.0,0.0,0.0,0.0,0.0,0.0,,,,,,,,,,0.0,,,0.0
Emmanuel Sanders,DEN,WR,** BYE **,0/0,0,0.0,0.0,0.0,0.0,0.0,0.0,0.0,0.0,,,,,,,,,,,0.0,,,
Marc Mariani,TEN,WR,@Mia,L 10-16,0/0,0.0,0.0,0.0,0.0,0.0,0.0,0.0,0.0,0.0,,,,,,,,,,0.0,,,0.0
Kyle Williams,NYJ,WR,@Cle,W 17-14,0/0,0.0,0.0,0.0,0.0,0.0,0.0,0.0,0.0,0.0,,,,,,,,,,0.0,,,0.0
Mike Williams,KAN,WR,@Hou,W 42-34,0/0,0.0,0.0,0.0,0.0,0.0,0.0,0.0,0.0,0.0,,,,,,,,,,0.0,,,0.0
Seyi Ajirotutu,PHI,WR,Ari,W 34-7,0/0,0.0,0.0,0.0,0.0,0.0,0.0,0.0,0.0,0.0,,,,,,,,,,0.0,,,0.0
Victor Cruz,CHI,WR,Min,L 17-20,0/0,0.0,0.0,0.0,0.0,0.0,0.0,0.0,0.0,0.0,,,,,,,,,,0.0,,,0.0
Marlon Moore,CLE,WR,NYJ,L 14-17,0/0,0.0,0.0,0.0,0.0,0.0,0.0,0.0,0.0,0.0,,,,,,,,,,0.0,,,0.0
Bryan Walters,JAC,WR,@Pit,W 30-9,0/0,0.0,0.0,0.0,0.0,0.0,0.0,0.0,0.0,0.0,,,,,,,,,,0.0,,,0.0
Preston Parker,FA,WR,** BYE **,0/0,0,0.0,0.0,0.0,0.0,0.0,0.0,0.0,0.0,,,,,,,,,,,0.0,,,
Danario Alexander,LAC,WR,@NYG,W 27-22,0/0,0.0,0.0,0.0,0.0,0.0,0.0,0.0,0.0,0.0,,,,,,,,,,0.0,,,0.0
Andrew Hawkins,CLE,WR,NYJ,L 14-17,0/0,0.0,0.0,0.0,0.0,0.0,0.0,0.0,0.0,0.0,,,,,,,,,,0.0,,,0.0
Julio Jones,ATL,WR,** BYE **,0/0,0,0.0,0.0,0.0,0.0,0.0,0.0,0.0,0.0,,,,,,,,,,,0.0,,,
Leonard Hankerson,BUF,WR,@Cin,L 16-20,0/0,0.0,0.0,0.0,0.0,0.0,0.0,0.0,0.0,0.0,,,,,,,,,,0.0,,,0.0
Greg Little,BUF,WR,@Cin,L 16-20,0/0,0.0,0.0,0.0,0.0,0.0,0.0,0.0,0.0,0.0,,,,,,,,,,0.0,,,0.0
Vincent Brown,NOR,WR,** BYE **,0/0,0,0.0,0.0,0.0,0.0,0.0,0.0,0.0,0.0,,,,,,,,,,,0.0,,,
Greg Salas,BUF,WR,@Cin,L 16-20,0/0,0.0,0.0,0.0,0.0,0.0,0.0,0.0,0.0,0.0,,,,,,,,,,0.0,,,0.0
Denarius Moore,BUF,WR,@Cin,L 16-20,0/0,0.0,0.0,0.0,0.0,0.0,0.0,0.0,0.0,0.0,,,,,,,,,,0.0,,,0.0
Cecil Shorts III,TAM,WR,NE,L 14-19,0/0,0.0,0.0,0.0,0.0,0.0,0.0,0.0,0.0,0.0,,,,,,,,,,0.0,,,0.0
Ricardo Lockette,SEA,WR,@LAR,W 16-10,0/0,0.0,0.0,0.0,0.0,0.0,0.0,0.0,0.0,0.0,,,,,,,,,,0.0,,,0.0
Joe Morgan,BAL,WR,@Oak,W 30-17,0/0,0.0,0.0,0.0,0.0,0.0,0.0,0.0,0.0,0.0,,,,,,,,,,0.0,,,0.0
Jeremy Ross,ARI,WR,@Phi,L 7-34,0/0,0.0,0.0,0.0,0.0,0.0,0.0,0.0,0.0,0.0,,,,,,,,,,0.0,,,0.0
Terrelle Pryor Sr.,WAS,WR,** BYE **,0/0,0,0.0,0.0,0.0,0.0,0.0,0.0,0.0,0.0,,,,,,,,,,,0.0,,,
Justin Blackmon,JAC,WR,@Pit,W 30-9,0/0,0.0,0.0,0.0,0.0,0.0,0.0,0.0,0.0,0.0,,,,,,,,,,0.0,,,0.0
Stephen Hill,CAR,WR,@Det,W 27-24,0/0,0.0,0.0,0.0,0.0,0.0,0.0,0.0,0.0,0.0,,,,,,,,,,0.0,,,0.0
Rueben Randle,CHI,WR,Min,L 17-20,0/0,0.0,0.0,0.0,0.0,0.0,0.0,0.0,0.0,0.0,,,,,,,,,,0.0,,,0.0
Brian Quick,WAS,WR,** BYE **,0/0,0,0.0,0.0,0.0,0.0,0.0,0.0,0.0,0.0,,,,,,,,,,,0.0,,,
Keshawn Martin,DET,WR,Car,L 24-27,0/0,0.0,0.0,0.0,0.0,0.0,0.0,0.0,0.0,0.0,,,,,,,,,,0.0,,,0.0
Trevor Graham,CAR,WR,@Det,W 27-24,0/0,0.0,0.0,0.0,0.0,0.0,0.0,0.0,0.0,0.0,,,,,,,,,,0.0,,,0.0
Nick Toon,LAR,WR,Sea,L 10-16,0/0,0.0,0.0,0.0,0.0,0.0,0.0,0.0,0.0,0.0,,,,,,,,,,0.0,,,0.0
Mohamed Sanu,ATL,WR,** BYE **,0/0,0,0.0,0.0,0.0,0.0,0.0,0.0,0.0,0.0,,,,,,,,,,,0.0,,,
DeVier Posey,DEN,WR,** BYE **,0/0,0,0.0,0.0,0.0,0.0,0.0,0.0,0.0,0.0,,,,,,,,,,,0.0,,,
LaVon Brazill,IND,WR,SF,W 26-23,0/0,0.0,0.0,0.0,0.0,0.0,0.0,0.0,0.0,0.0,,,,,,,,,,0.0,,,0.0
Chris Givens,PHI,WR,Ari,W 34-7,0/0,0.0,0.0,0.0,0.0,0.0,0.0,0.0,0.0,0.0,,,,,,,,,,0.0,,,0.0
Kashif Moore,KAN,WR,@Hou,W 42-34,0/0,0.0,0.0,0.0,0.0,0.0,0.0,0.0,0.0,0.0,,,,,,,,,,0.0,,,0.0
Nathan Palmer,OAK,WR,Bal,L 17-30,0/0,0.0,0.0,0.0,0.0,0.0,0.0,0.0,0.0,0.0,,,,,,,,,,0.0,,,0.0
Chris Owusu,NYJ,WR,@Cle,W 17-14,0/0,0.0,0.0,0.0,0.0,0.0,0.0,0.0,0.0,0.0,,,,,,,,,,0.0,,,0.0
Brian Tyms,IND,WR,SF,W 26-23,0/0,0.0,0.0,0.0,0.0,0.0,0.0,0.0,0.0,0.0,,,,,,,,,,0.0,,,0.0
Jeff Fuller,SEA,WR,@LAR,W 16-10,0/0,0.0,0.0,0.0,0.0,0.0,0.0,0.0,0.0,0.0,,,,,,,,,,0.0,,,0.0
Jarrett Boykin,BUF,WR,@Cin,L 16-20,0/0,0.0,0.0,0.0,0.0,0.0,0.0,0.0,0.0,0.0,,,,,,,,,,0.0,,,0.0
Griff Whalen,BAL,WR,@Oak,W 30-17,0/0,0.0,0.0,0.0,0.0,0.0,0.0,0.0,0.0,0.0,,,,,,,,,,0.0,,,0.0
Rod Streater,BUF,WR,@Cin,L 16-20,0/0,0.0,0.0,0.0,0.0,0.0,0.0,0.0,0.0,0.0,,,,,,,,,,0.0,,,0.0
LaRon Byrd,CAR,WR,@Det,W 27-24,0/0,0.0,0.0,0.0,0.0,0.0,0.0,0.0,0.0,0.0,,,,,,,,,,0.0,,,0.0
Brittan Golden,ARI,WR,@Phi,L 7-34,0/0,0.0,0.0,0.0,0.0,0.0,0.0,0.0,0.0,0.0,,,,,,,,,,0.0,,,0.0
Damaris Johnson,TEN,WR,@Mia,L 10-16,0/0,0.0,0.0,0.0,0.0,0.0,0.0,0.0,0.0,0.0,,,,,,,,,,0.0,,,0.0
Josh Gordon,CLE,WR,NYJ,L 14-17,0/0,0.0,0.0,0.0,0.0,0.0,0.0,0.0,0.0,0.0,,,,,,,,,,0.0,,,0.0
Stedman Bailey,LAR,WR,Sea,L 10-16,0/0,0.0,0.0,0.0,0.0,0.0,0.0,0.0,0.0,0.0,,,,,,,,,,0.0,,,0.0
Aaron Dobson,ARI,WR,@Phi,L 7-34,0/0,0.0,0.0,0.0,0.0,0.0,0.0,0.0,0.0,0.0,,,,,,,,,,0.0,,,0.0
Charles D. Johnson,CAR,WR,@Det,W 27-24,0/0,0.0,0.0,0.0,0.0,0.0,0.0,0.0,0.0,0.0,,,,,,,,,,0.0,,,0.0
B.J. Daniels,ATL,WR,** BYE **,0/0,0,0.0,0.0,0.0,0.0,0.0,0.0,0.0,0.0,,,,,,,,,,,0.0,,,
Tavarres King,NYG,WR,LAC,L 22-27,0/0,0.0,0.0,0.0,0.0,0.0,0.0,0.0,0.0,0.0,,,,,,,,,,0.0,,,0.0
Cobi Hamilton,PIT,WR,Jax,L 9-30,0/0,0.0,0.0,0.0,0.0,0.0,0.0,0.0,0.0,0.0,,,,,,,,,,0.0,,,0.0
Josh Boyce,CLE,WR,NYJ,L 14-17,0/0,0.0,0.0,0.0,0.0,0.0,0.0,0.0,0.0,0.0,,,,,,,,,,0.0,,,0.0
Chris Harper,NYG,WR,LAC,L 22-27,0/0,0.0,0.0,0.0,0.0,0.0,0.0,0.0,0.0,0.0,,,,,,,,,,0.0,,,0.0
Corey Fuller,NOR,WR,** BYE **,0/0,0,0.0,0.0,0.0,0.0,0.0,0.0,0.0,0.0,,,,,,,,,,,0.0,,,
Marquess Wilson,NYJ,WR,@Cle,W 17-14,0/0,0.0,0.0,0.0,0.0,0.0,0.0,0.0,0.0,0.0,,,,,,,,,,0.0,,,0.0
Quinton Patton,NYJ,WR,@Cle,W 17-14,0/0,0.0,0.0,0.0,0.0,0.0,0.0,0.0,0.0,0.0,,,,,,,,,,0.0,,,0.0
Da'Rick Rogers,KAN,WR,@Hou,W 42-34,0/0,0.0,0.0,0.0,0.0,0.0,0.0,0.0,0.0,0.0,,,,,,,,,,0.0,,,0.0
Ryan Spadola,DET,WR,Car,L 24-27,0/0,0.0,0.0,0.0,0.0,0.0,0.0,0.0,0.0,0.0,,,,,,,,,,0.0,,,0.0
Nick Williams,ATL,WR,** BYE **,0/0,0,0.0,0.0,0.0,0.0,0.0,0.0,0.0,0.0,,,,,,,,,,,0.0,,,
Rodney Smith,SEA,WR,@LAR,W 16-10,0/0,0.0,0.0,0.0,0.0,0.0,0.0,0.0,0.0,0.0,,,,,,,,,,0.0,,,0.0
Kenbrell Thompkins,NYJ,WR,@Cle,W 17-14,0/0,0.0,0.0,0.0,0.0,0.0,0.0,0.0,0.0,0.0,,,,,,,,,,0.0,,,0.0
Myles White,NYJ,WR,@Cle,W 17-14,0/0,0.0,0.0,0.0,0.0,0.0,0.0,0.0,0.0,0.0,,,,,,,,,,0.0,,,0.0
Marlon Brown,DEN,WR,** BYE **,0/0,0,0.0,0.0,0.0,0.0,0.0,0.0,0.0,0.0,,,,,,,,,,,0.0,,,
Jordan Matthews,BUF,WR,@Cin,L 16-20,0/0,0.0,0.0,0.0,0.0,0.0,0.0,0.0,0.0,0.0,,,,,,,,,,0.0,,,0.0
Josh Huff,TAM,WR,NE,L 14-19,0/0,0.0,0.0,0.0,0.0,0.0,0.0,0.0,0.0,0.0,,,,,,,,,,0.0,,,0.0
Allen Robinson,JAC,WR,@Pit,W 30-9,0/0,0.0,0.0,0.0,0.0,0.0,0.0,0.0,0.0,0.0,,,,,,,,,,0.0,,,0.0
Shaq Evans,DAL,WR,GB,L 31-35,0/0,0.0,0.0,0.0,0.0,0.0,0.0,0.0,0.0,0.0,,,,,,,,,,0.0,,,0.0
Jeremy Gallon,NWE,WR,@TB,W 19-14,0/0,0.0,0.0,0.0,0.0,0.0,0.0,0.0,0.0,0.0,,,,,,,,,,0.0,,,0.0
Kevin Norwood,NYG,WR,LAC,L 22-27,0/0,0.0,0.0,0.0,0.0,0.0,0.0,0.0,0.0,0.0,,,,,,,,,,0.0,,,0.0
Jalen Saunders,NWE,WR,@TB,W 19-14,0/0,0.0,0.0,0.0,0.0,0.0,0.0,0.0,0.0,0.0,,,,,,,,,,0.0,,,0.0
Devin Street,HOU,WR,KC,L 34-42,0/0,0.0,0.0,0.0,0.0,0.0,0.0,0.0,0.0,0.0,,,,,,,,,,0.0,,,0.0
Corey Washington,DAL,WR,GB,L 31-35,0/0,0.0,0.0,0.0,0.0,0.0,0.0,0.0,0.0,0.0,,,,,,,,,,0.0,,,0.0
Robert Herron,OAK,WR,Bal,L 17-30,0/0,0.0,0.0,0.0,0.0,0.0,0.0,0.0,0.0,0.0,,,,,,,,,,0.0,,,0.0
Brandon Coleman,NOR,WR,** BYE **,0/0,0,0.0,0.0,0.0,0.0,0.0,0.0,0.0,0.0,,,,,,,,,,,0.0,,,
Brenton Bersin,CAR,WR,@Det,W 27-24,0/0,0.0,0.0,0.0,0.0,0.0,0.0,0.0,0.0,0.0,,,,,,,,,,0.0,,,0.0
Corey Brown,BUF,WR,@Cin,L 16-20,0/0,0.0,0.0,0.0,0.0,0.0,0.0,0.0,0.0,0.0,,,,,,,,,,0.0,,,0.0
Ryan Grant,WAS,WR,** BYE **,0/0,0,0.0,0.0,0.0,0.0,0.0,0.0,0.0,0.0,,,,,,,,,,,0.0,,,
Frankie Hammond,NYJ,WR,@Cle,W 17-14,0/0,0.0,0.0,0.0,0.0,0.0,0.0,0.0,0.0,0.0,,,,,,,,,,0.0,,,0.0
Willie Snead,NOR,WR,** BYE **,0/0,0,0.0,0.0,0.0,0.0,0.0,0.0,0.0,0.0,,,,,,,,,,,0.0,,,
James Wright,CLE,WR,NYJ,L 14-17,0/0,0.0,0.0,0.0,0.0,0.0,0.0,0.0,0.0,0.0,,,,,,,,,,0.0,,,0.0
Isaiah Burse,LAC,WR,@NYG,W 27-22,0/0,0.0,0.0,0.0,0.0,0.0,0.0,0.0,0.0,0.0,,,,,,,,,,0.0,,,0.0
Jeremy Butler,BUF,WR,@Cin,L 16-20,0/0,0.0,0.0,0.0,0.0,0.0,0.0,0.0,0.0,0.0,,,,,,,,,,0.0,,,0.0
Damian Copeland,DET,WR,Car,L 24-27,0/0,0.0,0.0,0.0,0.0,0.0,0.0,0.0,0.0,0.0,,,,,,,,,,0.0,,,0.0
Jonathan Krause,TEN,WR,@Mia,L 10-16,0/0,0.0,0.0,0.0,0.0,0.0,0.0,0.0,0.0,0.0,,,,,,,,,,0.0,,,0.0
Walter Powell,BUF,WR,@Cin,L 16-20,0/0,0.0,0.0,0.0,0.0,0.0,0.0,0.0,0.0,0.0,,,,,,,,,,0.0,,,0.0
Rashad Ross,BUF,WR,@Cin,L 16-20,0/0,0.0,0.0,0.0,0.0,0.0,0.0,0.0,0.0,0.0,,,,,,,,,,0.0,,,0.0
Freddie Martino,TAM,WR,NE,L 14-19,0/0,0.0,0.0,0.0,0.0,0.0,0.0,0.0,0.0,0.0,,,,,,,,,,0.0,,,0.0
Kevin Smith,SEA,WR,@LAR,W 16-10,0/0,0.0,0.0,0.0,0.0,0.0,0.0,0.0,0.0,0.0,,,,,,,,,,0.0,,,0.0
Andre Debose,IND,WR,SF,W 26-23,0/0,0.0,0.0,0.0,0.0,0.0,0.0,0.0,0.0,0.0,,,,,,,,,,0.0,,,0.0
DiAndre Campbell,SFO,WR,@Ind,L 23-26,0/0,0.0,0.0,0.0,0.0,0.0,0.0,0.0,0.0,0.0,,,,,,,,,,0.0,,,0.0
Issac Blakeney,PIT,WR,Jax,L 9-30,0/0,0.0,0.0,0.0,0.0,0.0,0.0,0.0,0.0,0.0,,,,,,,,,,0.0,,,0.0
Geremy Davis,LAC,WR,@NYG,W 27-22,0/0,0.0,0.0,0.0,0.0,0.0,0.0,0.0,0.0,0.0,,,,,,,,,,0.0,,,0.0
Da'Ron Brown,LAC,WR,@NYG,W 27-22,0/0,0.0,0.0,0.0,0.0,0.0,0.0,0.0,0.0,0.0,,,,,,,,,,0.0,,,0.0
Kenny Bell,BAL,WR,@Oak,W 30-17,0/0,0.0,0.0,0.0,0.0,0.0,0.0,0.0,0.0,0.0,,,,,,,,,,0.0,,,0.0
Dres Anderson,HOU,WR,KC,L 34-42,0/0,0.0,0.0,0.0,0.0,0.0,0.0,0.0,0.0,0.0,,,,,,,,,,0.0,,,0.0
Keith Mumphery,HOU,WR,KC,L 34-42,0/0,0.0,0.0,0.0,0.0,0.0,0.0,0.0,0.0,0.0,,,,,,,,,,0.0,,,0.0
DeAndrew White,HOU,WR,KC,L 34-42,0/0,0.0,0.0,0.0,0.0,0.0,0.0,0.0,0.0,0.0,,,,,,,,,,0.0,,,0.0
Tre McBride III,CHI,WR,Min,L 17-20,0/0,0.0,0.0,0.0,0.0,0.0,0.0,0.0,0.0,0.0,,,,,,,,,,0.0,,,0.0
Dezmin Lewis,BUF,WR,@Cin,L 16-20,0/0,0.0,0.0,0.0,0.0,0.0,0.0,0.0,0.0,0.0,,,,,,,,,,0.0,,,0.0
Devin Smith,NYJ,WR,@Cle,W 17-14,0/0,0.0,0.0,0.0,0.0,0.0,0.0,0.0,0.0,0.0,,,,,,,,,,0.0,,,0.0
Evan Spencer,TAM,WR,NE,L 14-19,0/0,0.0,0.0,0.0,0.0,0.0,0.0,0.0,0.0,0.0,,,,,,,,,,0.0,,,0.0
Rashad Greene Sr.,JAC,WR,@Pit,W 30-9,0/0,0.0,0.0,0.0,0.0,0.0,0.0,0.0,0.0,0.0,,,,,,,,,,0.0,,,0.0
Dorial Green-Beckham,PHI,WR,Ari,W 34-7,0/0,0.0,0.0,0.0,0.0,0.0,0.0,0.0,0.0,0.0,,,,,,,,,,0.0,,,0.0
Kevin White,CHI,WR,Min,L 17-20,0/0,0.0,0.0,0.0,0.0,0.0,0.0,0.0,0.0,0.0,,,,,,,,,,0.0,,,0.0
Jaelen Strong,JAC,WR,@Pit,W 30-9,0/0,0.0,0.0,0.0,0.0,0.0,0.0,0.0,0.0,0.0,,,,,,,,,,0.0,,,0.0
Vince Mayle,BAL,WR,@Oak,W 30-17,0/0,0.0,0.0,0.0,0.0,0.0,0.0,0.0,0.0,0.0,,,,,,,,,,0.0,,,0.0
Mario Alford,CLE,WR,NYJ,L 14-17,0/0,0.0,0.0,0.0,0.0,0.0,0.0,0.0,0.0,0.0,,,,,,,,,,0.0,,,0.0
DeAndre Smelter,SFO,WR,@Ind,L 23-26,0/0,0.0,0.0,0.0,0.0,0.0,0.0,0.0,0.0,0.0,,,,,,,,,,0.0,,,0.0
Duron Carter,IND,WR,SF,W 26-23,0/0,0.0,0.0,0.0,0.0,0.0,0.0,0.0,0.0,0.0,,,,,,,,,,0.0,,,0.0
Antwan Goodley,GNB,WR,@Dal,W 35-31,0/0,0.0,0.0,0.0,0.0,0.0,0.0,0.0,0.0,0.0,,,,,,,,,,0.0,,,0.0
Seantavius Jones,KAN,WR,@Hou,W 42-34,0/0,0.0,0.0,0.0,0.0,0.0,0.0,0.0,0.0,0.0,,,,,,,,,,0.0,,,0.0
Cameron Meredith,CHI,WR,Min,L 17-20,0/0,0.0,0.0,0.0,0.0,0.0,0.0,0.0,0.0,0.0,,,,,,,,,,0.0,,,0.0
Bennie Fowler III,DEN,WR,** BYE **,0/0,0,0.0,0.0,0.0,0.0,0.0,0.0,0.0,0.0,,,,,,,,,,,0.0,,,
Lucky Whitehead,NYJ,WR,@Cle,W 17-14,0/0,0.0,0.0,0.0,0.0,0.0,0.0,0.0,0.0,0.0,,,,,,,,,,0.0,,,0.0
Quincy Enunwa,NYJ,WR,@Cle,W 17-14,0/0,0.0,0.0,0.0,0.0,0.0,0.0,0.0,0.0,0.0,,,,,,,,,,0.0,,,0.0
Matt Hazel,IND,WR,SF,W 26-23,0/0,0.0,0.0,0.0,0.0,0.0,0.0,0.0,0.0,0.0,,,,,,,,,,0.0,,,0.0
Chris Harper,NYJ,WR,@Cle,W 17-14,0/0,0.0,0.0,0.0,0.0,0.0,0.0,0.0,0.0,0.0,,,,,,,,,,0.0,,,0.0
Tyler Murphy,MIA,WR,Ten,W 16-10,0/0,0.0,0.0,0.0,0.0,0.0,0.0,0.0,0.0,0.0,,,,,,,,,,0.0,,,0.0
Bradley Marquez,LAR,WR,Sea,L 10-16,0/0,0.0,0.0,0.0,0.0,0.0,0.0,0.0,0.0,0.0,,,,,,,,,,0.0,,,0.0
Donteea Dye,TAM,WR,NE,L 14-19,0/0,0.0,0.0,0.0,0.0,0.0,0.0,0.0,0.0,0.0,,,,,,,,,,0.0,,,0.0
Javontee Herndon,DAL,WR,GB,L 31-35,0/0,0.0,0.0,0.0,0.0,0.0,0.0,0.0,0.0,0.0,,,,,,,,,,0.0,,,0.0
Eric Rogers,SFO,WR,@Ind,L 23-26,0/0,0.0,0.0,0.0,0.0,0.0,0.0,0.0,0.0,0.0,,,,,,,,,,0.0,,,0.0
Corey Coleman,CLE,WR,NYJ,L 14-17,0/0,0.0,0.0,0.0,0.0,0.0,0.0,0.0,0.0,0.0,,,,,,,,,,0.0,,,0.0
Josh Doctson,WAS,WR,** BYE **,0/0,0,0.0,0.0,0.0,0.0,0.0,0.0,0.0,0.0,,,,,,,,,,,0.0,,,
Michael Thomas,NOR,WR,** BYE **,0/0,0,0.0,0.0,0.0,0.0,0.0,0.0,0.0,0.0,,,,,,,,,,,0.0,,,
Braxton Miller,HOU,WR,KC,L 34-42,0/0,0.0,0.0,0.0,0.0,0.0,0.0,0.0,0.0,0.0,,,,,,,,,,0.0,,,0.0
Chris Moore,BAL,WR,@Oak,W 30-17,0/0,0.0,0.0,0.0,0.0,0.0,0.0,0.0,0.0,0.0,,,,,,,,,,0.0,,,0.0
Malcolm Mitchell,NWE,WR,@TB,W 19-14,0/0,0.0,0.0,0.0,0.0,0.0,0.0,0.0,0.0,0.0,,,,,,,,,,0.0,,,0.0
Tajae Sharpe,TEN,WR,@Mia,L 10-16,0/0,0.0,0.0,0.0,0.0,0.0,0.0,0.0,0.0,0.0,,,,,,,,,,0.0,,,0.0
Jordan Payton,CLE,WR,NYJ,L 14-17,0/0,0.0,0.0,0.0,0.0,0.0,0.0,0.0,0.0,0.0,,,,,,,,,,0.0,,,0.0
Moritz Bohringer,MIN,WR,@Chi,W 20-17,0/0,0.0,0.0,0.0,0.0,0.0,0.0,0.0,0.0,0.0,,,,,,,,,,0.0,,,0.0
Keenan Reynolds,BAL,WR,@Oak,W 30-17,0/0,0.0,0.0,0.0,0.0,0.0,0.0,0.0,0.0,0.0,,,,,,,,,,0.0,,,0.0
Kolby Listenbee,BUF,WR,@Cin,L 16-20,0/0,0.0,0.0,0.0,0.0,0.0,0.0,0.0,0.0,0.0,,,,,,,,,,0.0,,,0.0
Michael Thomas,LAR,WR,Sea,L 10-16,0/0,0.0,0.0,0.0,0.0,0.0,0.0,0.0,0.0,0.0,,,,,,,,,,0.0,,,0.0
Aaron Burbridge,SFO,WR,@Ind,L 23-26,0/0,0.0,0.0,0.0,0.0,0.0,0.0,0.0,0.0,0.0,,,,,,,,,,0.0,,,0.0
Devin Lucien,NWE,WR,@TB,W 19-14,0/0,0.0,0.0,0.0,0.0,0.0,0.0,0.0,0.0,0.0,,,,,,,,,,0.0,,,0.0
Demarcus Ayers,PIT,WR,Jax,L 9-30,0/0,0.0,0.0,0.0,0.0,0.0,0.0,0.0,0.0,0.0,,,,,,,,,,0.0,,,0.0
Daniel Braverman,CHI,WR,Min,L 17-20,0/0,0.0,0.0,0.0,0.0,0.0,0.0,0.0,0.0,0.0,,,,,,,,,,0.0,,,0.0
Devin Lewis Fuller,ATL,WR,** BYE **,0/0,0,0.0,0.0,0.0,0.0,0.0,0.0,0.0,0.0,,,,,,,,,,,0.0,,,
Charone Peake,NYJ,WR,@Cle,W 17-14,0/0,0.0,0.0,0.0,0.0,0.0,0.0,0.0,0.0,0.0,,,,,,,,,,0.0,,,0.0
Kenny Lawler,SEA,WR,@LAR,W 16-10,0/0,0.0,0.0,0.0,0.0,0.0,0.0,0.0,0.0,0.0,,,,,,,,,,0.0,,,0.0
Max McCaffrey,JAC,WR,@Pit,W 30-9,0/0,0.0,0.0,0.0,0.0,0.0,0.0,0.0,0.0,0.0,,,,,,,,,,0.0,,,0.0
Eli Rogers,PIT,WR,Jax,L 9-30,0/0,0.0,0.0,0.0,0.0,0.0,0.0,0.0,0.0,0.0,,,,,,,,,,0.0,,,0.0
Reggie Bell,NOR,WR,** BYE **,0/0,0,0.0,0.0,0.0,0.0,0.0,0.0,0.0,0.0,,,,,,,,,,,0.0,,,
Jake Kumerow,CIN,WR,Buf,W 20-16,0/0,0.0,0.0,0.0,0.0,0.0,0.0,0.0,0.0,0.0,,,,,,,,,,0.0,,,0.0
Marquez North,LAR,WR,Sea,L 10-16,0/0,0.0,0.0,0.0,0.0,0.0,0.0,0.0,0.0,0.0,,,,,,,,,,0.0,,,0.0
Andy Jones,HOU,WR,KC,L 34-42,0/0,0.0,0.0,0.0,0.0,0.0,0.0,0.0,0.0,0.0,,,,,,,,,,0.0,,,0.0
Xavier Rush,NOR,WR,** BYE **,0/0,0,0.0,0.0,0.0,0.0,0.0,0.0,0.0,0.0,,,,,,,,,,,0.0,,,
Dom Williams,PHI,WR,Ari,W 34-7,0/0,0.0,0.0,0.0,0.0,0.0,0.0,0.0,0.0,0.0,,,,,,,,,,0.0,,,0.0
Damiere Byrd,CAR,WR,@Det,W 27-24,0/0,0.0,0.0,0.0,0.0,0.0,0.0,0.0,0.0,0.0,,,,,,,,,,0.0,,,0.0
R.J. Harris,NOR,WR,** BYE **,0/0,0,0.0,0.0,0.0,0.0,0.0,0.0,0.0,0.0,,,,,,,,,,,0.0,,,
Jordan Taylor,DEN,WR,** BYE **,0/0,0,0.0,0.0,0.0,0.0,0.0,0.0,0.0,0.0,,,,,,,,,,,0.0,,,
Paul McRoberts,LAR,WR,Sea,L 10-16,0/0,0.0,0.0,0.0,0.0,0.0,0.0,0.0,0.0,0.0,,,,,,,,,,0.0,,,0.0
Wendall Williams,HOU,WR,KC,L 34-42,0/0,0.0,0.0,0.0,0.0,0.0,0.0,0.0,0.0,0.0,,,,,,,,,,0.0,,,0.0
Anthony Dable,ATL,WR,** BYE **,0/0,0,0.0,0.0,0.0,0.0,0.0,0.0,0.0,0.0,,,,,,,,,,,0.0,,,
Darius Jennings,TEN,WR,@Mia,L 10-16,0/0,0.0,0.0,0.0,0.0,0.0,0.0,0.0,0.0,0.0,,,,,,,,,,0.0,,,0.0
Devon Cajuste,SFO,WR,@Ind,L 23-26,0/0,0.0,0.0,0.0,0.0,0.0,0.0,0.0,0.0,0.0,,,,,,,,,,0.0,,,0.0
Mitch Mathews,MIA,WR,Ten,W 16-10,0/0,0.0,0.0,0.0,0.0,0.0,0.0,0.0,0.0,0.0,,,,,,,,,,0.0,,,0.0
Keyarris Garrett,CAR,WR,@Det,W 27-24,0/0,0.0,0.0,0.0,0.0,0.0,0.0,0.0,0.0,0.0,,,,,,,,,,0.0,,,0.0
Bryce Treggs,CLE,WR,NYJ,L 14-17,0/0,0.0,0.0,0.0,0.0,0.0,0.0,0.0,0.0,0.0,,,,,,,,,,0.0,,,0.0
Chester Rogers,IND,WR,SF,W 26-23,0/0,0.0,0.0,0.0,0.0,0.0,0.0,0.0,0.0,0.0,,,,,,,,,,0.0,,,0.0
Johnny Holton,OAK,WR,Bal,L 17-30,0/0,0.0,0.0,0.0,0.0,0.0,0.0,0.0,0.0,0.0,,,,,,,,,,0.0,,,0.0
Nelson Spruce,LAR,WR,Sea,L 10-16,0/0,0.0,0.0,0.0,0.0,0.0,0.0,0.0,0.0,0.0,,,,,,,,,,0.0,,,0.0
Paul Turner,PHI,WR,Ari,W 34-7,0/0,0.0,0.0,0.0,0.0,0.0,0.0,0.0,0.0,0.0,,,,,,,,,,0.0,,,0.0
Chad Williams,ARI,WR,@Phi,L 7-34,0/0,0.0,0.0,0.0,0.0,0.0,0.0,0.0,0.0,0.0,,,,,,,,,,0.0,,,0.0
Chad Hansen,NYJ,WR,@Cle,W 17-14,0/0,0.0,0.0,0.0,0.0,0.0,0.0,0.0,0.0,0.0,,,,,,,,,,0.0,,,0.0
Jehu Chesson,KAN,WR,@Hou,W 42-34,0/0,0.0,0.0,0.0,0.0,0.0,0.0,0.0,0.0,0.0,,,,,,,,,,0.0,,,0.0
Josh Reynolds,LAR,WR,Sea,L 10-16,0/0,0.0,0.0,0.0,0.0,0.0,0.0,0.0,0.0,0.0,,,,,,,,,,0.0,,,0.0
Josh Malone,CIN,WR,Buf,W 20-16,0/0,0.0,0.0,0.0,0.0,0.0,0.0,0.0,0.0,0.0,,,,,,,,,,0.0,,,0.0
Malachi Dupre,GNB,WR,@Dal,W 35-31,0/0,0.0,0.0,0.0,0.0,0.0,0.0,0.0,0.0,0.0,,,,,,,,,,0.0,,,0.0
Rodney Adams,MIN,WR,@Chi,W 20-17,0/0,0.0,0.0,0.0,0.0,0.0,0.0,0.0,0.0,0.0,,,,,,,,,,0.0,,,0.0
Mike Williams,LAC,WR,@NYG,W 27-22,0/0,0.0,0.0,0.0,0.0,0.0,0.0,0.0,0.0,0.0,,,,,,,,,,0.0,,,0.0
David Moore,SEA,WR,@LAR,W 16-10,0/0,0.0,0.0,0.0,0.0,0.0,0.0,0.0,0.0,0.0,,,,,,,,,,0.0,,,0.0
Carlos Henderson,DEN,WR,** BYE **,0/0,0,0.0,0.0,0.0,0.0,0.0,0.0,0.0,0.0,,,,,,,,,,,0.0,,,
Robert Davis,WAS,WR,** BYE **,0/0,0,0.0,0.0,0.0,0.0,0.0,0.0,0.0,0.0,,,,,,,,,,,0.0,,,
Shelton Gibson,PHI,WR,Ari,W 34-7,0/0,0.0,0.0,0.0,0.0,0.0,0.0,0.0,0.0,0.0,,,,,,,,,,0.0,,,0.0
Dede Westbrook,JAC,WR,@Pit,W 30-9,0/0,0.0,0.0,0.0,0.0,0.0,0.0,0.0,0.0,0.0,,,,,,,,,,0.0,,,0.0
Corey Davis,TEN,WR,@Mia,L 10-16,0/0,0.0,0.0,0.0,0.0,0.0,0.0,0.0,0.0,0.0,,,,,,,,,,0.0,,,0.0
Isaiah Ford,MIA,WR,Ten,W 16-10,0/0,0.0,0.0,0.0,0.0,0.0,0.0,0.0,0.0,0.0,,,,,,,,,,0.0,,,0.0
Kenny Golladay,DET,WR,Car,L 24-27,0/0,0.0,0.0,0.0,0.0,0.0,0.0,0.0,0.0,0.0,,,,,,,,,,0.0,,,0.0
Stacy Coley,MIN,WR,@Chi,W 20-17,0/0,0.0,0.0,0.0,0.0,0.0,0.0,0.0,0.0,0.0,,,,,,,,,,0.0,,,0.0
John Ross,CIN,WR,Buf,W 20-16,0/0,0.0,0.0,0.0,0.0,0.0,0.0,0.0,0.0,0.0,,,,,,,,,,0.0,,,0.0
DeAngelo Yancey,GNB,WR,@Dal,W 35-31,0/0,0.0,0.0,0.0,0.0,0.0,0.0,0.0,0.0,0.0,,,,,,,,,,0.0,,,0.0
Jace Billingsley,DET,WR,Car,L 24-27,0/0,0.0,0.0,0.0,0.0,0.0,0.0,0.0,0.0,0.0,,,,,,,,,,0.0,,,0.0
Ishmael Zamora,OAK,WR,Bal,L 17-30,0/0,0.0,0.0,0.0,0.0,0.0,0.0,0.0,0.0,0.0,,,,,,,,,,0.0,,,0.0
Austin Carr,NOR,WR,** BYE **,0/0,0,0.0,0.0,0.0,0.0,0.0,0.0,0.0,0.0,,,,,,,,,,,0.0,,,
Darius Powe,NYG,WR,LAC,L 22-27,0/0,0.0,0.0,0.0,0.0,0.0,0.0,0.0,0.0,0.0,,,,,,,,,,0.0,,,0.0
Rashawn Scott,MIA,WR,Ten,W 16-10,0/0,0.0,0.0,0.0,0.0,0.0,0.0,0.0,0.0,0.0,,,,,,,,,,0.0,,,0.0
Rannell Hall,CLE,WR,NYJ,L 14-17,0/0,0.0,0.0,0.0,0.0,0.0,0.0,0.0,0.0,0.0,,,,,,,,,,0.0,,,0.0
Maurice Lynell Harris,WAS,WR,** BYE **,0/0,0,0.0,0.0,0.0,0.0,0.0,0.0,0.0,0.0,,,,,,,,,,,0.0,,,
Tanner Gentry,CHI,WR,Min,L 17-20,0/0,0.0,0.0,0.0,0.0,0.0,0.0,0.0,0.0,0.0,,,,,,,,,,0.0,,,0.0
Damore'ea Stringfellow,NYJ,WR,@Cle,W 17-14,0/0,0.0,0.0,0.0,0.0,0.0,0.0,0.0,0.0,0.0,,,,,,,,,,0.0,,,0.0
Kendrick Bourne,SFO,WR,@Ind,L 23-26,0/0,0.0,0.0,0.0,0.0,0.0,0.0,0.0,0.0,0.0,,,,,,,,,,0.0,,,0.0
Victor Bolden Jr.,SFO,WR,@Ind,L 23-26,0/0,0.0,0.0,0.0,0.0,0.0,0.0,0.0,0.0,0.0,,,,,,,,,,0.0,,,0.0
Kalif Raymond,NYJ,WR,@Cle,W 17-14,0/0,0.0,0.0,0.0,0.0,0.0,0.0,0.0,0.0,0.0,,,,,,,,,,0.0,,,0.0
Jordan Leslie,CLE,WR,NYJ,L 14-17,0/0,0.0,0.0,0.0,0.0,0.0,0.0,0.0,0.0,0.0,,,,,,,,,,0.0,,,0.0
Krishawn Hogan,IND,WR,SF,W 26-23,0/0,0.0,0.0,0.0,0.0,0.0,0.0,0.0,0.0,0.0,,,,,,,,,,0.0,,,0.0
Travis Rudolph,NYG,WR,LAC,L 22-27,,,,,,,,,,,,,,,,,,,,,,,
Chris Thompson,HOU,WR,KC,L 34-42,,,,,,,,,,,,,,,,,,,,,,,
Marvin Hall,ATL,WR,** BYE **,,,,,,,,,,,,,,,,,,,,,,,,
Ed Eagan,NYG,WR,LAC,L 22-27,,,,,,,,,,,,,,,,,,,,,,,
Zach Ertz,PHI,TE,Ari,W 34-7,0/0,0.0,0.0,0.0,0.0,0.0,0.0,6.3,69.7,0.4,,,,,,,,,,0.0,,,9.3
Travis Kelce,KAN,TE,@Hou,W 42-34,0/0,0.0,0.0,0.0,0.0,0.0,0.0,5.1,63.8,0.3,,,,,,,,,,0.0,,,8.2
Jimmy Graham,SEA,TE,@LAR,W 16-10,0/0,0.0,0.0,0.0,0.0,0.0,0.0,3.6,44.0,0.4,,,,,,,,,,0.0,,,7.0
Delanie Walker,TEN,TE,@Mia,L 10-16,0/0,0.0,0.0,0.0,0.0,0.0,0.0,4.2,45.3,0.3,,,,,,,,,,0.0,,,6.4
Evan Engram,NYG,TE,LAC,L 22-27,0/0,0.0,0.0,0.0,0.0,0.0,0.0,3.9,41.7,0.3,,,,,,,,,,0.0,,,6.1
Jason Witten,DAL,TE,GB,L 31-35,0/0,0.0,0.0,0.0,0.0,0.0,0.0,4.0,42.2,0.3,,,,,,,,,,0.0,,,6.1
Austin Seferian-Jenkins,NYJ,TE,@Cle,W 17-14,0/0,0.0,0.0,0.0,0.0,0.0,0.0,3.3,41.4,0.3,,,,,,,,,,0.0,,,6.0
Jared Cook,OAK,TE,Bal,L 17-30,0/0,0.0,0.0,0.0,0.0,0.0,0.0,3.5,42.1,0.3,,,,,,,,,,0.0,,,5.9
Martellus Bennett,GNB,TE,@Dal,W 35-31,0/0,0.0,0.0,0.0,0.0,0.0,0.0,3.5,37.1,0.4,,,,,,,,,,0.0,,,5.8
Charles Clay,BUF,TE,@Cin,L 16-20,0/0,0.0,0.0,0.0,0.0,0.0,0.0,4.0,43.9,0.2,,,,,,,,,,0.0,,,5.8
Cameron Brate,TAM,TE,NE,L 14-19,0/0,0.0,0.0,0.0,0.0,0.0,0.0,3.1,36.5,0.3,,,,,,,,,,0.0,,,5.7
Kyle Rudolph,MIN,TE,@Chi,W 20-17,0/0,0.0,0.0,0.0,0.0,0.0,0.0,3.8,36.6,0.3,,,,,,,,,,0.0,,,5.6
Dwayne Allen,NWE,TE,@TB,W 19-14,0/0,0.0,0.0,0.0,0.0,0.0,0.0,2.9,32.6,0.3,,,,,,,,,,0.0,,,5.2
Ed Dickson,CAR,TE,@Det,W 27-24,0/0,0.0,0.0,0.0,0.0,0.0,0.0,2.9,36.8,0.2,,,,,,,,,,0.0,,,5.0
Hunter Henry,LAC,TE,@NYG,W 27-22,0/0,0.0,0.0,0.0,0.0,0.0,0.0,2.9,32.6,0.3,,,,,,,,,,0.0,,,4.9
Jesse James,PIT,TE,Jax,L 9-30,0/0,0.0,0.0,0.0,0.0,0.0,0.0,3.4,32.3,0.3,,,,,,,,,,0.0,,,4.9
Zach Miller,CHI,TE,Min,L 17-20,0/0,0.0,0.0,0.0,0.0,0.0,0.0,3.3,35.5,0.2,,,,,,,,,,0.0,,,4.8
Eric Ebron,DET,TE,Car,L 24-27,0/0,0.0,0.0,0.0,0.0,0.0,0.0,3.3,36.6,0.2,,,,,,,,,,0.0,,,4.8
George Kittle,SFO,TE,@Ind,L 23-26,0/0,0.0,0.0,0.0,0.0,0.0,0.0,3.1,34.9,0.2,,,,,,,,,,0.0,,,4.8
Benjamin Watson,BAL,TE,@Oak,W 30-17,0/0,0.0,0.0,0.0,0.0,0.0,0.0,3.4,34.6,0.2,,,,,,,,,,0.0,,,4.7
Julius Thomas,MIA,TE,Ten,W 16-10,0/0,0.0,0.0,0.0,0.0,0.0,0.0,2.7,27.3,0.3,,,,,,,,,,0.0,,,4.5
Ryan Griffin,HOU,TE,KC,L 34-42,0/0,0.0,0.0,0.0,0.0,0.0,0.0,2.9,31.7,0.2,,,,,,,,,,0.0,,,4.4
Tyler Kroft,CIN,TE,Buf,W 20-16,0/0,0.0,0.0,0.0,0.0,0.0,0.0,3.0,32.4,0.2,,,,,,,,,,0.0,,,4.4
Jermaine Gresham,ARI,TE,@Phi,L 7-34,0/0,0.0,0.0,0.0,0.0,0.0,0.0,3.3,34.0,0.2,,,,,,,,,,0.0,,,4.3
Antonio Gates,LAC,TE,@NYG,W 27-22,0/0,0.0,0.0,0.0,0.0,0.0,0.0,2.6,27.5,0.2,,,,,,,,,,0.0,,,4.2
Darrell Daniels,IND,TE,SF,W 26-23,0/0,0.0,0.0,0.0,0.0,0.0,0.0,2.5,26.7,0.2,,,,,,,,,,0.0,,,3.9
Tyler Higbee,LAR,TE,Sea,L 10-16,0/0,0.0,0.0,0.0,0.0,0.0,0.0,2.6,26.0,0.2,,,,,,,,,,0.0,,,3.9
O.J. Howard,TAM,TE,NE,L 14-19,0/0,0.0,0.0,0.0,0.0,0.0,0.0,2.0,23.4,0.2,,,,,,,,,,0.0,,,3.6
Seth DeValve,CLE,TE,NYJ,L 14-17,0/0,0.0,0.0,0.0,0.0,0.0,0.0,2.2,25.8,0.2,,,,,,,,,,0.0,,,3.6
Marcedes Lewis,JAC,TE,@Pit,W 30-9,0/0,0.0,0.0,0.0,0.0,0.0,0.0,2.3,24.3,0.2,,,,,,,,,,0.0,,,3.5
Stephen Anderson,HOU,TE,KC,L 34-42,0/0,0.0,0.0,0.0,0.0,0.0,0.0,2.1,22.2,0.2,,,,,,,,,,0.0,,,3.3
David Njoku,CLE,TE,NYJ,L 14-17,0/0,0.0,0.0,0.0,0.0,0.0,0.0,1.7,19.7,0.2,,,,,,,,,,0.0,,,3.0
Jacob Hollister,NWE,TE,@TB,W 19-14,0/0,0.0,0.0,0.0,0.0,0.0,0.0,1.7,17.8,0.2,,,,,,,,,,0.0,,,2.8
Nick Boyle,BAL,TE,@Oak,W 30-17,0/0,0.0,0.0,0.0,0.0,0.0,0.0,2.2,20.1,0.1,,,,,,,,,,0.0,,,2.6
Darren Fells,DET,TE,Car,L 24-27,0/0,0.0,0.0,0.0,0.0,0.0,0.0,1.2,14.2,0.1,,,,,,,,,,0.0,,,2.1
Gerald Everett,LAR,TE,Sea,L 10-16,0/0,0.0,0.0,0.0,0.0,0.0,0.0,1.3,13.8,0.1,,,,,,,,,,0.0,,,2.0
Brandon Williams,IND,TE,SF,W 26-23,0/0,0.0,0.0,0.0,0.0,0.0,0.0,1.2,13.4,0.1,,,,,,,,,,0.0,,,1.9
Jonnu Smith,TEN,TE,@Mia,L 10-16,0/0,0.0,0.0,0.0,0.0,0.0,0.0,1.3,12.8,0.1,,,,,,,,,,0.0,,,1.9
Dion Sims,CHI,TE,Min,L 17-20,0/0,0.0,0.0,0.0,0.0,0.0,0.0,1.3,12.9,0.1,,,,,,,,,,0.0,,,1.9
Luke Willson,SEA,TE,@LAR,W 16-10,0/0,0.0,0.0,0.0,0.0,0.0,0.0,1.1,12.9,0.1,,,,,,,,,,0.0,,,1.9
Trey Burton,PHI,TE,Ari,W 34-7,0/0,0.0,0.0,0.0,0.0,0.0,0.0,1.2,12.2,0.1,,,,,,,,,,0.0,,,1.7
Lance Kendricks,GNB,TE,@Dal,W 35-31,0/0,0.0,0.0,0.0,0.0,0.0,0.0,0.9,9.6,0.1,,,,,,,,,,0.0,,,1.6
Troy Niklas,ARI,TE,@Phi,L 7-34,0/0,0.0,0.0,0.0,0.0,0.0,0.0,1.1,11.7,0.1,,,,,,,,,,0.0,,,1.6
C.J. Uzomah,CIN,TE,Buf,W 20-16,0/0,0.0,0.0,0.0,0.0,0.0,0.0,0.9,9.0,0.1,,,,,,,,,,0.0,,,1.3
Nick O'Leary,BUF,TE,@Cin,L 16-20,0/0,0.0,0.0,0.0,0.0,0.0,0.0,0.7,9.2,0.0,,,,,,,,,,0.0,,,1.2
Demetrius Harris,KAN,TE,@Hou,W 42-34,0/0,0.0,0.0,0.0,0.0,0.0,0.0,0.8,7.5,0.1,,,,,,,,,,0.0,,,1.1
Rhett Ellison,NYG,TE,LAC,L 22-27,0/0,0.0,0.0,0.0,0.0,0.0,0.0,0.7,7.2,0.1,,,,,,,,,,0.0,,,1.1
James Hanna,DAL,TE,GB,L 31-35,0/0,0.0,0.0,0.0,0.0,0.0,0.0,0.7,7.3,0.1,,,,,,,,,,0.0,,,1.1
Derek Carrier,LAR,TE,Sea,L 10-16,0/0,0.0,0.0,0.0,0.0,0.0,0.0,0.7,6.8,0.0,,,,,,,,,,0.0,,,0.9
Adam Shaheen,CHI,TE,Min,L 17-20,0/0,0.0,0.0,0.0,0.0,0.0,0.0,0.6,6.3,0.0,,,,,,,,,,0.0,,,0.9
James O'Shaughnessy,JAC,TE,@Pit,W 30-9,0/0,0.0,0.0,0.0,0.0,0.0,0.0,0.7,6.2,0.0,,,,,,,,,,0.0,,,0.9
Garrett Celek,SFO,TE,@Ind,L 23-26,0/0,0.0,0.0,0.0,0.0,0.0,0.0,0.5,5.7,0.0,,,,,,,,,,0.0,,,0.8
Brent Celek,PHI,TE,Ari,W 34-7,0/0,0.0,0.0,0.0,0.0,0.0,0.0,0.5,5.9,0.0,,,,,,,,,,0.0,,,0.8
Vance McDonald,PIT,TE,Jax,L 9-30,0/0,0.0,0.0,0.0,0.0,0.0,0.0,0.4,4.6,0.0,,,,,,,,,,0.0,,,0.7
Jordan Leggett,NYJ,TE,@Cle,W 17-14,0/0,0.0,0.0,0.0,0.0,0.0,0.0,0.4,4.6,0.0,,,,,,,,,,0.0,,,0.6
Lee Smith,OAK,TE,Bal,L 17-30,0/0,0.0,0.0,0.0,0.0,0.0,0.0,0.5,4.2,0.0,,,,,,,,,,0.0,,,0.6
Ross Travis,KAN,TE,@Hou,W 42-34,0/0,0.0,0.0,0.0,0.0,0.0,0.0,0.4,4.1,0.0,,,,,,,,,,0.0,,,0.6
Luke Stocker,TAM,TE,NE,L 14-19,0/0,0.0,0.0,0.0,0.0,0.0,0.0,0.3,2.6,0.0,,,,,,,,,,0.0,,,0.4
Ifeanyi Momah,ARI,TE,@Phi,L 7-34,0/0,0.0,0.0,0.0,0.0,0.0,0.0,0.3,2.9,0.0,,,,,,,,,,0.0,,,0.4
Michael Roberts,DET,TE,Car,L 24-27,0/0,0.0,0.0,0.0,0.0,0.0,0.0,0.2,2.5,0.0,,,,,,,,,,0.0,,,0.4
Geoff Swaim,DAL,TE,GB,L 31-35,0/0,0.0,0.0,0.0,0.0,0.0,0.0,0.2,2.4,0.0,,,,,,,,,,0.0,,,0.4
Jerell Adams,NYG,TE,LAC,L 22-27,0/0,0.0,0.0,0.0,0.0,0.0,0.0,0.2,2.4,0.0,,,,,,,,,,0.0,,,0.4
Logan Paulsen,SFO,TE,@Ind,L 23-26,0/0,0.0,0.0,0.0,0.0,0.0,0.0,0.2,2.7,0.0,,,,,,,,,,0.0,,,0.4
Sean McGrath,LAC,TE,@NYG,W 27-22,0/0,0.0,0.0,0.0,0.0,0.0,0.0,0.2,2.4,0.0,,,,,,,,,,0.0,,,0.4
Chris Manhertz,CAR,TE,@Det,W 27-24,0/0,0.0,0.0,0.0,0.0,0.0,0.0,0.2,2.4,0.0,,,,,,,,,,0.0,,,0.3
David Morgan II,MIN,TE,@Chi,W 20-17,0/0,0.0,0.0,0.0,0.0,0.0,0.0,0.2,2.4,0.0,,,,,,,,,,0.0,,,0.3
MarQueis Gray,MIA,TE,Ten,W 16-10,0/0,0.0,0.0,0.0,0.0,0.0,0.0,0.2,2.2,0.0,,,,,,,,,,0.0,,,0.3
Anthony Fasano,MIA,TE,Ten,W 16-10,0/0,0.0,0.0,0.0,0.0,0.0,0.0,0.2,2.2,0.0,,,,,,,,,,0.0,,,0.3
Clive Walford,OAK,TE,Bal,L 17-30,0/0,0.0,0.0,0.0,0.0,0.0,0.0,0.2,2.2,0.0,,,,,,,,,,0.0,,,0.3
Eric Tomlinson,NYJ,TE,@Cle,W 17-14,0/0,0.0,0.0,0.0,0.0,0.0,0.0,0.2,2.3,0.0,,,,,,,,,,0.0,,,0.3
Randall Telfer,CLE,TE,NYJ,L 14-17,0/0,0.0,0.0,0.0,0.0,0.0,0.0,0.2,2.1,0.0,,,,,,,,,,0.0,,,0.3
Ben Koyack,JAC,TE,@Pit,W 30-9,0/0,0.0,0.0,0.0,0.0,0.0,0.0,0.2,2.1,0.0,,,,,,,,,,0.0,,,0.3
Richard Rodgers,GNB,TE,@Dal,W 35-31,0/0,0.0,0.0,0.0,0.0,0.0,0.0,0.1,1.3,0.0,,,,,,,,,,0.0,,,0.2
Blake Bell,MIN,TE,@Chi,W 20-17,0/0,0.0,0.0,0.0,0.0,0.0,0.0,0.1,1.2,0.0,,,,,,,,,,0.0,,,0.2
Xavier Grimble,PIT,TE,Jax,L 9-30,0/0,0.0,0.0,0.0,0.0,0.0,0.0,0.1,1.1,0.0,,,,,,,,,,0.0,,,0.2
Nick Vannett,SEA,TE,@LAR,W 16-10,0/0,0.0,0.0,0.0,0.0,0.0,0.0,0.1,1.0,0.0,,,,,,,,,,0.0,,,0.2
Phillip Supernaw,TEN,TE,@Mia,L 10-16,0/0,0.0,0.0,0.0,0.0,0.0,0.0,0.1,0.9,0.0,,,,,,,,,,0.0,,,0.1
Kellen Winslow,NYJ,TE,@Cle,W 17-14,0/0,0.0,0.0,0.0,0.0,0.0,0.0,0.0,0.0,0.0,,,,,,,,,,0.0,,,0.0
Alex Smith,WAS,TE,** BYE **,0/0,0,0.0,0.0,0.0,0.0,0.0,0.0,0.0,0.0,,,,,,,,,,,0.0,,,
Vernon Davis,WAS,TE,** BYE **,0/0,0,0.0,0.0,0.0,0.0,0.0,0.0,0.0,0.0,,,,,,,,,,,0.0,,,
Owen Daniels,DEN,TE,** BYE **,0/0,0,0.0,0.0,0.0,0.0,0.0,0.0,0.0,0.0,,,,,,,,,,,0.0,,,
Daniel Fells,NYG,TE,LAC,L 22-27,0/0,0.0,0.0,0.0,0.0,0.0,0.0,0.0,0.0,0.0,,,,,,,,,,0.0,,,0.0
Greg Olsen,CAR,TE,@Det,W 27-24,0/0,0.0,0.0,0.0,0.0,0.0,0.0,0.0,0.0,0.0,,,,,,,,,,0.0,,,0.0
Matt Spaeth,PIT,TE,Jax,L 9-30,0/0,0.0,0.0,0.0,0.0,0.0,0.0,0.0,0.0,0.0,,,,,,,,,,0.0,,,0.0
Scott Chandler,NWE,TE,@TB,W 19-14,0/0,0.0,0.0,0.0,0.0,0.0,0.0,0.0,0.0,0.0,,,,,,,,,,0.0,,,0.0
Clark Harris,CIN,TE,Buf,W 20-16,0/0,0.0,0.0,0.0,0.0,0.0,0.0,0.0,0.0,0.0,,,,,,,,,,0.0,,,0.0
Fred Davis,WAS,TE,** BYE **,0/0,0,0.0,0.0,0.0,0.0,0.0,0.0,0.0,0.0,,,,,,,,,,,0.0,,,
Craig Stevens,TEN,TE,@Mia,L 10-16,0/0,0.0,0.0,0.0,0.0,0.0,0.0,0.0,0.0,0.0,,,,,,,,,,0.0,,,0.0
Gary Barnidge,CLE,TE,NYJ,L 14-17,0/0,0.0,0.0,0.0,0.0,0.0,0.0,0.0,0.0,0.0,,,,,,,,,,0.0,,,0.0
Jacob Tamme,ATL,TE,** BYE **,0/0,0,0.0,0.0,0.0,0.0,0.0,0.0,0.0,0.0,,,,,,,,,,,0.0,,,
Kellen Davis,NYJ,TE,@Cle,W 17-14,0/0,0.0,0.0,0.0,0.0,0.0,0.0,0.0,0.0,0.0,,,,,,,,,,0.0,,,0.0
Matthew Mulligan,DET,TE,Car,L 24-27,0/0,0.0,0.0,0.0,0.0,0.0,0.0,0.0,0.0,0.0,,,,,,,,,,0.0,,,0.0
David Johnson,PIT,TE,Jax,L 9-30,0/0,0.0,0.0,0.0,0.0,0.0,0.0,0.0,0.0,0.0,,,,,,,,,,0.0,,,0.0
James Casey,DEN,TE,** BYE **,0/0,0,0.0,0.0,0.0,0.0,0.0,0.0,0.0,0.0,,,,,,,,,,,0.0,,,
Chase Coffman,IND,TE,SF,W 26-23,0/0,0.0,0.0,0.0,0.0,0.0,0.0,0.0,0.0,0.0,,,,,,,,,,0.0,,,0.0
Bear Pascoe,NWE,TE,@TB,W 19-14,0/0,0.0,0.0,0.0,0.0,0.0,0.0,0.0,0.0,0.0,,,,,,,,,,0.0,,,0.0
Brandon Pettigrew,DET,TE,Car,L 24-27,0/0,0.0,0.0,0.0,0.0,0.0,0.0,0.0,0.0,0.0,,,,,,,,,,0.0,,,0.0
John Phillips,NOR,TE,** BYE **,0/0,0,0.0,0.0,0.0,0.0,0.0,0.0,0.0,0.0,,,,,,,,,,,0.0,,,
Brandon Myers,TAM,TE,NE,L 14-19,0/0,0.0,0.0,0.0,0.0,0.0,0.0,0.0,0.0,0.0,,,,,,,,,,0.0,,,0.0
Rob Gronkowski,NWE,TE,@TB,W 19-14,0/0,0.0,0.0,0.0,0.0,0.0,0.0,0.0,0.0,0.0,,,,,,,,,,0.0,,,0.0
Dennis Pitta,BAL,TE,@Oak,W 30-17,0/0,0.0,0.0,0.0,0.0,0.0,0.0,0.0,0.0,0.0,,,,,,,,,,0.0,,,0.0
Tony Moeaki,CHI,TE,Min,L 17-20,0/0,0.0,0.0,0.0,0.0,0.0,0.0,0.0,0.0,0.0,,,,,,,,,,0.0,,,0.0
Jim Dray,ARI,TE,@Phi,L 7-34,0/0,0.0,0.0,0.0,0.0,0.0,0.0,0.0,0.0,0.0,,,,,,,,,,0.0,,,0.0
Garrett Graham,DEN,TE,** BYE **,0/0,0,0.0,0.0,0.0,0.0,0.0,0.0,0.0,0.0,,,,,,,,,,,0.0,,,
Clay Harbor,NOR,TE,** BYE **,0/0,0,0.0,0.0,0.0,0.0,0.0,0.0,0.0,0.0,,,,,,,,,,,0.0,,,
Michael Hoomanawanui,NOR,TE,** BYE **,0/0,0,0.0,0.0,0.0,0.0,0.0,0.0,0.0,0.0,,,,,,,,,,,0.0,,,
Anthony McCoy,SEA,TE,@LAR,W 16-10,0/0,0.0,0.0,0.0,0.0,0.0,0.0,0.0,0.0,0.0,,,,,,,,,,0.0,,,0.0
Andrew Quarless,DET,TE,Car,L 24-27,0/0,0.0,0.0,0.0,0.0,0.0,0.0,0.0,0.0,0.0,,,,,,,,,,0.0,,,0.0
Richie Brockel,CAR,TE,@Det,W 27-24,0/0,0.0,0.0,0.0,0.0,0.0,0.0,0.0,0.0,0.0,,,,,,,,,,0.0,,,0.0
Jeff Cumberland,LAC,TE,@NYG,W 27-22,0/0,0.0,0.0,0.0,0.0,0.0,0.0,0.0,0.0,0.0,,,,,,,,,,0.0,,,0.0
Rob Housler,NWE,TE,@TB,W 19-14,0/0,0.0,0.0,0.0,0.0,0.0,0.0,0.0,0.0,0.0,,,,,,,,,,0.0,,,0.0
Bruce Miller,SFO,TE,@Ind,L 23-26,0/0,0.0,0.0,0.0,0.0,0.0,0.0,0.0,0.0,0.0,,,,,,,,,,0.0,,,0.0
Virgil Green,DEN,TE,** BYE **,0/0,0,0.0,0.0,0.0,0.0,0.0,0.0,0.0,0.0,,,,,,,,,,,0.0,,,
David Ausberry,DET,TE,Car,L 24-27,0/0,0.0,0.0,0.0,0.0,0.0,0.0,0.0,0.0,0.0,,,,,,,,,,0.0,,,0.0
Niles Paul,WAS,TE,** BYE **,0/0,0,0.0,0.0,0.0,0.0,0.0,0.0,0.0,0.0,,,,,,,,,,,0.0,,,
D.J. Williams,WAS,TE,** BYE **,0/0,0,0.0,0.0,0.0,0.0,0.0,0.0,0.0,0.0,,,,,,,,,,,0.0,,,
Jordan Cameron,MIA,TE,Ten,W 16-10,0/0,0.0,0.0,0.0,0.0,0.0,0.0,0.0,0.0,0.0,,,,,,,,,,0.0,,,0.0
Coby Fleener,NOR,TE,** BYE **,0/0,0,0.0,0.0,0.0,0.0,0.0,0.0,0.0,0.0,,,,,,,,,,,0.0,,,
Orson Charles,KAN,TE,@Hou,W 42-34,0/0,0.0,0.0,0.0,0.0,0.0,0.0,0.0,0.0,0.0,,,,,,,,,,0.0,,,0.0
Ladarius Green,PIT,TE,Jax,L 9-30,0/0,0.0,0.0,0.0,0.0,0.0,0.0,0.0,0.0,0.0,,,,,,,,,,0.0,,,0.0
Greg Scruggs,NWE,TE,@TB,W 19-14,0/0,0.0,0.0,0.0,0.0,0.0,0.0,0.0,0.0,0.0,,,,,,,,,,0.0,,,0.0
Dominique Jones,MIA,TE,Ten,W 16-10,0/0,0.0,0.0,0.0,0.0,0.0,0.0,0.0,0.0,0.0,,,,,,,,,,0.0,,,0.0
Chase Ford,BAL,TE,@Oak,W 30-17,0/0,0.0,0.0,0.0,0.0,0.0,0.0,0.0,0.0,0.0,,,,,,,,,,0.0,,,0.0
Cooper Helfet,OAK,TE,Bal,L 17-30,0/0,0.0,0.0,0.0,0.0,0.0,0.0,0.0,0.0,0.0,,,,,,,,,,0.0,,,0.0
Brandon Bostick,NYJ,TE,@Cle,W 17-14,0/0,0.0,0.0,0.0,0.0,0.0,0.0,0.0,0.0,0.0,,,,,,,,,,0.0,,,0.0
Larry Donnell,BAL,TE,@Oak,W 30-17,0/0,0.0,0.0,0.0,0.0,0.0,0.0,0.0,0.0,0.0,,,,,,,,,,0.0,,,0.0
Tyler Eifert,CIN,TE,Buf,W 20-16,0/0,0.0,0.0,0.0,0.0,0.0,0.0,0.0,0.0,0.0,,,,,,,,,,0.0,,,0.0
Gavin Escobar,BAL,TE,@Oak,W 30-17,0/0,0.0,0.0,0.0,0.0,0.0,0.0,0.0,0.0,0.0,,,,,,,,,,0.0,,,0.0
Jordan Reed,WAS,TE,** BYE **,0/0,0,0.0,0.0,0.0,0.0,0.0,0.0,0.0,0.0,,,,,,,,,,,0.0,,,
Michael Williams,NWE,TE,@TB,W 19-14,0/0,0.0,0.0,0.0,0.0,0.0,0.0,0.0,0.0,0.0,,,,,,,,,,0.0,,,0.0
Mychal Rivera,JAC,TE,@Pit,W 30-9,0/0,0.0,0.0,0.0,0.0,0.0,0.0,0.0,0.0,0.0,,,,,,,,,,0.0,,,0.0
Chris Gragg,NYJ,TE,@Cle,W 17-14,0/0,0.0,0.0,0.0,0.0,0.0,0.0,0.0,0.0,0.0,,,,,,,,,,0.0,,,0.0
Levine Toilolo,ATL,TE,** BYE **,0/0,0,0.0,0.0,0.0,0.0,0.0,0.0,0.0,0.0,,,,,,,,,,,0.0,,,
Justice Cunningham,LAR,TE,Sea,L 10-16,0/0,0.0,0.0,0.0,0.0,0.0,0.0,0.0,0.0,0.0,,,,,,,,,,0.0,,,0.0
Josh Hill,NOR,TE,** BYE **,0/0,0,0.0,0.0,0.0,0.0,0.0,0.0,0.0,0.0,,,,,,,,,,,0.0,,,
Chris Pantale,MIA,TE,Ten,W 16-10,0/0,0.0,0.0,0.0,0.0,0.0,0.0,0.0,0.0,0.0,,,,,,,,,,0.0,,,0.0
Timothy Wright,DET,TE,Car,L 24-27,0/0,0.0,0.0,0.0,0.0,0.0,0.0,0.0,0.0,0.0,,,,,,,,,,0.0,,,0.0
Zach Sudfeld,NYJ,TE,@Cle,W 17-14,0/0,0.0,0.0,0.0,0.0,0.0,0.0,0.0,0.0,0.0,,,,,,,,,,0.0,,,0.0
Jake Stoneburner,LAR,TE,Sea,L 10-16,0/0,0.0,0.0,0.0,0.0,0.0,0.0,0.0,0.0,0.0,,,,,,,,,,0.0,,,0.0
Jack Doyle,IND,TE,SF,W 26-23,0/0,0.0,0.0,0.0,0.0,0.0,0.0,0.0,0.0,0.0,,,,,,,,,,0.0,,,0.0
C.J. Fiedorowicz,HOU,TE,KC,L 34-42,0/0,0.0,0.0,0.0,0.0,0.0,0.0,0.0,0.0,0.0,,,,,,,,,,0.0,,,0.0
Crockett Gillmore,BAL,TE,@Oak,W 30-17,0/0,0.0,0.0,0.0,0.0,0.0,0.0,0.0,0.0,0.0,,,,,,,,,,0.0,,,0.0
Jace Amaro,TEN,TE,@Mia,L 10-16,0/0,0.0,0.0,0.0,0.0,0.0,0.0,0.0,0.0,0.0,,,,,,,,,,0.0,,,0.0
Logan Thomas,BUF,TE,@Cin,L 16-20,0/0,0.0,0.0,0.0,0.0,0.0,0.0,0.0,0.0,0.0,,,,,,,,,,0.0,,,0.0
Brian Leonhardt,MIN,TE,@Chi,W 20-17,0/0,0.0,0.0,0.0,0.0,0.0,0.0,0.0,0.0,0.0,,,,,,,,,,0.0,,,0.0
Marcel Jensen,WAS,TE,** BYE **,0/0,0,0.0,0.0,0.0,0.0,0.0,0.0,0.0,0.0,,,,,,,,,,,0.0,,,
Asante Cleveland,LAC,TE,@NYG,W 27-22,0/0,0.0,0.0,0.0,0.0,0.0,0.0,0.0,0.0,0.0,,,,,,,,,,0.0,,,0.0
Nic Jacobs,JAC,TE,@Pit,W 30-9,0/0,0.0,0.0,0.0,0.0,0.0,0.0,0.0,0.0,0.0,,,,,,,,,,0.0,,,0.0
Blake Annen,BUF,TE,@Cin,L 16-20,0/0,0.0,0.0,0.0,0.0,0.0,0.0,0.0,0.0,0.0,,,,,,,,,,0.0,,,0.0
RaShaun Allen,HOU,TE,KC,L 34-42,0/0,0.0,0.0,0.0,0.0,0.0,0.0,0.0,0.0,0.0,,,,,,,,,,0.0,,,0.0
Justin Perillo,CHI,TE,Min,L 17-20,0/0,0.0,0.0,0.0,0.0,0.0,0.0,0.0,0.0,0.0,,,,,,,,,,0.0,,,0.0
MyCole Pruitt,CHI,TE,Min,L 17-20,0/0,0.0,0.0,0.0,0.0,0.0,0.0,0.0,0.0,0.0,,,,,,,,,,0.0,,,0.0
Gerald Christian,ARI,TE,@Phi,L 7-34,0/0,0.0,0.0,0.0,0.0,0.0,0.0,0.0,0.0,0.0,,,,,,,,,,0.0,,,0.0
Neal Sterling,NYJ,TE,@Cle,W 17-14,0/0,0.0,0.0,0.0,0.0,0.0,0.0,0.0,0.0,0.0,,,,,,,,,,0.0,,,0.0
Jeff Heuerman,DEN,TE,** BYE **,0/0,0,0.0,0.0,0.0,0.0,0.0,0.0,0.0,0.0,,,,,,,,,,,0.0,,,
Darren Waller,BAL,TE,@Oak,W 30-17,0/0,0.0,0.0,0.0,0.0,0.0,0.0,0.0,0.0,0.0,,,,,,,,,,0.0,,,0.0
Rory Anderson,BUF,TE,@Cin,L 16-20,0/0,0.0,0.0,0.0,0.0,0.0,0.0,0.0,0.0,0.0,,,,,,,,,,0.0,,,0.0
Kennard Backman,DET,TE,Car,L 24-27,0/0,0.0,0.0,0.0,0.0,0.0,0.0,0.0,0.0,0.0,,,,,,,,,,0.0,,,0.0
Maxx Williams,BAL,TE,@Oak,W 30-17,0/0,0.0,0.0,0.0,0.0,0.0,0.0,0.0,0.0,0.0,,,,,,,,,,0.0,,,0.0
A.J. Derby,DEN,TE,** BYE **,0/0,0,0.0,0.0,0.0,0.0,0.0,0.0,0.0,0.0,,,,,,,,,,,0.0,,,
E.J. Bibbs,WAS,TE,** BYE **,0/0,0,0.0,0.0,0.0,0.0,0.0,0.0,0.0,0.0,,,,,,,,,,,0.0,,,
Khari Lee,BUF,TE,@Cin,L 16-20,0/0,0.0,0.0,0.0,0.0,0.0,0.0,0.0,0.0,0.0,,,,,,,,,,0.0,,,0.0
Jerome Cunningham,TEN,TE,@Mia,L 10-16,0/0,0.0,0.0,0.0,0.0,0.0,0.0,0.0,0.0,0.0,,,,,,,,,,0.0,,,0.0
Wes Saxton,BUF,TE,@Cin,L 16-20,0/0,0.0,0.0,0.0,0.0,0.0,0.0,0.0,0.0,0.0,,,,,,,,,,0.0,,,0.0
Will Tye,NYJ,TE,@Cle,W 17-14,0/0,0.0,0.0,0.0,0.0,0.0,0.0,0.0,0.0,0.0,,,,,,,,,,0.0,,,0.0
Daniel Brown,CHI,TE,Min,L 17-20,0/0,0.0,0.0,0.0,0.0,0.0,0.0,0.0,0.0,0.0,,,,,,,,,,0.0,,,0.0
Austin Hooper,ATL,TE,** BYE **,0/0,0,0.0,0.0,0.0,0.0,0.0,0.0,0.0,0.0,,,,,,,,,,,0.0,,,
Temarrick Hemingway,LAR,TE,Sea,L 10-16,0/0,0.0,0.0,0.0,0.0,0.0,0.0,0.0,0.0,0.0,,,,,,,,,,0.0,,,0.0
Rico Gathers,DAL,TE,GB,L 31-35,0/0,0.0,0.0,0.0,0.0,0.0,0.0,0.0,0.0,0.0,,,,,,,,,,0.0,,,0.0
Thomas Duarte,MIA,TE,Ten,W 16-10,0/0,0.0,0.0,0.0,0.0,0.0,0.0,0.0,0.0,0.0,,,,,,,,,,0.0,,,0.0
Beau Sandland,GNB,TE,@Dal,W 35-31,0/0,0.0,0.0,0.0,0.0,0.0,0.0,0.0,0.0,0.0,,,,,,,,,,0.0,,,0.0
Ben Braunecker,CHI,TE,Min,L 17-20,0/0,0.0,0.0,0.0,0.0,0.0,0.0,0.0,0.0,0.0,,,,,,,,,,0.0,,,0.0
Cole Wick,DET,TE,Car,L 24-27,0/0,0.0,0.0,0.0,0.0,0.0,0.0,0.0,0.0,0.0,,,,,,,,,,0.0,,,0.0
Matt LaCosse,NYG,TE,LAC,L 22-27,0/0,0.0,0.0,0.0,0.0,0.0,0.0,0.0,0.0,0.0,,,,,,,,,,0.0,,,0.0
Erik Swoope,IND,TE,SF,W 26-23,0/0,0.0,0.0,0.0,0.0,0.0,0.0,0.0,0.0,0.0,,,,,,,,,,0.0,,,0.0
Anthony Denham,PHI,TE,Ari,W 34-7,0/0,0.0,0.0,0.0,0.0,0.0,0.0,0.0,0.0,0.0,,,,,,,,,,0.0,,,0.0
Bryce Williams,CAR,TE,@Det,W 27-24,0/0,0.0,0.0,0.0,0.0,0.0,0.0,0.0,0.0,0.0,,,,,,,,,,0.0,,,0.0
Alan Cross,TAM,TE,NE,L 14-19,0/0,0.0,0.0,0.0,0.0,0.0,0.0,0.0,0.0,0.0,,,,,,,,,,0.0,,,0.0
Braedon Bowman,NOR,TE,** BYE **,0/0,0,0.0,0.0,0.0,0.0,0.0,0.0,0.0,0.0,,,,,,,,,,,0.0,,,
Brian Parker,NYJ,TE,@Cle,W 17-14,0/0,0.0,0.0,0.0,0.0,0.0,0.0,0.0,0.0,0.0,,,,,,,,,,0.0,,,0.0
Joshua Perkins,ATL,TE,** BYE **,0/0,0,0.0,0.0,0.0,0.0,0.0,0.0,0.0,0.0,,,,,,,,,,,0.0,,,
Scott Simonson,CAR,TE,@Det,W 27-24,0/0,0.0,0.0,0.0,0.0,0.0,0.0,0.0,0.0,0.0,,,,,,,,,,0.0,,,0.0
D.J. Tialavea,ATL,TE,** BYE **,0/0,0,0.0,0.0,0.0,0.0,0.0,0.0,0.0,0.0,,,,,,,,,,,0.0,,,
Matt Lengel,CLE,TE,NYJ,L 14-17,0/0,0.0,0.0,0.0,0.0,0.0,0.0,0.0,0.0,0.0,,,,,,,,,,0.0,,,0.0
Alex Ellis,JAC,TE,@Pit,W 30-9,0/0,0.0,0.0,0.0,0.0,0.0,0.0,0.0,0.0,0.0,,,,,,,,,,0.0,,,0.0
Jake Butt,DEN,TE,** BYE **,0/0,0,0.0,0.0,0.0,0.0,0.0,0.0,0.0,0.0,,,,,,,,,,,0.0,,,
Mason Schreck,CIN,TE,Buf,W 20-16,0/0,0.0,0.0,0.0,0.0,0.0,0.0,0.0,0.0,0.0,,,,,,,,,,0.0,,,0.0
Jeremy Sprinkle,WAS,TE,** BYE **,0/0,0,0.0,0.0,0.0,0.0,0.0,0.0,0.0,0.0,,,,,,,,,,,0.0,,,
Bucky Hodges,MIN,TE,@Chi,W 20-17,0/0,0.0,0.0,0.0,0.0,0.0,0.0,0.0,0.0,0.0,,,,,,,,,,0.0,,,0.0
Eric Saubert,ATL,TE,** BYE **,0/0,0,0.0,0.0,0.0,0.0,0.0,0.0,0.0,0.0,,,,,,,,,,,0.0,,,
Antony Auclair,TAM,TE,NE,L 14-19,0/0,0.0,0.0,0.0,0.0,0.0,0.0,0.0,0.0,0.0,,,,,,,,,,0.0,,,0.0
Ricky Seals-Jones,ARI,TE,@Phi,L 7-34,0/0,0.0,0.0,0.0,0.0,0.0,0.0,0.0,0.0,0.0,,,,,,,,,,0.0,,,0.0
Hakeem Valles,ARI,TE,@Phi,L 7-34,0/0,0.0,0.0,0.0,0.0,0.0,0.0,0.0,0.0,0.0,,,,,,,,,,0.0,,,0.0
Cole Hikutini,SFO,TE,@Ind,L 23-26,0/0,0.0,0.0,0.0,0.0,0.0,0.0,0.0,0.0,0.0,,,,,,,,,,0.0,,,0.0
Sean Culkin,LAC,TE,@NYG,W 27-22,0/0,0.0,0.0,0.0,0.0,0.0,0.0,0.0,0.0,0.0,,,,,,,,,,0.0,,,0.0
Cethan Carter,CIN,TE,Buf,W 20-16,0/0,0.0,0.0,0.0,0.0,0.0,0.0,0.0,0.0,0.0,,,,,,,,,,0.0,,,0.0
Evan Baylis,HOU,TE,KC,L 34-42,0/0,0.0,0.0,0.0,0.0,0.0,0.0,0.0,0.0,0.0,,,,,,,,,,0.0,,,0.0
Shane Smith,NYG,TE,LAC,L 22-27,0/0,0.0,0.0,0.0,0.0,0.0,0.0,0.0,0.0,0.0,,,,,,,,,,0.0,,,0.0
Beau Brinkley,TEN,TE,@Mia,L 10-16,,,,,,,,,,,,,,,,,,,,,,,
Kyle Nelson,SFO,TE,@Ind,L 23-26,,,,,,,,,,,,,,,,,,,,,,,
Henry Krieger-Coble,IND,TE,SF,W 26-23,,,,,,,,,,,,,,,,,,,,,,,
Eagles,PHI,DST,Ari,W 34-7,,,,1.1,,,,,,,,,,,,0.0,2.6,1.8,0.9,1.1,0.1,0.1,8.3
Vikings,MIN,DST,@Chi,W 20-17,,,,0.8,,,,,,,,,,,,0.0,3.0,1.0,0.5,0.8,0.1,0.1,8.2
Ravens,BAL,DST,@Oak,W 30-17,,,,1.1,,,,,,,,,,,,0.0,2.4,1.8,0.9,1.1,0.1,0.1,8.0
Steelers,PIT,DST,Jax,L 9-30,,,,0.8,,,,,,,,,,,,0.0,2.6,1.2,0.6,0.8,0.1,0.1,7.9
Chiefs,KAN,DST,@Hou,W 42-34,,,,1.0,,,,,,,,,,,,0.0,3.0,1.0,0.5,1.0,0.1,0.1,7.8
Dolphins,MIA,DST,Ten,W 16-10,,,,1.1,,,,,,,,,,,,0.0,2.3,1.2,0.6,1.1,0.1,0.1,7.5
Jets,NYJ,DST,@Cle,W 17-14,,,,1.2,,,,,,,,,,,,0.0,2.1,1.0,0.5,1.2,0.1,0.1,7.1
49ers,SFO,DST,@Ind,L 23-26,,,,0.7,,,,,,,,,,,,0.0,2.8,1.2,0.6,0.7,0.1,0.1,6.8
Panthers,CAR,DST,@Det,W 27-24,,,,0.7,,,,,,,,,,,,0.0,3.1,1.0,0.5,0.7,0.1,0.1,6.7
Titans,TEN,DST,@Mia,L 10-16,,,,0.8,,,,,,,,,,,,0.0,2.2,1.5,0.7,0.8,0.1,0.1,6.7
Bengals,CIN,DST,Buf,W 20-16,,,,0.4,,,,,,,,,,,,0.0,2.8,0.8,0.4,0.4,0.0,0.1,6.5
Lions,DET,DST,Car,L 24-27,,,,1.2,,,,,,,,,,,,0.0,2.4,0.9,0.4,1.2,0.1,0.1,6.5
Browns,CLE,DST,NYJ,L 14-17,,,,0.7,,,,,,,,,,,,0.0,2.2,1.5,0.8,0.7,0.1,0.1,6.4
Raiders,OAK,DST,Bal,L 17-30,,,,0.8,,,,,,,,,,,,0.0,2.0,1.2,0.6,0.8,0.1,0.1,6.2
Rams,LAR,DST,Sea,L 10-16,,,,0.6,,,,,,,,,,,,0.0,2.8,0.8,0.4,0.6,0.1,0.1,6.1
Jaguars,JAC,DST,@Pit,W 30-9,,,,1.0,,,,,,,,,,,,0.0,2.4,0.9,0.5,1.0,0.1,0.1,6.1
Bills,BUF,DST,@Cin,L 16-20,,,,0.9,,,,,,,,,,,,0.0,2.8,0.9,0.5,0.9,0.1,0.1,6.0
Seahawks,SEA,DST,@LAR,W 16-10,,,,0.7,,,,,,,,,,,,0.0,1.9,1.3,0.6,0.7,0.1,0.1,6.0
Patriots,NWE,DST,@TB,W 19-14,,,,1.2,,,,,,,,,,,,0.0,2.0,1.0,0.5,1.2,0.1,0.1,5.9
Giants,NYG,DST,LAC,L 22-27,,,,0.9,,,,,,,,,,,,0.0,1.5,1.2,0.6,0.9,0.1,0.1,5.9
Chargers,LAC,DST,@NYG,W 27-22,,,,0.7,,,,,,,,,,,,0.0,1.9,1.1,0.5,0.7,0.1,0.1,5.6
Texans,HOU,DST,KC,L 34-42,,,,0.3,,,,,,,,,,,,0.0,2.7,1.0,0.5,0.3,0.0,0.1,5.4
Cardinals,ARI,DST,@Phi,L 7-34,,,,0.8,,,,,,,,,,,,0.0,2.0,1.4,0.7,0.8,0.1,0.1,5.3
Colts,IND,DST,SF,W 26-23,,,,1.0,,,,,,,,,,,,0.0,1.5,1.2,0.6,1.0,0.1,0.1,5.1
Bears,CHI,DST,Min,L 17-20,,,,0.4,,,,,,,,,,,,0.0,2.1,1.1,0.6,0.4,0.0,0.1,5.0
Cowboys,DAL,DST,GB,L 31-35,,,,0.4,,,,,,,,,,,,0.0,2.8,0.9,0.5,0.4,0.0,0.1,4.8
Packers,GNB,DST,@Dal,W 35-31,,,,0.6,,,,,,,,,,,,0.0,2.1,1.2,0.6,0.6,0.1,0.1,4.8
Buccaneers,TAM,DST,NE,L 14-19,,,,0.6,,,,,,,,,,,,0.0,1.7,0.8,0.4,0.6,0.1,0.1,3.9
Falcons,ATL,DST,** BYE **,,,,,,,,,,,,,,,,,,,,,,,,
Broncos,DEN,DST,** BYE **,,,,,,,,,,,,,,,,,,,,,,,,
Saints,NOR,DST,** BYE **,,,,,,,,,,,,,,,,,,,,,,,,
Redskins,WAS,DST,** BYE **,,,,,,,,,,,,,,,,,,,,,,,,
Jake Elliott,PHI,K,Ari,W 34-7,,,,,,,,,,,1.3/1.4,0.6/0.8,0.2/0.4,2.1/2.5,2.2/2.3,,,,,,,,9.3
Stephen Gostkowski,NWE,K,@TB,W 19-14,,,,,,,,,,,1.1/1.1,0.5/0.6,0.2/0.3,1.8/2.1,3/3.1,,,,,,,,9.3
Matt Prater,DET,K,Car,L 24-27,,,,,,,,,,,1.1/1.1,0.5/0.6,0.2/0.3,1.9/2.1,2.2/2.2,,,,,,,,8.6
Dan Bailey,DAL,K,GB,L 31-35,,,,,,,,,,,1/1,0.4/0.5,0.2/0.3,1.6/1.8,3/3.1,,,,,,,,8.5
Justin Tucker,BAL,K,@Oak,W 30-17,,,,,,,,,,,1.2/1.2,0.5/0.6,0.2/0.3,1.9/2.1,1.9/1.9,,,,,,,,8.5
Greg Zuerlein,LAR,K,Sea,L 10-16,,,,,,,,,,,1.1/1.2,0.5/0.7,0.2/0.3,1.9/2.2,2.2/2.4,,,,,,,,8.4
Robbie Gould,SFO,K,@Ind,L 23-26,,,,,,,,,,,1.1/1.2,0.5/0.6,0.2/0.3,1.9/2.2,2/2.1,,,,,,,,8.4
Chris Boswell,PIT,K,Jax,L 9-30,,,,,,,,,,,1.1/1.1,0.5/0.6,0.2/0.3,1.8/2,2/2.1,,,,,,,,7.9
Ka'imi Fairbairn,HOU,K,KC,L 34-42,,,,,,,,,,,1.1/1.1,0.5/0.6,0.2/0.3,1.7/2,2.2/2.3,,,,,,,,7.9
Nick Folk,TAM,K,NE,L 14-19,,,,,,,,,,,1/1.2,0.5/0.6,0.2/0.3,1.7/2.1,2.3/2.5,,,,,,,,7.9
Blair Walsh,SEA,K,@LAR,W 16-10,,,,,,,,,,,1.1/1.2,0.5/0.6,0.2/0.3,1.7/2.1,2.3/2.5,,,,,,,,7.9
Adam Vinatieri,IND,K,SF,W 26-23,,,,,,,,,,,1/1,0.5/0.6,0.2/0.3,1.7/1.8,2.2/2.3,,,,,,,,7.9
Mason Crosby,GNB,K,@Dal,W 35-31,,,,,,,,,,,0.9/1,0.4/0.5,0.2/0.3,1.5/1.8,2.8/3,,,,,,,,7.8
Graham Gano,CAR,K,@Det,W 27-24,,,,,,,,,,,1.1/1.2,0.5/0.6,0.2/0.3,1.8/2.1,1.9/2,,,,,,,,7.8
Ryan Succop,TEN,K,@Mia,L 10-16,,,,,,,,,,,1/1,0.4/0.6,0.2/0.3,1.6/1.9,2.2/2.2,,,,,,,,7.6
Randy Bullock,CIN,K,Buf,W 20-16,,,,,,,,,,,1/1.1,0.5/0.6,0.2/0.3,1.7/2,1.9/2.1,,,,,,,,7.5
Jason Myers,JAC,K,@Pit,W 30-9,,,,,,,,,,,1/1.1,0.5/0.6,0.2/0.3,1.7/2,1.8/1.9,,,,,,,,7.4
Harrison Butker,KAN,K,@Hou,W 42-34,,,,,,,,,,,1/1,0.4/0.6,0.2/0.3,1.6/1.9,2.1/2.2,,,,,,,,7.4
Phil Dawson,ARI,K,@Phi,L 7-34,,,,,,,,,,,1/1.1,0.5/0.6,0.2/0.3,1.7/2.1,1.7/1.8,,,,,,,,7.4
Kai Forbath,MIN,K,@Chi,W 20-17,,,,,,,,,,,1/1.1,0.5/0.6,0.2/0.3,1.6/1.9,2/2.1,,,,,,,,7.3
Giorgio Tavecchio,OAK,K,Bal,L 17-30,,,,,,,,,,,1/1.1,0.5/0.6,0.2/0.3,1.6/1.9,1.9/2,,,,,,,,7.2
Chandler Catanzaro,NYJ,K,@Cle,W 17-14,,,,,,,,,,,1/1.1,0.4/0.6,0.2/0.3,1.6/1.9,1.9/2.1,,,,,,,,7.2
Nick Novak,LAC,K,@NYG,W 27-22,,,,,,,,,,,1/1,0.4/0.6,0.2/0.3,1.6/1.9,1.9/2,,,,,,,,7.1
Cody Parkey,MIA,K,Ten,W 16-10,,,,,,,,,,,0.9/1,0.4/0.5,0.2/0.3,1.4/1.7,2/2.2,,,,,,,,6.8
Zane Gonzalez,CLE,K,NYJ,L 14-17,,,,,,,,,,,0.9/0.9,0.4/0.5,0.2/0.3,1.4/1.7,2.1/2.2,,,,,,,,6.8
Aldrick Rosas,NYG,K,LAC,L 22-27,,,,,,,,,,,0.9/0.9,0.4/0.5,0.2/0.2,1.4/1.7,2.1/2.3,,,,,,,,6.8
Stephen Hauschka,BUF,K,@Cin,L 16-20,,,,,,,,,,,0.9/1,0.4/0.5,0.2/0.3,1.5/1.8,1.7/1.8,,,,,,,,6.8
Connor Barth,CHI,K,Min,L 17-20,,,,,,,,,,,0.9/1,0.4/0.5,0.2/0.3,1.5/1.8,1.6/1.7,,,,,,,,6.4
Sebastian Janikowski,OAK,K,Bal,L 17-30,,,,,,,,,,,0/0,0/0,0/0,0/0,0/0,,,,,,,,0.0
Shayne Graham,ATL,K,** BYE **,0/0,,,,,,,,,,,0/0,0/0,0/0,0/0,,,,,,,,,
Billy Cundiff,CLE,K,NYJ,L 14-17,,,,,,,,,,,0/0,0/0,0/0,0/0,0/0,,,,,,,,0.0
Matt Bryant,ATL,K,** BYE **,0/0,,,,,,,,,,,0/0,0/0,0/0,0/0,,,,,,,,,
Josh Brown,NYG,K,LAC,L 22-27,,,,,,,,,,,0/0,0/0,0/0,0/0,0/0,,,,,,,,0.0
Josh Scobee,NOR,K,** BYE **,0/0,,,,,,,,,,,0/0,0/0,0/0,0/0,,,,,,,,,
Mike Nugent,DAL,K,GB,L 31-35,,,,,,,,,,,0/0,0/0,0/0,0/0,0/0,,,,,,,,0.0
Shaun Suisham,PIT,K,Jax,L 9-30,,,,,,,,,,,0/0,0/0,0/0,0/0,0/0,,,,,,,,0.0
Garrett Hartley,PIT,K,Jax,L 9-30,,,,,,,,,,,0/0,0/0,0/0,0/0,0/0,,,,,,,,0.0
Dan Carpenter,BUF,K,@Cin,L 16-20,,,,,,,,,,,0/0,0/0,0/0,0/0,0/0,,,,,,,,0.0
Brandon Bogotay,TAM,K,NE,L 14-19,,,,,,,,,,,0/0,0/0,0/0,0/0,0/0,,,,,,,,0.0
Caleb Sturgis,PHI,K,Ari,W 34-7,,,,,,,,,,,0/0,0/0,0/0,0/0,0/0,,,,,,,,0.0
Dustin Hopkins,WAS,K,** BYE **,0/0,,,,,,,,,,,0/0,0/0,0/0,0/0,,,,,,,,,
Zach Hocker,TAM,K,NE,L 14-19,,,,,,,,,,,0/0,0/0,0/0,0/0,0/0,,,,,,,,0.0
Travis Coons,LAR,K,Sea,L 10-16,,,,,,,,,,,0/0,0/0,0/0,0/0,0/0,,,,,,,,0.0
Brandon McManus,DEN,K,** BYE **,0/0,,,,,,,,,,,0/0,0/0,0/0,0/0,,,,,,,,,
Cairo Santos,KAN,K,@Hou,W 42-34,,,,,,,,,,,0/0,0/0,0/0,0/0,0/0,,,,,,,,0.0
Kasey Redfern,DET,K,Car,L 24-27,,,,,,,,,,,0/0,0/0,0/0,0/0,0/0,,,,,,,,0.0
Patrick Murray,TAM,K,NE,L 14-19,,,,,,,,,,,0/0,0/0,0/0,0/0,0/0,,,,,,,,0.0
Jordan Gay,TEN,K,@Mia,L 10-16,,,,,,,,,,,0/0,0/0,0/0,0/0,0/0,,,,,,,,0.0
Kyle Brindza,NYJ,K,@Cle,W 17-14,,,,,,,,,,,0/0,0/0,0/0,0/0,0/0,,,,,,,,0.0
Josh Lambo,JAC,K,@Pit,W 30-9,,,,,,,,,,,0/0,0/0,0/0,0/0,0/0,,,,,,,,0.0
Andrew Franks,MIA,K,Ten,W 16-10,,,,,,,,,,,0/0,0/0,0/0,0/0,0/0,,,,,,,,0.0
Roberto Aguayo,CHI,K,Min,L 17-20,,,,,,,,,,,0/0,0/0,0/0,0/0,0/0,,,,,,,,0.0
Wil Lutz,NOR,K,** BYE **,0/0,,,,,,,,,,,0/0,0/0,0/0,0/0,,,,,,,,,
Younghoe Koo,LAC,K,@NYG,W 27-22,,,,,,,,,,,0/0,0/0,0/0,0/0,0/0,,,,,,,,0.0
Nick Rose,WAS,K,** BYE **,,,,,,,,,,,,,,,,,,,,,,,,
