Player,Team,Pos,Opp,GameTime,Cmp_Att,PsYds,PsTD,Int,RsAtt,RsYds,RsTD,Rec,RcYds,RcTD,1_39,40_49,50plus,KTot,XP,FFPts
Ben Roethlisberger,PIT,QB,NYJ,W 31-13,24.9/36.9,320.6,2.0,1.1,1.7,3.0,0.0,0.0,0.0,0.0,,,,,,18.1
Andrew Luck,IND,QB,Chi,W 29-23,23.2/36.7,271.8,2.2,1.2,3.8,16.1,0.1,0.0,0.0,0.0,,,,,,17.9
Tom Brady,NWE,QB,@Cle,W 33-13,23.1/35.2,269.1,2.0,0.6,2.6,3.2,0.2,0.0,0.0,0.0,,,,,,17.9
Carson Wentz,PHI,QB,@Det,L 23-24,23.1/34.1,276.3,1.5,0.9,3.3,14.3,0.2,0.0,0.0,0.0,,,,,,17.1
Aaron Rodgers,GNB,QB,NYG,W 23-16,20.9/33.5,235.4,2.0,0.7,3.4,14.0,0.1,0.0,0.0,0.0,,,,,,17.0
Philip Rivers,SDG,QB,@Oak,L 31-34,25.3/37.9,288.7,1.8,1.0,1.4,4.3,0.1,0.0,0.0,0.0,,,,,,16.4
Andy Dalton,CIN,QB,@Dal,L 14-28,24/36.3,292.9,1.3,0.8,3.8,14.6,0.1,0.0,0.0,0.0,,,,,,16.1
Matthew Stafford,DET,QB,Phi,W 24-23,25.4/38,278.7,1.5,1.0,2.1,7.5,0.1,0.0,0.0,0.0,,,,,,15.5
Joe Flacco,BAL,QB,Wsh,L 10-16,24.6/38.8,293.5,1.6,1.1,2.0,4.3,0.1,0.0,0.0,0.0,,,,,,15.3
Kirk Cousins,WAS,QB,@Bal,W 16-10,25.1/37.7,276.9,1.5,0.9,1.7,4.1,0.1,0.0,0.0,0.0,,,,,,15.3
Derek Carr,OAK,QB,SD,W 34-31,22/34.8,241.2,1.9,0.8,1.7,4.5,0.1,0.0,0.0,0.0,,,,,,14.9
Ryan Fitzpatrick,NYJ,QB,@Pit,L 13-31,23.3/37.7,272.7,1.6,1.5,3.7,16.7,0.1,0.0,0.0,0.0,,,,,,14.8
Jameis Winston,TAM,QB,@Car,W 17-14,23/39.5,272.3,1.5,1.5,4.1,15.5,0.1,0.0,0.0,0.0,,,,,,14.5
Derek Anderson,CAR,QB,TB,L 14-17,20.3/34.3,264.4,1.7,1.5,2.7,5.9,0.2,0.0,0.0,0.0,,,,,,14.4
Ryan Tannehill,MIA,QB,Ten,L 17-30,21.3/33.5,245.8,1.4,0.8,2.9,11.9,0.1,0.0,0.0,0.0,,,,,,14.3
Brian Hoyer,CHI,QB,@Ind,L 23-29,23.5/35.8,295.2,1.4,1.2,1.8,2.9,0.1,0.0,0.0,0.0,,,,,,14.2
Eli Manning,NYG,QB,@GB,L 16-23,25/39,297.7,1.6,1.4,1.2,1.2,0.0,0.0,0.0,0.0,,,,,,14.2
Drew Stanton,ARI,QB,@SF,W 33-21,20.5/35,253.0,1.4,1.1,3.1,8.3,0.1,0.0,0.0,0.0,,,,,,13.9
Tyrod Taylor,BUF,QB,@LA,W 30-19,17/28.7,181.5,1.1,0.7,6.5,32.7,0.2,0.0,0.0,0.0,,,,,,13.8
Matt Ryan,ATL,QB,@Den,W 23-16,26/40.7,268.5,1.4,1.1,2.0,5.9,0.0,0.0,0.0,0.0,,,,,,13.4
Dak Prescott,DAL,QB,Cin,W 28-14,20.7/30.9,222.4,1.4,0.9,2.7,13.2,0.1,0.0,0.0,0.0,,,,,,13.3
Marcus Mariota,TEN,QB,@Mia,W 30-17,19.2/30.2,233.8,1.2,0.9,3.6,19.4,0.1,0.0,0.0,0.0,,,,,,12.9
Brock Osweiler,HOU,QB,@Min,L 13-31,22.9/37.2,258.6,1.3,1.2,2.8,5.0,0.0,0.0,0.0,0.0,,,,,,12.6
Paxton Lynch,DEN,QB,Atl,L 16-23,17.7/30.6,193.8,1.6,1.1,2.5,11.8,0.1,0.0,0.0,0.0,,,,,,12.4
Blaine Gabbert,SFO,QB,Ari,L 21-33,19.7/33.3,210.4,1.0,1.3,5.3,21.7,0.2,0.0,0.0,0.0,,,,,,12.0
Sam Bradford,MIN,QB,Hou,W 31-13,20.7/32.5,209.9,1.2,0.8,2.0,5.2,0.0,0.0,0.0,0.0,,,,,,11.0
Cody Kessler,CLE,QB,NE,L 13-33,19.8/35.4,212.3,1.0,1.2,2.6,10.3,0.1,0.0,0.0,0.0,,,,,,10.6
Case Keenum,LAR,QB,Buf,L 19-30,18.4/30.8,210.1,0.8,1.0,2.8,7.9,0.1,0.0,0.0,0.0,,,,,,9.4
Scott Tolzien,IND,QB,Chi,W 29-23,0.1/0.2,1.2,0.0,0.0,0.0,0.0,0.0,0.0,0.0,0.0,,,,,,0.0
Jimmy Garoppolo,NWE,QB,@Cle,W 33-13,0.1/0.2,1.1,0.0,0.0,0.0,0.0,0.0,0.0,0.0,0.0,,,,,,0.0
Brett Hundley,GNB,QB,NYG,W 23-16,0.1/0.2,1.0,0.0,0.0,0.0,0.0,0.0,0.0,0.0,0.0,,,,,,0.0
Matt McGloin,OAK,QB,SD,W 34-31,0.1/0.2,1.1,0.0,0.0,0.0,0.0,0.0,0.0,0.0,0.0,,,,,,0.0
Landry Jones,PIT,QB,NYJ,W 31-13,0.1/0.2,1.3,0.0,0.0,0.0,0.0,0.0,0.0,0.0,0.0,,,,,,0.0
Austin Davis,DEN,QB,Atl,L 16-23,0.1/0.2,1.0,0.0,0.0,0.0,0.0,0.0,0.0,0.0,0.0,,,,,,0.0
Chase Daniel,PHI,QB,@Det,L 23-24,0.1/0.2,1.2,0.0,0.0,0.0,0.0,0.0,0.0,0.0,0.0,,,,,,0.0
Zac Dysert,ARI,QB,@SF,W 33-21,0.1/0.2,1.3,0.0,0.0,0.0,0.0,0.0,0.0,0.0,0.0,,,,,,0.0
Kellen Clemens,SDG,QB,@Oak,L 31-34,0.1/0.2,1.3,0.0,0.0,0.0,0.0,0.0,0.0,0.0,0.0,,,,,,0.0
Ryan Mallett,BAL,QB,Wsh,L 10-16,0.1/0.2,1.4,0.0,0.0,0.0,0.0,0.0,0.0,0.0,0.0,,,,,,0.0
Geno Smith,NYJ,QB,@Pit,L 13-31,0.1/0.2,1.2,0.0,0.0,0.0,0.0,0.0,0.0,0.0,0.0,,,,,,0.0
EJ Manuel,BUF,QB,@LA,W 30-19,0.1/0.2,0.9,0.0,0.0,0.0,0.0,0.0,0.0,0.0,0.0,,,,,,0.0
Mike Glennon,TAM,QB,@Car,W 17-14,0.1/0.2,1.3,0.0,0.0,0.0,0.0,0.0,0.0,0.0,0.0,,,,,,0.0
Ryan Nassib,NYG,QB,@GB,L 16-23,0.1/0.2,1.2,0.0,0.0,0.0,0.0,0.0,0.0,0.0,0.0,,,,,,0.0
Matt Moore,MIA,QB,Ten,L 17-30,0.1/0.2,1.1,0.0,0.0,0.0,0.0,0.0,0.0,0.0,0.0,,,,,,0.0
AJ McCarron,CIN,QB,@Dal,L 14-28,0.1/0.2,1.3,0.0,0.0,0.0,0.0,0.0,0.0,0.0,0.0,,,,,,0.0
Matt Schaub,ATL,QB,@Den,W 23-16,0.1/0.2,1.1,0.0,0.0,0.0,0.0,0.0,0.0,0.0,0.0,,,,,,0.0
Matt Cassel,TEN,QB,@Mia,W 30-17,0.1/0.2,1.1,0.0,0.0,0.0,0.0,0.0,0.0,0.0,0.0,,,,,,0.0
Colin Kaepernick,SFO,QB,Ari,L 21-33,0.1/0.2,1.0,0.0,0.0,0.0,0.1,0.0,0.0,0.0,0.0,,,,,,0.0
Dan Orlovsky,DET,QB,Phi,W 24-23,0.1/0.2,1.2,0.0,0.0,0.0,0.0,0.0,0.0,0.0,0.0,,,,,,0.0
Matt Barkley,CHI,QB,@Ind,L 23-29,0.1/0.2,1.3,0.0,0.0,0.0,0.0,0.0,0.0,0.0,0.0,,,,,,0.0
Mark Sanchez,DAL,QB,Cin,W 28-14,0.1/0.1,1.0,0.0,0.0,0.0,0.0,0.0,0.0,0.0,0.0,,,,,,0.0
Colt McCoy,WAS,QB,@Bal,W 16-10,0.1/0.2,1.1,0.0,0.0,0.0,0.0,0.0,0.0,0.0,0.0,,,,,,0.0
Tom Savage,HOU,QB,@Min,L 13-31,0.1/0.2,1.2,0.0,0.0,0.0,0.0,0.0,0.0,0.0,0.0,,,,,,0.0
Charlie Whitehurst,CLE,QB,NE,L 13-33,0.1/0.2,1.1,0.0,0.0,0.0,0.0,0.0,0.0,0.0,0.0,,,,,,0.0
Shaun Hill,MIN,QB,Hou,W 31-13,0.1/0.2,0.9,0.0,0.0,0.0,0.0,0.0,0.0,0.0,0.0,,,,,,0.0
Jared Goff,LAR,QB,Buf,L 19-30,0.1/0.2,1.0,0.0,0.0,0.0,0.0,0.0,0.0,0.0,0.0,,,,,,0.0
Mike Vick,PIT,QB,NYJ,W 31-13,0/0,0.0,0.0,0.0,0.0,0.0,0.0,0.0,0.0,0.0,,,,,,0.0
Drew Brees,NOR,QB,** BYE **,0/0,0,0.0,0.0,0.0,0.0,0.0,0.0,0.0,0.0,,,,,,,
Josh McCown,CLE,QB,NE,L 13-33,0/0,0.0,0.0,0.0,0.0,0.0,0.0,0.0,0.0,0.0,,,,,,0.0
Carson Palmer,ARI,QB,@SF,W 33-21,0/0,0.0,0.0,0.0,0.0,0.0,0.0,0.0,0.0,0.0,,,,,,0.0
Tony Romo,DAL,QB,Cin,W 28-14,0/0,0.0,0.0,0.0,0.0,0.0,0.0,0.0,0.0,0.0,,,,,,0.0
Luke McCown,NOR,QB,** BYE **,0/0,0,0.0,0.0,0.0,0.0,0.0,0.0,0.0,0.0,,,,,,,
Alex Smith,KAN,QB,** BYE **,0/0,0,0.0,0.0,0.0,0.0,0.0,0.0,0.0,0.0,,,,,,,
Jay Cutler,CHI,QB,@Ind,L 23-29,0/0,0.0,0.0,0.0,0.0,0.0,0.0,0.0,0.0,0.0,,,,,,0.0
Tarvaris Jackson,SEA,QB,** BYE **,0/0,0,0.0,0.0,0.0,0.0,0.0,0.0,0.0,0.0,,,,,,,
Bruce Gradkowski,PIT,QB,NYJ,W 31-13,0/0,0.0,0.0,0.0,0.0,0.0,0.0,0.0,0.0,0.0,,,,,,0.0
Chad Henne,JAC,QB,** BYE **,0/0,0,0.0,0.0,0.0,0.0,0.0,0.0,0.0,0.0,,,,,,,
Josh Javon Johnson,NYG,QB,@GB,L 16-23,0/0,0.0,0.0,0.0,0.0,0.0,0.0,0.0,0.0,0.0,,,,,,0.0
Matt Flynn,NOR,QB,** BYE **,0/0,0,0.0,0.0,0.0,0.0,0.0,0.0,0.0,0.0,,,,,,,
Josh Freeman,IND,QB,Chi,W 29-23,0/0,0.0,0.0,0.0,0.0,0.0,0.0,0.0,0.0,0.0,,,,,,0.0
Jimmy Clausen,BAL,QB,Wsh,L 10-16,0/0,0.0,0.0,0.0,0.0,0.0,0.0,0.0,0.0,0.0,,,,,,0.0
Tim Tebow,FA,QB,** BYE **,0/0,0,0.0,0.0,0.0,0.0,0.0,0.0,0.0,0.0,,,,,,,
Dan LeFevour,TAM,QB,@Car,W 17-14,0/0,0.0,0.0,0.0,0.0,0.0,0.0,0.0,0.0,0.0,,,,,,0.0
Thaddeus Lewis,SFO,QB,Ari,L 21-33,0/0,0.0,0.0,0.0,0.0,0.0,0.0,0.0,0.0,0.0,,,,,,0.0
Christian Ponder,SFO,QB,Ari,L 21-33,0/0,0.0,0.0,0.0,0.0,0.0,0.0,0.0,0.0,0.0,,,,,,0.0
Cam Newton,CAR,QB,TB,L 14-17,0/0,0.0,0.0,0.0,0.0,0.0,0.0,0.0,0.0,0.0,,,,,,0.0
T.J. Yates,HOU,QB,@Min,L 13-31,0/0,0.0,0.0,0.0,0.0,0.0,0.0,0.0,0.0,0.0,,,,,,0.0
Jerrod Johnson,DAL,QB,Cin,W 28-14,0/0,0.0,0.0,0.0,0.0,0.0,0.0,0.0,0.0,0.0,,,,,,0.0
Robert Griffin III,CLE,QB,NE,L 13-33,0/0,0.0,0.0,0.0,0.0,0.0,0.0,0.0,0.0,0.0,,,,,,0.0
Nick Foles,KAN,QB,** BYE **,0/0,0,0.0,0.0,0.0,0.0,0.0,0.0,0.0,0.0,,,,,,,
Brandon Weeden,HOU,QB,@Min,L 13-31,0/0,0.0,0.0,0.0,0.0,0.0,0.0,0.0,0.0,0.0,,,,,,0.0
Russell Wilson,SEA,QB,** BYE **,0/0,0,0.0,0.0,0.0,0.0,0.0,0.0,0.0,0.0,,,,,,,
Kellen Moore,DAL,QB,Cin,W 28-14,0/0,0.0,0.0,0.0,0.0,0.0,0.0,0.0,0.0,0.0,,,,,,0.0
Ryan Lindley,IND,QB,Chi,W 29-23,0/0,0.0,0.0,0.0,0.0,0.0,0.0,0.0,0.0,0.0,,,,,,0.0
Matt Simms,ATL,QB,@Den,W 23-16,0/0,0.0,0.0,0.0,0.0,0.0,0.0,0.0,0.0,0.0,,,,,,0.0
Alex Tanney,TEN,QB,@Mia,W 30-17,0/0,0.0,0.0,0.0,0.0,0.0,0.0,0.0,0.0,0.0,,,,,,0.0
Sean Renfree,ATL,QB,@Den,W 23-16,0/0,0.0,0.0,0.0,0.0,0.0,0.0,0.0,0.0,0.0,,,,,,0.0
Ryan Griffin,TAM,QB,@Car,W 17-14,0/0,0.0,0.0,0.0,0.0,0.0,0.0,0.0,0.0,0.0,,,,,,0.0
Tyler Bray,KAN,QB,** BYE **,0/0,0,0.0,0.0,0.0,0.0,0.0,0.0,0.0,0.0,,,,,,,
Blake Bortles,JAC,QB,** BYE **,0/0,0,0.0,0.0,0.0,0.0,0.0,0.0,0.0,0.0,,,,,,,
Teddy Bridgewater,MIN,QB,Hou,W 31-13,0/0,0.0,0.0,0.0,0.0,0.0,0.0,0.0,0.0,0.0,,,,,,0.0
Johnny Manziel,CLE,QB,NE,L 13-33,0/0,0.0,0.0,0.0,0.0,0.0,0.0,0.0,0.0,0.0,,,,,,0.0
Tajh Boyd,PIT,QB,NYJ,W 31-13,0/0,0.0,0.0,0.0,0.0,0.0,0.0,0.0,0.0,0.0,,,,,,0.0
Logan Thomas,NYG,QB,@GB,L 16-23,0/0,0.0,0.0,0.0,0.0,0.0,0.0,0.0,0.0,0.0,,,,,,0.0
Zach Mettenberger,PIT,QB,NYJ,W 31-13,0/0,0.0,0.0,0.0,0.0,0.0,0.0,0.0,0.0,0.0,,,,,,0.0
David Fales,CHI,QB,@Ind,L 23-29,0/0,0.0,0.0,0.0,0.0,0.0,0.0,0.0,0.0,0.0,,,,,,0.0
Keith Wenning,CIN,QB,@Dal,L 14-28,0/0,0.0,0.0,0.0,0.0,0.0,0.0,0.0,0.0,0.0,,,,,,0.0
Aaron Murray,KAN,QB,** BYE **,0/0,0,0.0,0.0,0.0,0.0,0.0,0.0,0.0,0.0,,,,,,,
Matt Blanchard,CHI,QB,@Ind,L 23-29,0/0,0.0,0.0,0.0,0.0,0.0,0.0,0.0,0.0,0.0,,,,,,0.0
Dustin Vaughan,PIT,QB,NYJ,W 31-13,0/0,0.0,0.0,0.0,0.0,0.0,0.0,0.0,0.0,0.0,,,,,,0.0
Connor Shaw,CHI,QB,@Ind,L 23-29,0/0,0.0,0.0,0.0,0.0,0.0,0.0,0.0,0.0,0.0,,,,,,0.0
Bryce Petty,NYJ,QB,@Pit,L 13-31,0/0,0.0,0.0,0.0,0.0,0.0,0.0,0.0,0.0,0.0,,,,,,0.0
Trevor Siemian,DEN,QB,Atl,L 16-23,0/0,0.0,0.0,0.0,0.0,0.0,0.0,0.0,0.0,0.0,,,,,,0.0
Dylan Thompson,LAR,QB,Buf,L 19-30,0/0,0.0,0.0,0.0,0.0,0.0,0.0,0.0,0.0,0.0,,,,,,0.0
Sean Mannion,LAR,QB,Buf,L 19-30,0/0,0.0,0.0,0.0,0.0,0.0,0.0,0.0,0.0,0.0,,,,,,0.0
Garrett Grayson,NOR,QB,** BYE **,0/0,0,0.0,0.0,0.0,0.0,0.0,0.0,0.0,0.0,,,,,,,
Christian Hackenberg,NYJ,QB,@Pit,L 13-31,0/0,0.0,0.0,0.0,0.0,0.0,0.0,0.0,0.0,0.0,,,,,,0.0
Jacoby Brissett,NWE,QB,@Cle,W 33-13,0/0,0.0,0.0,0.0,0.0,0.0,0.0,0.0,0.0,0.0,,,,,,0.0
Connor Cook,OAK,QB,SD,W 34-31,0/0,0.0,0.0,0.0,0.0,0.0,0.0,0.0,0.0,0.0,,,,,,0.0
Cardale Jones,BUF,QB,@LA,W 30-19,0/0,0.0,0.0,0.0,0.0,0.0,0.0,0.0,0.0,0.0,,,,,,0.0
Kevin Hogan,KAN,QB,** BYE **,0/0,0,0.0,0.0,0.0,0.0,0.0,0.0,0.0,0.0,,,,,,,
Nate Sudfeld,WAS,QB,@Bal,W 16-10,0/0,0.0,0.0,0.0,0.0,0.0,0.0,0.0,0.0,0.0,,,,,,0.0
Jake Rudock,DET,QB,Phi,W 24-23,0/0,0.0,0.0,0.0,0.0,0.0,0.0,0.0,0.0,0.0,,,,,,0.0
Brandon Allen,JAC,QB,** BYE **,0/0,0,0.0,0.0,0.0,0.0,0.0,0.0,0.0,0.0,,,,,,,
Jeff Driskel,CIN,QB,@Dal,L 14-28,0/0,0.0,0.0,0.0,0.0,0.0,0.0,0.0,0.0,0.0,,,,,,0.0
Brandon Doughty,MIA,QB,Ten,L 17-30,0/0,0.0,0.0,0.0,0.0,0.0,0.0,0.0,0.0,0.0,,,,,,0.0
Trevone Boykin,SEA,QB,** BYE **,0/0,0,0.0,0.0,0.0,0.0,0.0,0.0,0.0,0.0,,,,,,,
Taylor Heinicke,MIN,QB,Hou,W 31-13,0/0,0.0,0.0,0.0,0.0,0.0,0.0,0.0,0.0,0.0,,,,,,0.0
Stephen Morris,IND,QB,Chi,W 29-23,0/0,0.0,0.0,0.0,0.0,0.0,0.0,0.0,0.0,0.0,,,,,,0.0
Joe Callahan,GNB,QB,NYG,W 23-16,0/0,0.0,0.0,0.0,0.0,0.0,0.0,0.0,0.0,0.0,,,,,,0.0
Joe Webb,CAR,QB,TB,L 14-17,0.1/0.2,1.2,0.0,0.0,0.0,0.0,0.0,0.0,0.0,0.0,,,,,,-0.0
Le'Veon Bell,PIT,RB,NYJ,W 31-13,0/0,0.0,0.0,0.0,19.6,75.3,0.5,5.0,45.0,0.2,,,,,,15.3
David Johnson,ARI,RB,@SF,W 33-21,0/0,0.0,0.0,0.0,20.6,87.0,0.6,2.7,25.7,0.1,,,,,,13.9
LeGarrette Blount,NWE,RB,@Cle,W 33-13,0/0,0.0,0.0,0.0,20.3,93.2,0.8,0.3,2.0,0.0,,,,,,13.7
Melvin Gordon,SDG,RB,@Oak,L 31-34,0/0,0.0,0.0,0.0,18.1,76.3,0.6,4.1,30.8,0.1,,,,,,13.6
Frank Gore,IND,RB,Chi,W 29-23,0/0,0.0,0.0,0.0,19.9,79.9,0.7,3.0,27.7,0.2,,,,,,13.6
C.J. Anderson,DEN,RB,Atl,L 16-23,0/0,0.0,0.0,0.0,19.0,86.7,0.6,2.4,18.6,0.1,,,,,,13.1
Todd Gurley,LAR,RB,Buf,L 19-30,0/0,0.0,0.0,0.0,19.6,78.7,0.6,2.6,20.4,0.1,,,,,,12.9
Ezekiel Elliott,DAL,RB,Cin,W 28-14,0/0,0.0,0.0,0.0,21.4,88.2,0.6,1.8,13.8,0.1,,,,,,12.9
DeMarco Murray,TEN,RB,@Mia,W 30-17,0/0,0.0,0.0,0.0,17.9,77.6,0.6,3.5,29.3,0.1,,,,,,12.7
LeSean McCoy,BUF,RB,@LA,W 30-19,0/0,0.0,0.0,0.0,17.3,73.8,0.4,3.1,21.5,0.1,,,,,,11.8
Jordan Howard,CHI,RB,@Ind,L 23-29,0/0,0.0,0.0,0.0,15.6,69.3,0.5,3.1,24.9,0.1,,,,,,11.5
Matt Forte,NYJ,RB,@Pit,L 13-31,0/0,0.0,0.0,0.0,17.1,69.7,0.4,2.6,22.2,0.1,,,,,,10.8
Lamar Miller,HOU,RB,@Min,L 13-31,0/0,0.0,0.0,0.0,19.6,78.5,0.2,2.9,20.0,0.1,,,,,,10.7
Jerick McKinnon,MIN,RB,Hou,W 31-13,0/0,0.0,0.0,0.0,15.6,72.4,0.3,1.9,12.3,0.0,,,,,,9.7
Terrance West,BAL,RB,Wsh,L 10-16,0/0,0.0,0.0,0.0,16.7,75.9,0.5,1.2,10.0,0.0,,,,,,9.7
Eddie Lacy,GNB,RB,NYG,W 23-16,0/0,0.0,0.0,0.0,16.6,65.1,0.4,1.6,11.5,0.1,,,,,,9.7
Theo Riddick,DET,RB,Phi,W 24-23,0/0,0.0,0.0,0.0,11.3,45.7,0.3,4.9,38.6,0.2,,,,,,9.6
Carlos Hyde,SFO,RB,Ari,L 21-33,0/0,0.0,0.0,0.0,16.6,66.7,0.5,1.5,9.9,0.0,,,,,,9.1
Devonta Freeman,ATL,RB,@Den,W 23-16,0/0,0.0,0.0,0.0,12.3,49.2,0.3,3.4,22.5,0.1,,,,,,8.3
Matt Jones,WAS,RB,@Bal,W 16-10,0/0,0.0,0.0,0.0,15.7,58.7,0.4,1.4,12.3,0.0,,,,,,8.3
DeAndre Washington,OAK,RB,SD,W 34-31,0/0,0.0,0.0,0.0,11.6,49.9,0.5,2.0,15.8,0.1,,,,,,8.1
Jay Ajayi,MIA,RB,Ten,L 17-30,0/0,0.0,0.0,0.0,12.8,54.3,0.5,1.1,8.8,0.0,,,,,,8.0
Jacquizz Rodgers,TAM,RB,@Car,W 17-14,0/0,0.0,0.0,0.0,11.3,40.8,0.2,3.5,24.1,0.1,,,,,,7.6
Jeremy Hill,CIN,RB,@Dal,L 14-28,0/0,0.0,0.0,0.0,13.8,59.5,0.4,1.1,8.1,0.0,,,,,,7.6
Isaiah Crowell,CLE,RB,NE,L 13-33,0/0,0.0,0.0,0.0,14.0,59.7,0.4,1.2,8.9,0.0,,,,,,7.5
Jalen Richard,OAK,RB,SD,W 34-31,0/0,0.0,0.0,0.0,9.8,40.3,0.3,1.9,14.4,0.1,,,,,,7.4
Darren Sproles,PHI,RB,@Det,L 23-24,0/0,0.0,0.0,0.0,5.4,26.0,0.2,3.5,32.6,0.1,,,,,,7.0
James White,NWE,RB,@Cle,W 33-13,0/0,0.0,0.0,0.0,5.1,22.2,0.2,3.3,30.9,0.1,,,,,,6.9
Cameron Artis-Payne,CAR,RB,TB,L 14-17,0/0,0.0,0.0,0.0,14.2,49.6,0.5,0.2,1.8,0.0,,,,,,6.8
Orleans Darkwa,NYG,RB,@GB,L 16-23,0/0,0.0,0.0,0.0,12.5,44.5,0.3,1.4,12.3,0.0,,,,,,6.7
Duke Johnson Jr.,CLE,RB,NE,L 13-33,0/0,0.0,0.0,0.0,6.3,26.2,0.1,4.4,32.4,0.1,,,,,,6.5
Giovani Bernard,CIN,RB,@Dal,L 14-28,0/0,0.0,0.0,0.0,6.6,29.1,0.2,4.3,35.9,0.1,,,,,,6.4
Ryan Mathews,PHI,RB,@Det,L 23-24,0/0,0.0,0.0,0.0,10.2,49.2,0.4,0.8,6.3,0.0,,,,,,6.1
Fozzy Whittaker,CAR,RB,TB,L 14-17,0/0,0.0,0.0,0.0,8.0,28.5,0.2,2.8,22.3,0.1,,,,,,5.8
Bilal Powell,NYJ,RB,@Pit,L 13-31,0/0,0.0,0.0,0.0,5.2,22.0,0.1,3.5,28.4,0.1,,,,,,5.2
Josh Ferguson,IND,RB,Chi,W 29-23,0/0,0.0,0.0,0.0,3.3,10.9,0.1,3.5,28.4,0.2,,,,,,4.4
Tevin Coleman,ATL,RB,@Den,W 23-16,0/0,0.0,0.0,0.0,6.6,26.3,0.2,2.3,17.4,0.1,,,,,,4.4
Bobby Rainey,NYG,RB,@GB,L 16-23,0/0,0.0,0.0,0.0,5.5,18.9,0.1,3.7,29.9,0.1,,,,,,4.3
Derrick Henry,TEN,RB,@Mia,W 30-17,0/0,0.0,0.0,0.0,7.9,32.0,0.2,0.4,3.6,0.0,,,,,,4.2
Zach Zenner,DET,RB,Phi,W 24-23,0/0,0.0,0.0,0.0,7.3,31.9,0.2,1.2,8.2,0.0,,,,,,4.2
Peyton Barber,TAM,RB,@Car,W 17-14,0/0,0.0,0.0,0.0,7.2,24.3,0.2,1.4,10.1,0.0,,,,,,4.1
Kenneth Dixon,BAL,RB,Wsh,L 10-16,0/0,0.0,0.0,0.0,4.5,20.7,0.1,1.6,14.2,0.0,,,,,,4.0
Shaun Draughn,SFO,RB,Ari,L 21-33,0/0,0.0,0.0,0.0,5.7,21.2,0.1,1.5,10.4,0.0,,,,,,4.0
Matt Asiata,MIN,RB,Hou,W 31-13,0/0,0.0,0.0,0.0,6.9,27.3,0.2,1.3,8.1,0.0,,,,,,3.5
Ka'Deem Carey,CHI,RB,@Ind,L 23-29,0/0,0.0,0.0,0.0,5.7,24.9,0.2,1.1,10.0,0.0,,,,,,3.3
Wendell Smallwood,PHI,RB,@Det,L 23-24,0/0,0.0,0.0,0.0,5.1,23.6,0.2,0.1,1.0,0.0,,,,,,3.2
Devontae Booker,DEN,RB,Atl,L 16-23,0/0,0.0,0.0,0.0,6.2,27.2,0.2,0.6,4.6,0.0,,,,,,3.1
Alfred Morris,DAL,RB,Cin,W 28-14,0/0,0.0,0.0,0.0,6.1,24.6,0.2,0.7,5.1,0.0,,,,,,3.0
Chris Thompson,WAS,RB,@Bal,W 16-10,0/0,0.0,0.0,0.0,3.7,15.8,0.1,2.2,17.3,0.1,,,,,,2.9
DeAngelo Williams,PIT,RB,NYJ,W 31-13,0/0,0.0,0.0,0.0,4.7,18.5,0.1,1.2,11.1,0.0,,,,,,2.9
Mike Gillislee,BUF,RB,@LA,W 30-19,0/0,0.0,0.0,0.0,5.4,22.1,0.1,0.8,5.2,0.0,,,,,,2.9
James Starks,GNB,RB,NYG,W 23-16,0/0,0.0,0.0,0.0,6.4,23.8,0.1,0.9,6.3,0.0,,,,,,2.9
Dexter McCluster,SDG,RB,@Oak,L 31-34,0/0,0.0,0.0,0.0,1.3,6.3,0.0,2.3,20.9,0.1,,,,,,2.9
Javorius Allen,BAL,RB,Wsh,L 10-16,0/0,0.0,0.0,0.0,2.7,12.0,0.1,1.9,15.5,0.1,,,,,,2.8
Mike Tolbert,CAR,RB,TB,L 14-17,0/0,0.0,0.0,0.0,4.1,13.4,0.2,0.9,7.9,0.0,,,,,,2.1
Kyle Juszczyk,BAL,RB,Wsh,L 10-16,0/0,0.0,0.0,0.0,0.3,1.0,0.0,2.1,19.3,0.1,,,,,,1.9
Kenyan Drake,MIA,RB,Ten,L 17-30,0/0,0.0,0.0,0.0,4.0,17.0,0.1,1.1,9.6,0.0,,,,,,1.8
Andre Ellington,ARI,RB,@SF,W 33-21,0/0,0.0,0.0,0.0,4.3,18.1,0.1,0.6,4.8,0.0,,,,,,1.7
Kenjon Barner,PHI,RB,@Det,L 23-24,0/0,0.0,0.0,0.0,3.1,14.2,0.1,0.1,1.0,0.0,,,,,,1.7
Damien Williams,MIA,RB,Ten,L 17-30,0/0,0.0,0.0,0.0,1.7,7.0,0.1,1.3,10.8,0.0,,,,,,1.6
Paul Perkins,NYG,RB,@GB,L 16-23,0/0,0.0,0.0,0.0,4.1,14.3,0.1,0.6,4.4,0.0,,,,,,1.5
Isaiah Pead,MIA,RB,Ten,L 17-30,0/0,0.0,0.0,0.0,2.4,10.1,0.1,0.2,1.6,0.0,,,,,,1.5
Alfred Blue,HOU,RB,@Min,L 13-31,0/0,0.0,0.0,0.0,3.3,11.9,0.0,1.1,8.3,0.0,,,,,,1.4
Taiwan Jones,OAK,RB,SD,W 34-31,0/0,0.0,0.0,0.0,1.8,7.4,0.1,0.8,6.2,0.0,,,,,,0.6
Jamize Olawale,OAK,RB,SD,W 34-31,0/0,0.0,0.0,0.0,1.0,4.2,0.0,0.5,4.0,0.0,,,,,,0.5
Kenneth Farrow,SDG,RB,@Oak,L 31-34,0/0,0.0,0.0,0.0,2.0,8.9,0.1,0.1,1.1,0.0,,,,,,0.4
Jordan Todman,IND,RB,Chi,W 29-23,0/0,0.0,0.0,0.0,0.8,3.0,0.0,0.8,6.5,0.0,,,,,,0.4
Andy Janovich,DEN,RB,Atl,L 16-23,0/0,0.0,0.0,0.0,0.6,2.0,0.0,0.4,3.0,0.0,,,,,,0.4
Stepfan Taylor,ARI,RB,@SF,W 33-21,0/0,0.0,0.0,0.0,2.3,8.8,0.1,0.2,1.6,0.0,,,,,,0.4
Benjamin Cunningham,LAR,RB,Buf,L 19-30,0/0,0.0,0.0,0.0,1.5,6.0,0.0,0.9,6.9,0.0,,,,,,0.3
Tyler Ervin,HOU,RB,@Min,L 13-31,0/0,0.0,0.0,0.0,0.3,0.9,0.0,0.8,5.6,0.0,,,,,,0.3
Joique Bell,CHI,RB,@Ind,L 23-29,0/0,0.0,0.0,0.0,1.2,5.1,0.1,0.3,2.4,0.0,,,,,,0.3
Robert Kelley,WAS,RB,@Bal,W 16-10,0/0,0.0,0.0,0.0,1.3,4.6,0.0,0.0,0.0,0.0,,,,,,0.3
D.J. Foster,NWE,RB,@Cle,W 33-13,0/0,0.0,0.0,0.0,0.9,3.8,0.0,0.3,2.0,0.0,,,,,,0.2
Malcolm Johnson,CLE,RB,NE,L 13-33,0/0,0.0,0.0,0.0,0.2,0.8,0.0,0.7,4.8,0.0,,,,,,0.2
Kapri Bibbs,DEN,RB,Atl,L 16-23,0/0,0.0,0.0,0.0,1.1,4.6,0.0,0.2,1.5,0.0,,,,,,0.2
Darius Jackson,DAL,RB,Cin,W 28-14,0/0,0.0,0.0,0.0,0.6,2.3,0.0,0.5,3.4,0.0,,,,,,0.2
Patrick DiMarco,ATL,RB,@Den,W 23-16,0/0,0.0,0.0,0.0,0.1,0.3,0.0,0.6,3.3,0.0,,,,,,0.2
Zach Line,MIN,RB,Hou,W 31-13,0/0,0.0,0.0,0.0,0.8,2.7,0.0,0.0,0.0,0.0,,,,,,0.2
Jerome Felton,BUF,RB,@LA,W 30-19,0/0,0.0,0.0,0.0,0.3,0.8,0.0,0.2,1.3,0.0,,,,,,0.1
C.J. Spiller,SEA,RB,** BYE **,0/0,0,0.0,0.0,0.0,0.0,0.0,0.0,0.0,0.0,,,,,,,
Mike Davis,SFO,RB,Ari,L 21-33,0/0,0.0,0.0,0.0,0.5,2.0,0.0,0.2,1.5,0.0,,,,,,0.1
Jonathan Williams,BUF,RB,@LA,W 30-19,0/0,0.0,0.0,0.0,0.8,2.9,0.0,0.0,0.0,0.0,,,,,,0.1
Marcus Murphy,NOR,RB,** BYE **,0/0,0,0.0,0.0,0.0,0.0,0.0,0.0,0.0,0.0,,,,,,,
Knile Davis,KAN,RB,** BYE **,0/0,0,0.0,0.0,0.0,0.0,0.0,0.0,0.0,0.0,,,,,,,
Jalston Fowler,TEN,RB,@Mia,W 30-17,0/0,0.0,0.0,0.0,0.0,0.0,0.0,0.2,1.8,0.0,,,,,,0.1
Jay Prosch,HOU,RB,@Min,L 13-31,0/0,0.0,0.0,0.0,0.5,1.6,0.0,0.0,0.0,0.0,,,,,,0.1
Fitzgerald Toussaint,PIT,RB,NYJ,W 31-13,0/0,0.0,0.0,0.0,0.0,0.0,0.0,0.0,0.0,0.0,,,,,,0.1
Corey Grant,JAC,RB,** BYE **,0/0,0,0.0,0.0,0.0,0.0,0.0,0.0,0.0,0.0,,,,,,,
Derek Watt,SDG,RB,@Oak,L 31-34,0/0,0.0,0.0,0.0,0.0,0.0,0.0,0.1,1.1,0.0,,,,,,0.0
George Atkinson III,CLE,RB,NE,L 13-33,0/0,0.0,0.0,0.0,0.0,0.0,0.0,0.0,0.0,0.0,,,,,,0.0
Malcolm Brown,LAR,RB,Buf,L 19-30,0/0,0.0,0.0,0.0,0.2,0.9,0.0,0.0,0.0,0.0,,,,,,0.0
Ryan Hewitt,CIN,RB,@Dal,L 14-28,0/0,0.0,0.0,0.0,0.0,0.0,0.0,0.1,1.0,0.0,,,,,,0.0
Rex Burkhead,CIN,RB,@Dal,L 14-28,0/0,0.0,0.0,0.0,0.0,0.0,0.0,0.0,0.0,0.0,,,,,,0.0
Travaris Cadet,NOR,RB,** BYE **,0/0,0,0.0,0.0,0.0,0.0,0.0,0.0,0.0,0.0,,,,,,,
Antonio Andrews,TEN,RB,@Mia,W 30-17,0/0,0.0,0.0,0.0,0.0,0.0,0.0,0.0,0.0,0.0,,,,,,0.0
Rod Smith,DAL,RB,Cin,W 28-14,0/0,0.0,0.0,0.0,0.0,0.0,0.0,0.0,0.0,0.0,,,,,,0.0
Steven Jackson,NWE,RB,@Cle,W 33-13,0/0,0.0,0.0,0.0,0.0,0.0,0.0,0.0,0.0,0.0,,,,,,0.0
John Kuhn,NOR,RB,** BYE **,0/0,0,0.0,0.0,0.0,0.0,0.0,0.0,0.0,0.0,,,,,,,
Reggie Bush,BUF,RB,@LA,W 30-19,0/0,0.0,0.0,0.0,0.0,0.0,0.0,0.0,0.0,0.0,,,,,,0.0
Fred Jackson,SEA,RB,** BYE **,0/0,0,0.0,0.0,0.0,0.0,0.0,0.0,0.0,0.0,,,,,,,
Adrian Peterson,MIN,RB,Hou,W 31-13,0/0,0.0,0.0,0.0,0.0,0.0,0.0,0.0,0.0,0.0,,,,,,0.0
Marshawn Lynch,SEA,RB,** BYE **,0/0,0,0.0,0.0,0.0,0.0,0.0,0.0,0.0,0.0,,,,,,,
Ahmad Bradshaw,IND,RB,Chi,W 29-23,0/0,0.0,0.0,0.0,0.0,0.0,0.0,0.0,0.0,0.0,,,,,,0.0
Pierre Thomas,WAS,RB,@Bal,W 16-10,0/0,0.0,0.0,0.0,0.0,0.0,0.0,0.0,0.0,0.0,,,,,,0.0
Darren McFadden,DAL,RB,Cin,W 28-14,0/0,0.0,0.0,0.0,0.0,0.0,0.0,0.0,0.0,0.0,,,,,,0.0
Jonathan Stewart,CAR,RB,TB,L 14-17,0/0,0.0,0.0,0.0,0.0,0.0,0.0,0.0,0.0,0.0,,,,,,0.0
Chris Johnson,ARI,RB,@SF,W 33-21,0/0,0.0,0.0,0.0,0.0,0.0,0.0,0.0,0.0,0.0,,,,,,0.0
Ray Rice,FA,RB,** BYE **,0/0,0,0.0,0.0,0.0,0.0,0.0,0.0,0.0,0.0,,,,,,,
Jamaal Charles,KAN,RB,** BYE **,0/0,0,0.0,0.0,0.0,0.0,0.0,0.0,0.0,0.0,,,,,,,
Tim Hightower,NOR,RB,** BYE **,0/0,0,0.0,0.0,0.0,0.0,0.0,0.0,0.0,0.0,,,,,,,
Justin Forsett,BAL,RB,Wsh,L 10-16,0/0,0.0,0.0,0.0,0.0,0.0,0.0,0.0,0.0,0.0,,,,,,0.0
Marcel Reece,OAK,RB,SD,W 34-31,0/0,0.0,0.0,0.0,0.0,0.0,0.0,0.0,0.0,0.0,,,,,,0.0
Danny Woodhead,SDG,RB,@Oak,L 31-34,0/0,0.0,0.0,0.0,0.0,0.0,0.0,0.0,0.0,0.0,,,,,,0.0
Donald Brown,NWE,RB,@Cle,W 33-13,0/0,0.0,0.0,0.0,0.0,0.0,0.0,0.0,0.0,0.0,,,,,,0.0
Arian Foster,MIA,RB,Ten,L 17-30,0/0,0.0,0.0,0.0,0.0,0.0,0.0,0.0,0.0,0.0,,,,,,0.0
Rashad Jennings,NYG,RB,@GB,L 16-23,0/0,0.0,0.0,0.0,0.0,0.0,0.0,0.0,0.0,0.0,,,,,,0.0
Jorvorskie Lane,TAM,RB,@Car,W 17-14,0/0,0.0,0.0,0.0,0.0,0.0,0.0,0.0,0.0,0.0,,,,,,0.0
Knowshon Moreno,FA,RB,** BYE **,0/0,0,0.0,0.0,0.0,0.0,0.0,0.0,0.0,0.0,,,,,,,
Cedric Peerman,CIN,RB,@Dal,L 14-28,0/0,0.0,0.0,0.0,0.0,0.0,0.0,0.0,0.0,0.0,,,,,,0.0
Marcus Thigpen,BUF,RB,@LA,W 30-19,0/0,0.0,0.0,0.0,0.0,0.0,0.0,0.0,0.0,0.0,,,,,,0.0
Darrel Young,CHI,RB,@Ind,L 23-29,0/0,0.0,0.0,0.0,0.0,0.0,0.0,0.0,0.0,0.0,,,,,,0.0
Antone Smith,NYJ,RB,@Pit,L 13-31,0/0,0.0,0.0,0.0,0.0,0.0,0.0,0.0,0.0,0.0,,,,,,0.0
Ben Tate,PIT,RB,NYJ,W 31-13,0/0,0.0,0.0,0.0,0.0,0.0,0.0,0.0,0.0,0.0,,,,,,0.0
Toby Gerhart,JAC,RB,** BYE **,0/0,0,0.0,0.0,0.0,0.0,0.0,0.0,0.0,0.0,,,,,,,
Boobie Dixon,BUF,RB,@LA,W 30-19,0/0,0.0,0.0,0.0,0.0,0.0,0.0,0.0,0.0,0.0,,,,,,0.0
Chris Ivory,JAC,RB,** BYE **,0/0,0,0.0,0.0,0.0,0.0,0.0,0.0,0.0,0.0,,,,,,,
James Develin,NWE,RB,@Cle,W 33-13,0/0,0.0,0.0,0.0,0.0,0.0,0.0,0.0,0.0,0.0,,,,,,0.0
Tyler Clutts,DAL,RB,Cin,W 28-14,0/0,0.0,0.0,0.0,0.0,0.0,0.0,0.0,0.0,0.0,,,,,,0.0
Mark Ingram,NOR,RB,** BYE **,0/0,0,0.0,0.0,0.0,0.0,0.0,0.0,0.0,0.0,,,,,,,
Shane Vereen,NYG,RB,@GB,L 16-23,0/0,0.0,0.0,0.0,0.0,0.0,0.0,0.0,0.0,0.0,,,,,,0.0
Stevan Ridley,IND,RB,Chi,W 29-23,0/0,0.0,0.0,0.0,0.0,0.0,0.0,0.0,0.0,0.0,,,,,,0.0
Ryan Williams,DAL,RB,Cin,W 28-14,0/0,0.0,0.0,0.0,0.0,0.0,0.0,0.0,0.0,0.0,,,,,,0.0
Daniel Thomas,MIA,RB,Ten,L 17-30,0/0,0.0,0.0,0.0,0.0,0.0,0.0,0.0,0.0,0.0,,,,,,0.0
Anthony Sherman,KAN,RB,** BYE **,0/0,0,0.0,0.0,0.0,0.0,0.0,0.0,0.0,0.0,,,,,,,
Kendall Hunter,NOR,RB,** BYE **,0/0,0,0.0,0.0,0.0,0.0,0.0,0.0,0.0,0.0,,,,,,,
Roy Helu Jr.,OAK,RB,SD,W 34-31,0/0,0.0,0.0,0.0,0.0,0.0,0.0,0.0,0.0,0.0,,,,,,0.0
Dion Lewis,NWE,RB,@Cle,W 33-13,0/0,0.0,0.0,0.0,0.0,0.0,0.0,0.0,0.0,0.0,,,,,,0.0
DuJuan Harris,SFO,RB,Ari,L 21-33,0/0,0.0,0.0,0.0,0.0,0.0,0.0,0.0,0.0,0.0,,,,,,0.0
Chase Reynolds,LAR,RB,Buf,L 19-30,0/0,0.0,0.0,0.0,0.0,0.0,0.0,0.0,0.0,0.0,,,,,,0.0
Will Johnson,NYG,RB,@GB,L 16-23,0/0,0.0,0.0,0.0,0.0,0.0,0.0,0.0,0.0,0.0,,,,,,0.0
Trent Richardson,BAL,RB,Wsh,L 10-16,0/0,0.0,0.0,0.0,0.0,0.0,0.0,0.0,0.0,0.0,,,,,,0.0
Doug Martin,TAM,RB,@Car,W 17-14,0/0,0.0,0.0,0.0,0.0,0.0,0.0,0.0,0.0,0.0,,,,,,0.0
Chris Polk,HOU,RB,@Min,L 13-31,0/0,0.0,0.0,0.0,0.0,0.0,0.0,0.0,0.0,0.0,,,,,,0.0
LaMike James,MIA,RB,Ten,L 17-30,0/0,0.0,0.0,0.0,0.0,0.0,0.0,0.0,0.0,0.0,,,,,,0.0
Bernard Pierce,NYJ,RB,@Pit,L 13-31,0/0,0.0,0.0,0.0,0.0,0.0,0.0,0.0,0.0,0.0,,,,,,0.0
Robert Turbin,IND,RB,Chi,W 29-23,0/0,0.0,0.0,0.0,0.0,0.0,0.0,0.0,0.0,0.0,,,,,,0.0
Ronnie Hillman,MIN,RB,Hou,W 31-13,0/0,0.0,0.0,0.0,0.0,0.0,0.0,0.0,0.0,0.0,,,,,,0.0
Cyrus Gray,ATL,RB,@Den,W 23-16,0/0,0.0,0.0,0.0,0.0,0.0,0.0,0.0,0.0,0.0,,,,,,0.0
Vick Ballard,NOR,RB,** BYE **,0/0,0,0.0,0.0,0.0,0.0,0.0,0.0,0.0,0.0,,,,,,,
Daniel Herron,BUF,RB,@LA,W 30-19,0/0,0.0,0.0,0.0,0.0,0.0,0.0,0.0,0.0,0.0,,,,,,0.0
Bryce Brown,SEA,RB,** BYE **,0/0,0,0.0,0.0,0.0,0.0,0.0,0.0,0.0,0.0,,,,,,,
Daryl Richardson,PIT,RB,NYJ,W 31-13,0/0,0.0,0.0,0.0,0.0,0.0,0.0,0.0,0.0,0.0,,,,,,0.0
Cory Harkey,LAR,RB,Buf,L 19-30,0/0,0.0,0.0,0.0,0.0,0.0,0.0,0.0,0.0,0.0,,,,,,0.0
Joe Banyard,JAC,RB,** BYE **,0/0,0,0.0,0.0,0.0,0.0,0.0,0.0,0.0,0.0,,,,,,,
Derrick Coleman,SEA,RB,** BYE **,0/0,0,0.0,0.0,0.0,0.0,0.0,0.0,0.0,0.0,,,,,,,
Jonas Gray,JAC,RB,** BYE **,0/0,0,0.0,0.0,0.0,0.0,0.0,0.0,0.0,0.0,,,,,,,
Lance Dunbar,DAL,RB,Cin,W 28-14,0/0,0.0,0.0,0.0,0.0,0.0,0.0,0.0,0.0,0.0,,,,,,0.0
Brandon Bolden,NWE,RB,@Cle,W 33-13,0/0,0.0,0.0,0.0,0.0,0.0,0.0,0.0,0.0,0.0,,,,,,0.0
Jonathan Grimes,HOU,RB,@Min,L 13-31,0/0,0.0,0.0,0.0,0.0,0.0,0.0,0.0,0.0,0.0,,,,,,0.0
Montee Ball,FA,RB,** BYE **,0/0,0,0.0,0.0,0.0,0.0,0.0,0.0,0.0,0.0,,,,,,,
Christine Michael,SEA,RB,** BYE **,0/0,0,0.0,0.0,0.0,0.0,0.0,0.0,0.0,0.0,,,,,,,
Latavius Murray,OAK,RB,SD,W 34-31,0/0,0.0,0.0,0.0,0.0,0.0,0.0,0.0,0.0,0.0,,,,,,0.0
Denard Robinson,JAC,RB,** BYE **,0/0,0,0.0,0.0,0.0,0.0,0.0,0.0,0.0,0.0,,,,,,,
Mike James,TAM,RB,@Car,W 17-14,0/0,0.0,0.0,0.0,0.0,0.0,0.0,0.0,0.0,0.0,,,,,,0.0
Tommy Bohanon,NYJ,RB,@Pit,L 13-31,0/0,0.0,0.0,0.0,0.0,0.0,0.0,0.0,0.0,0.0,,,,,,0.0
Zac Stacy,NYJ,RB,@Pit,L 13-31,0/0,0.0,0.0,0.0,0.0,0.0,0.0,0.0,0.0,0.0,,,,,,0.0
Joseph Randle,FA,RB,** BYE **,0/0,0,0.0,0.0,0.0,0.0,0.0,0.0,0.0,0.0,,,,,,,
Spencer Ware,KAN,RB,** BYE **,0/0,0,0.0,0.0,0.0,0.0,0.0,0.0,0.0,0.0,,,,,,,
Kerwynn Williams,ARI,RB,@SF,W 33-21,0/0,0.0,0.0,0.0,0.0,0.0,0.0,0.0,0.0,0.0,,,,,,0.0
Kendall Gaskins,SFO,RB,Ari,L 21-33,0/0,0.0,0.0,0.0,0.0,0.0,0.0,0.0,0.0,0.0,,,,,,0.0
Steven Miller,DET,RB,Phi,W 24-23,0/0,0.0,0.0,0.0,0.0,0.0,0.0,0.0,0.0,0.0,,,,,,0.0
George Winn,DET,RB,Phi,W 24-23,0/0,0.0,0.0,0.0,0.0,0.0,0.0,0.0,0.0,0.0,,,,,,0.0
Khiry Robinson,NYJ,RB,@Pit,L 13-31,0/0,0.0,0.0,0.0,0.0,0.0,0.0,0.0,0.0,0.0,,,,,,0.0
Charles Sims,TAM,RB,@Car,W 17-14,0/0,0.0,0.0,0.0,0.0,0.0,0.0,0.0,0.0,0.0,,,,,,0.0
Dri Archer,BUF,RB,@LA,W 30-19,0/0,0.0,0.0,0.0,0.0,0.0,0.0,0.0,0.0,0.0,,,,,,0.0
Tre Mason,LAR,RB,Buf,L 19-30,0/0,0.0,0.0,0.0,0.0,0.0,0.0,0.0,0.0,0.0,,,,,,0.0
Bishop Sankey,TEN,RB,@Mia,W 30-17,0/0,0.0,0.0,0.0,0.0,0.0,0.0,0.0,0.0,0.0,,,,,,0.0
Tyler Gaffney,NWE,RB,@Cle,W 33-13,0/0,0.0,0.0,0.0,0.0,0.0,0.0,0.0,0.0,0.0,,,,,,0.0
Storm Johnson,TAM,RB,@Car,W 17-14,0/0,0.0,0.0,0.0,0.0,0.0,0.0,0.0,0.0,0.0,,,,,,0.0
Lache Seastrunk,NYJ,RB,@Pit,L 13-31,0/0,0.0,0.0,0.0,0.0,0.0,0.0,0.0,0.0,0.0,,,,,,0.0
Andre Williams,SDG,RB,@Oak,L 31-34,0/0,0.0,0.0,0.0,0.0,0.0,0.0,0.0,0.0,0.0,,,,,,0.0
Lorenzo Taliaferro,BAL,RB,Wsh,L 10-16,0/0,0.0,0.0,0.0,0.0,0.0,0.0,0.0,0.0,0.0,,,,,,0.0
Marion Grice,ARI,RB,@SF,W 33-21,0/0,0.0,0.0,0.0,0.0,0.0,0.0,0.0,0.0,0.0,,,,,,0.0
Juwan Thompson,DEN,RB,Atl,L 16-23,0/0,0.0,0.0,0.0,0.0,0.0,0.0,0.0,0.0,0.0,,,,,,0.0
Branden Oliver,SDG,RB,@Oak,L 31-34,0/0,0.0,0.0,0.0,0.0,0.0,0.0,0.0,0.0,0.0,,,,,,0.0
Darrin Reaves,KAN,RB,** BYE **,0/0,0,0.0,0.0,0.0,0.0,0.0,0.0,0.0,0.0,,,,,,,
Silas Redd,WAS,RB,@Bal,W 16-10,0/0,0.0,0.0,0.0,0.0,0.0,0.0,0.0,0.0,0.0,,,,,,0.0
Trey Watts,LAR,RB,Buf,L 19-30,0/0,0.0,0.0,0.0,0.0,0.0,0.0,0.0,0.0,0.0,,,,,,0.0
Austin Johnson,NOR,RB,** BYE **,0/0,0,0.0,0.0,0.0,0.0,0.0,0.0,0.0,0.0,,,,,,,
Senorise Perry,CHI,RB,@Ind,L 23-29,0/0,0.0,0.0,0.0,0.0,0.0,0.0,0.0,0.0,0.0,,,,,,0.0
Glenn Winston,CLE,RB,NE,L 13-33,0/0,0.0,0.0,0.0,0.0,0.0,0.0,0.0,0.0,0.0,,,,,,0.0
Charcandrick West,KAN,RB,** BYE **,0/0,0,0.0,0.0,0.0,0.0,0.0,0.0,0.0,0.0,,,,,,,
Roosevelt Nix,PIT,RB,NYJ,W 31-13,0/0,0.0,0.0,0.0,0.0,0.0,0.0,0.0,0.0,0.0,,,,,,0.0
Michael Burton,DET,RB,Phi,W 24-23,0/0,0.0,0.0,0.0,0.0,0.0,0.0,0.0,0.0,0.0,,,,,,0.0
Jeremy Langford,CHI,RB,@Ind,L 23-29,0/0,0.0,0.0,0.0,0.0,0.0,0.0,0.0,0.0,0.0,,,,,,0.0
Joey Iosefa,NWE,RB,@Cle,W 33-13,0/0,0.0,0.0,0.0,0.0,0.0,0.0,0.0,0.0,0.0,,,,,,0.0
David Cobb,TEN,RB,@Mia,W 30-17,0/0,0.0,0.0,0.0,0.0,0.0,0.0,0.0,0.0,0.0,,,,,,0.0
Ameer Abdullah,DET,RB,Phi,W 24-23,0/0,0.0,0.0,0.0,0.0,0.0,0.0,0.0,0.0,0.0,,,,,,0.0
Karlos Williams,BUF,RB,@LA,W 30-19,0/0,0.0,0.0,0.0,0.0,0.0,0.0,0.0,0.0,0.0,,,,,,0.0
Kenny Hilliard,HOU,RB,@Min,L 13-31,0/0,0.0,0.0,0.0,0.0,0.0,0.0,0.0,0.0,0.0,,,,,,0.0
Josh Robinson,IND,RB,Chi,W 29-23,0/0,0.0,0.0,0.0,0.0,0.0,0.0,0.0,0.0,0.0,,,,,,0.0
Aaron Ripkowski,GNB,RB,NYG,W 23-16,0/0,0.0,0.0,0.0,0.0,0.0,0.0,0.0,0.0,0.0,,,,,,0.0
Tyler Varga,IND,RB,Chi,W 29-23,0/0,0.0,0.0,0.0,0.0,0.0,0.0,0.0,0.0,0.0,,,,,,0.0
T.J. Yeldon,JAC,RB,** BYE **,0/0,0,0.0,0.0,0.0,0.0,0.0,0.0,0.0,0.0,,,,,,,
Michael Dyer,OAK,RB,SD,W 34-31,0/0,0.0,0.0,0.0,0.0,0.0,0.0,0.0,0.0,0.0,,,,,,0.0
John Crockett,GNB,RB,NYG,W 23-16,0/0,0.0,0.0,0.0,0.0,0.0,0.0,0.0,0.0,0.0,,,,,,0.0
Terrence Magee,SEA,RB,** BYE **,0/0,0,0.0,0.0,0.0,0.0,0.0,0.0,0.0,0.0,,,,,,,
Thomas Rawls,SEA,RB,** BYE **,0/0,0,0.0,0.0,0.0,0.0,0.0,0.0,0.0,0.0,,,,,,,
Gus Johnson,SDG,RB,@Oak,L 31-34,0/0,0.0,0.0,0.0,0.0,0.0,0.0,0.0,0.0,0.0,,,,,,0.0
Terron Ward,ATL,RB,@Den,W 23-16,0/0,0.0,0.0,0.0,0.0,0.0,0.0,0.0,0.0,0.0,,,,,,0.0
Jarryd Hayne,SFO,RB,Ari,L 21-33,0/0,0.0,0.0,0.0,0.0,0.0,0.0,0.0,0.0,0.0,,,,,,0.0
Brandon Wegher,CAR,RB,TB,L 14-17,0/0,0.0,0.0,0.0,0.0,0.0,0.0,0.0,0.0,0.0,,,,,,0.0
Alonzo Harris,GNB,RB,NYG,W 23-16,0/0,0.0,0.0,0.0,0.0,0.0,0.0,0.0,0.0,0.0,,,,,,0.0
Nikita Whitlock,NYG,RB,@GB,L 16-23,0/0,0.0,0.0,0.0,0.0,0.0,0.0,0.0,0.0,0.0,,,,,,0.0
Raheem Mostert,CHI,RB,@Ind,L 23-29,0/0,0.0,0.0,0.0,0.0,0.0,0.0,0.0,0.0,0.0,,,,,,0.0
Trey Williams,IND,RB,Chi,W 29-23,0/0,0.0,0.0,0.0,0.0,0.0,0.0,0.0,0.0,0.0,,,,,,0.0
Akeem Hunt,HOU,RB,@Min,L 13-31,0/0,0.0,0.0,0.0,0.0,0.0,0.0,0.0,0.0,0.0,,,,,,0.0
C.J. Prosise,SEA,RB,** BYE **,0/0,0,0.0,0.0,0.0,0.0,0.0,0.0,0.0,0.0,,,,,,,
Alex Collins,SEA,RB,** BYE **,0/0,0,0.0,0.0,0.0,0.0,0.0,0.0,0.0,0.0,,,,,,,
Kelvin Taylor,SFO,RB,Ari,L 21-33,0/0,0.0,0.0,0.0,0.0,0.0,0.0,0.0,0.0,0.0,,,,,,0.0
Dwayne Washington,DET,RB,Phi,W 24-23,0/0,0.0,0.0,0.0,0.0,0.0,0.0,0.0,0.0,0.0,,,,,,0.0
Daniel Lasco,NOR,RB,** BYE **,0/0,0,0.0,0.0,0.0,0.0,0.0,0.0,0.0,0.0,,,,,,,
Keith Marshall,WAS,RB,@Bal,W 16-10,0/0,0.0,0.0,0.0,0.0,0.0,0.0,0.0,0.0,0.0,,,,,,0.0
Zac Brooks,SEA,RB,** BYE **,0/0,0,0.0,0.0,0.0,0.0,0.0,0.0,0.0,0.0,,,,,,,
Terrell Watson,CLE,RB,NE,L 13-33,0/0,0.0,0.0,0.0,0.0,0.0,0.0,0.0,0.0,0.0,,,,,,0.0
Brandon Wilds,ATL,RB,@Den,W 23-16,0/0,0.0,0.0,0.0,0.0,0.0,0.0,0.0,0.0,0.0,,,,,,0.0
Jhurell Pressley,GNB,RB,NYG,W 23-16,0/0,0.0,0.0,0.0,0.0,0.0,0.0,0.0,0.0,0.0,,,,,,0.0
Byron Marshall,PHI,RB,@Det,L 23-24,0/0,0.0,0.0,0.0,0.0,0.0,0.0,0.0,0.0,0.0,,,,,,0.0
James Wilder Jr.,BUF,RB,@LA,W 30-19,0/0,0.0,0.0,0.0,0.0,0.0,0.0,0.0,0.0,0.0,,,,,,0.0
Dreamius Smith,SDG,RB,@Oak,L 31-34,0/0,0.0,0.0,0.0,0.0,0.0,0.0,0.0,0.0,0.0,,,,,,0.0
Devon Johnson,CAR,RB,TB,L 14-17,0/0,0.0,0.0,0.0,0.0,0.0,0.0,0.0,0.0,0.0,,,,,,0.0
Troymaine Pope,NYJ,RB,@Pit,L 13-31,0/0,0.0,0.0,0.0,0.0,0.0,0.0,0.0,0.0,0.0,,,,,,0.0
Glenn Gronkowski,BUF,RB,@LA,W 30-19,0/0,0.0,0.0,0.0,0.0,0.0,0.0,0.0,0.0,0.0,,,,,,0.0
Julian Howsare,NYJ,RB,@Pit,L 13-31,0/0,0.0,0.0,0.0,0.0,0.0,0.0,0.0,0.0,0.0,,,,,,0.0
Antonio Brown,PIT,WR,NYJ,W 31-13,0/0,0.0,0.0,0.0,0.3,1.5,0.0,8.1,113.3,0.6,,,,,,14.9
A.J. Green,CIN,WR,@Dal,L 14-28,0/0,0.0,0.0,0.0,0.0,0.0,0.0,7.4,110.3,0.5,,,,,,14.0
Jordy Nelson,GNB,WR,NYG,W 23-16,0/0,0.0,0.0,0.0,0.0,0.0,0.0,6.1,85.7,0.7,,,,,,12.2
Mike Evans,TAM,WR,@Car,W 17-14,0/0,0.0,0.0,0.0,0.0,0.0,0.0,6.0,93.1,0.5,,,,,,12.0
Odell Beckham Jr.,NYG,WR,@GB,L 16-23,0/0,0.0,0.0,0.0,0.0,0.0,0.0,6.4,95.0,0.5,,,,,,11.9
Alshon Jeffery,CHI,WR,@Ind,L 23-29,0/0,0.0,0.0,0.0,0.0,0.0,0.0,5.5,90.8,0.4,,,,,,11.5
T.Y. Hilton,IND,WR,Chi,W 29-23,0/0,0.0,0.0,0.0,0.0,0.0,0.0,5.7,80.2,0.6,,,,,,11.4
Julio Jones,ATL,WR,@Den,W 23-16,0/0,0.0,0.0,0.0,0.0,0.0,0.0,7.3,97.0,0.4,,,,,,11.3
Brandon Marshall,NYJ,WR,@Pit,L 13-31,0/0,0.0,0.0,0.0,0.0,0.0,0.0,6.4,89.1,0.5,,,,,,10.9
DeAndre Hopkins,HOU,WR,@Min,L 13-31,0/0,0.0,0.0,0.0,0.0,0.0,0.0,6.1,81.6,0.4,,,,,,10.4
Jarvis Landry,MIA,WR,Ten,L 17-30,0/0,0.0,0.0,0.0,0.5,3.0,0.0,7.7,79.8,0.4,,,,,,9.7
Jordan Matthews,PHI,WR,@Det,L 23-24,0/0,0.0,0.0,0.0,0.0,0.0,0.0,5.7,75.6,0.4,,,,,,9.5
Marvin Jones,DET,WR,Phi,W 24-23,0/0,0.0,0.0,0.0,0.0,0.0,0.0,5.5,76.4,0.4,,,,,,9.4
Kelvin Benjamin,CAR,WR,TB,L 14-17,0/0,0.0,0.0,0.0,0.0,0.0,0.0,4.4,63.2,0.5,,,,,,9.0
Will Fuller V,HOU,WR,@Min,L 13-31,0/0,0.0,0.0,0.0,0.0,0.0,0.0,4.7,71.9,0.3,,,,,,8.9
Julian Edelman,NWE,WR,@Cle,W 33-13,0/0,0.0,0.0,0.0,1.2,5.7,0.0,5.8,64.4,0.4,,,,,,8.8
Amari Cooper,OAK,WR,SD,W 34-31,0/0,0.0,0.0,0.0,0.0,0.0,0.0,4.7,63.8,0.4,,,,,,8.6
Quincy Enunwa,NYJ,WR,@Pit,L 13-31,0/0,0.0,0.0,0.0,0.0,0.0,0.0,5.3,62.6,0.4,,,,,,8.5
Travis Benjamin,SDG,WR,@Oak,L 31-34,0/0,0.0,0.0,0.0,0.2,1.5,0.0,5.0,62.8,0.4,,,,,,8.3
Larry Fitzgerald,ARI,WR,@SF,W 33-21,0/0,0.0,0.0,0.0,0.3,1.8,0.0,5.3,62.1,0.4,,,,,,8.1
Terrelle Pryor,CLE,WR,NE,L 13-33,0/0,0.0,0.0,0.0,0.9,4.4,0.0,4.3,60.1,0.3,,,,,,8.0
Michael Crabtree,OAK,WR,SD,W 34-31,0/0,0.0,0.0,0.0,0.0,0.0,0.0,5.1,57.8,0.5,,,,,,8.0
Steve Smith Sr.,BAL,WR,Wsh,L 10-16,0/0,0.0,0.0,0.0,0.0,0.0,0.0,4.9,69.2,0.3,,,,,,7.8
Demaryius Thomas,DEN,WR,Atl,L 16-23,0/0,0.0,0.0,0.0,0.0,0.0,0.0,4.2,54.9,0.5,,,,,,7.7
Emmanuel Sanders,DEN,WR,Atl,L 16-23,0/0,0.0,0.0,0.0,0.1,0.9,0.0,4.4,58.2,0.4,,,,,,7.5
DeSean Jackson,WAS,WR,@Bal,W 16-10,0/0,0.0,0.0,0.0,0.0,0.0,0.0,3.9,65.8,0.2,,,,,,7.4
Sammie Coates,PIT,WR,NYJ,W 31-13,0/0,0.0,0.0,0.0,0.3,1.5,0.0,3.2,58.7,0.4,,,,,,7.2
Tyrell Williams,SDG,WR,@Oak,L 31-34,0/0,0.0,0.0,0.0,0.0,0.0,0.0,3.8,51.3,0.3,,,,,,7.0
DeVante Parker,MIA,WR,Ten,L 17-30,0/0,0.0,0.0,0.0,0.0,0.0,0.0,3.5,50.8,0.3,,,,,,6.9
Sterling Shepard,NYG,WR,@GB,L 16-23,0/0,0.0,0.0,0.0,0.0,0.0,0.0,4.6,56.0,0.3,,,,,,6.8
Michael Floyd,ARI,WR,@SF,W 33-21,0/0,0.0,0.0,0.0,0.0,0.0,0.0,3.2,51.2,0.3,,,,,,6.8
Tajae Sharpe,TEN,WR,@Mia,W 30-17,0/0,0.0,0.0,0.0,0.0,0.0,0.0,3.9,51.8,0.3,,,,,,6.7
John Brown,ARI,WR,@SF,W 33-21,0/0,0.0,0.0,0.0,0.1,0.9,0.0,3.5,52.7,0.2,,,,,,6.6
Jeremy Kerley,SFO,WR,Ari,L 21-33,0/0,0.0,0.0,0.0,0.0,0.0,0.0,5.3,58.2,0.2,,,,,,6.5
Victor Cruz,NYG,WR,@GB,L 16-23,0/0,0.0,0.0,0.0,0.0,0.0,0.0,3.6,50.8,0.2,,,,,,6.4
Randall Cobb,GNB,WR,NYG,W 23-16,0/0,0.0,0.0,0.0,1.0,4.2,0.0,4.2,47.4,0.4,,,,,,6.4
Kenny Britt,LAR,WR,Buf,L 19-30,0/0,0.0,0.0,0.0,0.0,0.0,0.0,3.2,50.8,0.2,,,,,,6.2
Chris Hogan,NWE,WR,@Cle,W 33-13,0/0,0.0,0.0,0.0,0.1,1.0,0.0,3.7,45.7,0.4,,,,,,6.2
Brice Butler,DAL,WR,Cin,W 28-14,0/0,0.0,0.0,0.0,0.0,0.0,0.0,3.6,44.0,0.3,,,,,,6.0
Phillip Dorsett,IND,WR,Chi,W 29-23,0/0,0.0,0.0,0.0,0.3,1.6,0.0,2.8,45.4,0.3,,,,,,5.9
Mike Wallace,BAL,WR,Wsh,L 10-16,0/0,0.0,0.0,0.0,0.5,3.6,0.0,3.3,45.2,0.3,,,,,,5.8
Terrance Williams,DAL,WR,Cin,W 28-14,0/0,0.0,0.0,0.0,0.0,0.0,0.0,3.1,47.8,0.3,,,,,,5.8
Robert Woods,BUF,WR,@LA,W 30-19,0/0,0.0,0.0,0.0,0.0,0.0,0.0,4.2,44.1,0.3,,,,,,5.7
Jamison Crowder,WAS,WR,@Bal,W 16-10,0/0,0.0,0.0,0.0,0.0,0.0,0.0,4.9,45.4,0.3,,,,,,5.7
Eddie Royal,CHI,WR,@Ind,L 23-29,0/0,0.0,0.0,0.0,0.2,1.6,0.0,4.0,49.0,0.2,,,,,,5.6
Dontrelle Inman,SDG,WR,@Oak,L 31-34,0/0,0.0,0.0,0.0,0.0,0.0,0.0,3.3,44.1,0.3,,,,,,5.6
Pierre Garcon,WAS,WR,@Bal,W 16-10,0/0,0.0,0.0,0.0,0.0,0.0,0.0,4.4,48.3,0.3,,,,,,5.6
Cole Beasley,DAL,WR,Cin,W 28-14,0/0,0.0,0.0,0.0,0.3,1.9,0.0,5.1,49.8,0.3,,,,,,5.6
Golden Tate,DET,WR,Phi,W 24-23,0/0,0.0,0.0,0.0,0.4,2.6,0.0,4.7,49.6,0.3,,,,,,5.5
Vincent Jackson,TAM,WR,@Car,W 17-14,0/0,0.0,0.0,0.0,0.0,0.0,0.0,2.9,44.0,0.2,,,,,,5.5
Anquan Boldin,DET,WR,Phi,W 24-23,0/0,0.0,0.0,0.0,0.0,0.0,0.0,4.1,49.6,0.2,,,,,,5.4
Tavon Austin,LAR,WR,Buf,L 19-30,0/0,0.0,0.0,0.0,1.5,7.4,0.0,4.7,47.6,0.2,,,,,,5.4
Cameron Meredith,CHI,WR,@Ind,L 23-29,0/0,0.0,0.0,0.0,0.0,0.0,0.0,3.5,42.9,0.2,,,,,,5.4
Kenny Stills,MIA,WR,Ten,L 17-30,0/0,0.0,0.0,0.0,0.0,0.0,0.0,2.7,43.6,0.2,,,,,,5.3
Torrey Smith,SFO,WR,Ari,L 21-33,0/0,0.0,0.0,0.0,0.0,0.0,0.0,2.8,44.1,0.2,,,,,,5.3
Brandon LaFell,CIN,WR,@Dal,L 14-28,0/0,0.0,0.0,0.0,0.2,1.5,0.0,3.4,45.7,0.2,,,,,,5.1
Adam Humphries,TAM,WR,@Car,W 17-14,0/0,0.0,0.0,0.0,0.2,1.2,0.0,4.1,38.1,0.2,,,,,,4.6
Mohamed Sanu,ATL,WR,@Den,W 23-16,0/0,0.0,0.0,0.0,0.1,0.6,0.0,3.5,35.6,0.2,,,,,,4.4
Breshad Perriman,BAL,WR,Wsh,L 10-16,0/0,0.0,0.0,0.0,0.3,1.8,0.0,2.3,38.1,0.2,,,,,,4.4
Ted Ginn Jr.,CAR,WR,TB,L 14-17,0/0,0.0,0.0,0.0,0.9,5.0,0.0,1.9,30.5,0.2,,,,,,4.4
Markus Wheaton,PIT,WR,NYJ,W 31-13,0/0,0.0,0.0,0.0,0.3,1.5,0.0,2.7,38.7,0.2,,,,,,4.4
Andre Johnson,TEN,WR,@Mia,W 30-17,0/0,0.0,0.0,0.0,0.0,0.0,0.0,2.8,38.1,0.2,,,,,,4.3
Robby Anderson,NYJ,WR,@Pit,L 13-31,0/0,0.0,0.0,0.0,0.0,0.0,0.0,2.4,32.7,0.2,,,,,,4.2
Nelson Agholor,PHI,WR,@Det,L 23-24,0/0,0.0,0.0,0.0,0.0,0.0,0.0,3.0,38.9,0.2,,,,,,4.2
Corey Brown,CAR,WR,TB,L 14-17,0/0,0.0,0.0,0.0,0.0,0.0,0.0,2.6,37.8,0.2,,,,,,4.2
Adam Thielen,MIN,WR,Hou,W 31-13,0/0,0.0,0.0,0.0,0.0,0.0,0.0,3.5,39.1,0.2,,,,,,4.1
Charles Johnson,MIN,WR,Hou,W 31-13,0/0,0.0,0.0,0.0,0.0,0.0,0.0,2.8,37.5,0.2,,,,,,4.1
Marquise Goodwin,BUF,WR,@LA,W 30-19,0/0,0.0,0.0,0.0,0.0,0.0,0.0,2.1,35.5,0.2,,,,,,4.1
Quinton Patton,SFO,WR,Ari,L 21-33,0/0,0.0,0.0,0.0,0.0,0.0,0.0,3.1,32.5,0.2,,,,,,4.0
Tyler Boyd,CIN,WR,@Dal,L 14-28,0/0,0.0,0.0,0.0,0.2,1.5,0.0,2.8,36.6,0.2,,,,,,3.9
Brian Quick,LAR,WR,Buf,L 19-30,0/0,0.0,0.0,0.0,0.0,0.0,0.0,2.3,33.0,0.2,,,,,,3.9
Andrew Hawkins,CLE,WR,NE,L 13-33,0/0,0.0,0.0,0.0,0.5,2.9,0.0,3.0,31.6,0.1,,,,,,3.7
Davante Adams,GNB,WR,NYG,W 23-16,0/0,0.0,0.0,0.0,0.0,0.0,0.0,2.7,29.5,0.3,,,,,,3.7
Seth Roberts,OAK,WR,SD,W 34-31,0/0,0.0,0.0,0.0,0.0,0.0,0.0,2.6,29.2,0.2,,,,,,3.4
Devin Funchess,CAR,WR,TB,L 14-17,0/0,0.0,0.0,0.0,0.3,1.7,0.0,1.6,22.6,0.2,,,,,,3.2
Dorial Green-Beckham,PHI,WR,@Det,L 23-24,0/0,0.0,0.0,0.0,0.0,0.0,0.0,2.1,29.9,0.2,,,,,,3.1
Chester Rogers,IND,WR,Chi,W 29-23,0/0,0.0,0.0,0.0,0.0,0.0,0.0,1.6,22.8,0.2,,,,,,3.1
Cordarrelle Patterson,MIN,WR,Hou,W 31-13,0/0,0.0,0.0,0.0,0.8,5.0,0.0,2.5,24.2,0.1,,,,,,3.1
Walter Powell,BUF,WR,@LA,W 30-19,0/0,0.0,0.0,0.0,0.0,0.0,0.0,2.0,23.4,0.2,,,,,,2.9
Jaron Brown,ARI,WR,@SF,W 33-21,0/0,0.0,0.0,0.0,0.1,0.9,0.0,1.7,22.2,0.1,,,,,,2.8
Kendall Wright,TEN,WR,@Mia,W 30-17,0/0,0.0,0.0,0.0,0.3,1.8,0.0,2.3,29.9,0.1,,,,,,2.7
Ricardo Louis,CLE,WR,NE,L 13-33,0/0,0.0,0.0,0.0,0.0,0.0,0.0,2.2,27.0,0.1,,,,,,2.7
Kamar Aiken,BAL,WR,Wsh,L 10-16,0/0,0.0,0.0,0.0,0.0,0.0,0.0,1.6,20.6,0.1,,,,,,2.6
Braxton Miller,HOU,WR,@Min,L 13-31,0/0,0.0,0.0,0.0,0.3,1.5,0.0,2.4,22.2,0.1,,,,,,2.6
Taylor Gabriel,ATL,WR,@Den,W 23-16,0/0,0.0,0.0,0.0,0.0,0.0,0.0,2.0,21.8,0.1,,,,,,2.6
Laquon Treadwell,MIN,WR,Hou,W 31-13,0/0,0.0,0.0,0.0,0.3,1.7,0.0,1.9,21.7,0.1,,,,,,2.6
Rishard Matthews,TEN,WR,@Mia,W 30-17,0/0,0.0,0.0,0.0,0.0,0.0,0.0,1.7,22.7,0.1,,,,,,2.6
Darrius Heyward-Bey,PIT,WR,NYJ,W 31-13,0/0,0.0,0.0,0.0,0.0,0.0,0.0,1.2,18.7,0.1,,,,,,1.9
Jordan Norwood,DEN,WR,Atl,L 16-23,0/0,0.0,0.0,0.0,0.1,0.9,0.0,1.2,12.7,0.1,,,,,,1.8
Josh Huff,PHI,WR,@Det,L 23-24,0/0,0.0,0.0,0.0,0.3,1.7,0.0,1.7,16.9,0.1,,,,,,1.8
Danny Amendola,NWE,WR,@Cle,W 33-13,0/0,0.0,0.0,0.0,0.1,1.0,0.0,1.2,12.8,0.1,,,,,,1.6
Justin Hunter,BUF,WR,@LA,W 30-19,0/0,0.0,0.0,0.0,0.0,0.0,0.0,0.9,12.8,0.1,,,,,,1.6
Malcolm Mitchell,NWE,WR,@Cle,W 33-13,0/0,0.0,0.0,0.0,0.0,0.0,0.0,1.0,14.3,0.1,,,,,,1.6
Aldrick Robinson,ATL,WR,@Den,W 23-16,0/0,0.0,0.0,0.0,0.0,0.0,0.0,1.0,15.4,0.1,,,,,,1.4
Charone Peake,NYJ,WR,@Pit,L 13-31,0/0,0.0,0.0,0.0,0.0,0.0,0.0,1.3,14.6,0.1,,,,,,1.4
Deonte Thompson,CHI,WR,@Ind,L 23-29,0/0,0.0,0.0,0.0,0.0,0.0,0.0,0.9,12.7,0.1,,,,,,1.4
Andre Roberts,DET,WR,Phi,W 24-23,0/0,0.0,0.0,0.0,0.0,0.0,0.0,0.7,8.0,0.0,,,,,,0.6
Lucky Whitehead,DAL,WR,Cin,W 28-14,0/0,0.0,0.0,0.0,0.6,3.8,0.0,0.5,6.6,0.0,,,,,,0.5
Trevor Davis,GNB,WR,NYG,W 23-16,0/0,0.0,0.0,0.0,0.0,0.0,0.0,0.7,9.8,0.1,,,,,,0.5
Jeremy Ross,NYJ,WR,@Pit,L 13-31,0/0,0.0,0.0,0.0,0.0,0.0,0.0,0.4,5.5,0.0,,,,,,0.5
Cody Latimer,DEN,WR,Atl,L 16-23,0/0,0.0,0.0,0.0,0.0,0.0,0.0,0.5,5.6,0.0,,,,,,0.4
Andre Holmes,OAK,WR,SD,W 34-31,0/0,0.0,0.0,0.0,0.0,0.0,0.0,0.6,7.3,0.1,,,,,,0.4
Devin Hester,BAL,WR,Wsh,L 10-16,0/0,0.0,0.0,0.0,0.0,0.0,0.0,0.0,0.0,0.0,,,,,,0.3
Quan Bray,IND,WR,Chi,W 29-23,0/0,0.0,0.0,0.0,0.0,0.0,0.0,0.2,2.9,0.0,,,,,,0.3
Leonte Carroo,MIA,WR,Ten,L 17-30,0/0,0.0,0.0,0.0,0.0,0.0,0.0,0.6,7.6,0.0,,,,,,0.3
Dwayne Harris,NYG,WR,@GB,L 16-23,0/0,0.0,0.0,0.0,0.0,0.0,0.0,0.0,0.0,0.0,,,,,,0.3
Joshua Bellamy,CHI,WR,@Ind,L 23-29,0/0,0.0,0.0,0.0,0.0,0.0,0.0,0.6,9.0,0.0,,,,,,0.3
Rashad Greene,JAC,WR,** BYE **,0/0,0,0.0,0.0,0.0,0.0,0.0,0.0,0.0,0.0,,,,,,,
Jared Abbrederis,GNB,WR,NYG,W 23-16,0/0,0.0,0.0,0.0,0.0,0.0,0.0,0.4,4.6,0.0,,,,,,0.2
Ty Montgomery,GNB,WR,NYG,W 23-16,0/0,0.0,0.0,0.0,0.3,1.5,0.0,0.2,2.3,0.0,,,,,,0.2
Alex Erickson,CIN,WR,@Dal,L 14-28,0/0,0.0,0.0,0.0,0.0,0.0,0.0,0.3,4.3,0.0,,,,,,0.2
Russell Shepard,TAM,WR,@Car,W 17-14,0/0,0.0,0.0,0.0,0.2,1.2,0.0,0.4,5.4,0.0,,,,,,0.2
Brandon Tate,BUF,WR,@LA,W 30-19,0/0,0.0,0.0,0.0,0.3,1.6,0.0,0.0,0.0,0.0,,,,,,0.2
Rod Streater,SFO,WR,Ari,L 21-33,0/0,0.0,0.0,0.0,0.0,0.0,0.0,0.6,6.6,0.0,,,,,,0.2
Aaron Burbridge,SFO,WR,Ari,L 21-33,0/0,0.0,0.0,0.0,0.0,0.0,0.0,0.7,7.3,0.0,,,,,,0.2
Tyreek Hill,KAN,WR,** BYE **,0/0,0,0.0,0.0,0.0,0.0,0.0,0.0,0.0,0.0,,,,,,,
Bennie Fowler,DEN,WR,Atl,L 16-23,0/0,0.0,0.0,0.0,0.0,0.0,0.0,0.3,3.7,0.0,,,,,,0.2
Jordan Taylor,DEN,WR,Atl,L 16-23,0/0,0.0,0.0,0.0,0.0,0.0,0.0,0.3,3.7,0.0,,,,,,0.2
Jarius Wright,MIN,WR,Hou,W 31-13,0/0,0.0,0.0,0.0,0.0,0.0,0.0,0.6,6.8,0.0,,,,,,0.2
Tyler Lockett,SEA,WR,** BYE **,0/0,0,0.0,0.0,0.0,0.0,0.0,0.0,0.0,0.0,,,,,,,
Justin Hardy,ATL,WR,@Den,W 23-16,0/0,0.0,0.0,0.0,0.0,0.0,0.0,0.5,5.1,0.0,,,,,,0.2
Jeremy Butler,BAL,WR,Wsh,L 10-16,0/0,0.0,0.0,0.0,0.0,0.0,0.0,0.4,5.4,0.0,,,,,,0.2
Ryan Grant,WAS,WR,@Bal,W 16-10,0/0,0.0,0.0,0.0,0.0,0.0,0.0,0.4,5.4,0.0,,,,,,0.2
J.J. Nelson,ARI,WR,@SF,W 33-21,0/0,0.0,0.0,0.0,0.0,0.0,0.0,0.4,4.7,0.0,,,,,,0.2
Jaelen Strong,HOU,WR,@Min,L 13-31,0/0,0.0,0.0,0.0,0.0,0.0,0.0,0.4,5.2,0.0,,,,,,0.2
Jakeem Grant,MIA,WR,Ten,L 17-30,0/0,0.0,0.0,0.0,0.0,0.0,0.0,0.0,0.0,0.0,,,,,,0.2
Eric Weems,ATL,WR,@Den,W 23-16,0/0,0.0,0.0,0.0,0.0,0.0,0.0,0.0,0.0,0.0,,,,,,0.2
Marc Mariani,TEN,WR,@Mia,W 30-17,0/0,0.0,0.0,0.0,0.0,0.0,0.0,0.0,0.0,0.0,,,,,,0.2
Bradley Marquez,LAR,WR,Buf,L 19-30,0/0,0.0,0.0,0.0,0.0,0.0,0.0,0.5,6.6,0.0,,,,,,0.1
Rashard Higgins,CLE,WR,NE,L 13-33,0/0,0.0,0.0,0.0,0.0,0.0,0.0,0.3,4.2,0.0,,,,,,0.1
Tavarres King,NYG,WR,@GB,L 16-23,0/0,0.0,0.0,0.0,0.0,0.0,0.0,0.2,2.9,0.0,,,,,,0.1
Tommylee Lewis,NOR,WR,** BYE **,0/0,0,0.0,0.0,0.0,0.0,0.0,0.0,0.0,0.0,,,,,,,
Michael Thomas,LAR,WR,Buf,L 19-30,0/0,0.0,0.0,0.0,0.0,0.0,0.0,0.3,4.4,0.0,,,,,,0.1
Johnny Holton,OAK,WR,SD,W 34-31,0/0,0.0,0.0,0.0,0.3,1.6,0.0,0.0,0.0,0.0,,,,,,0.1
Paul Richardson,SEA,WR,** BYE **,0/0,0,0.0,0.0,0.0,0.0,0.0,0.0,0.0,0.0,,,,,,,
Matthew Slater,NWE,WR,@Cle,W 33-13,0/0,0.0,0.0,0.0,0.0,0.0,0.0,0.0,0.0,0.0,,,,,,0.0
Arrelious Benn,JAC,WR,** BYE **,0/0,0,0.0,0.0,0.0,0.0,0.0,0.0,0.0,0.0,,,,,,,
Jerricho Cotchery,CAR,WR,TB,L 14-17,0/0,0.0,0.0,0.0,0.0,0.0,0.0,0.0,0.0,0.0,,,,,,0.0
Wes Welker,LAR,WR,Buf,L 19-30,0/0,0.0,0.0,0.0,0.0,0.0,0.0,0.0,0.0,0.0,,,,,,0.0
Roddy White,ATL,WR,@Den,W 23-16,0/0,0.0,0.0,0.0,0.0,0.0,0.0,0.0,0.0,0.0,,,,,,0.0
Joshua Cribbs,IND,WR,Chi,W 29-23,0/0,0.0,0.0,0.0,0.0,0.0,0.0,0.0,0.0,0.0,,,,,,0.0
Nate Washington,NWE,WR,@Cle,W 33-13,0/0,0.0,0.0,0.0,0.0,0.0,0.0,0.0,0.0,0.0,,,,,,0.0
Lance Moore,ATL,WR,@Den,W 23-16,0/0,0.0,0.0,0.0,0.0,0.0,0.0,0.0,0.0,0.0,,,,,,0.0
Greg Jennings,MIA,WR,Ten,L 17-30,0/0,0.0,0.0,0.0,0.0,0.0,0.0,0.0,0.0,0.0,,,,,,0.0
Derek Hagan,TEN,WR,@Mia,W 30-17,0/0,0.0,0.0,0.0,0.0,0.0,0.0,0.0,0.0,0.0,,,,,,0.0
Jason Avant,KAN,WR,** BYE **,0/0,0,0.0,0.0,0.0,0.0,0.0,0.0,0.0,0.0,,,,,,,
Marques Colston,NOR,WR,** BYE **,0/0,0,0.0,0.0,0.0,0.0,0.0,0.0,0.0,0.0,,,,,,,
Miles Austin,PHI,WR,@Det,L 23-24,0/0,0.0,0.0,0.0,0.0,0.0,0.0,0.0,0.0,0.0,,,,,,0.0
Calvin Johnson,DET,WR,Phi,W 24-23,0/0,0.0,0.0,0.0,0.0,0.0,0.0,0.0,0.0,0.0,,,,,,0.0
Dwayne Bowe,CLE,WR,NE,L 13-33,0/0,0.0,0.0,0.0,0.0,0.0,0.0,0.0,0.0,0.0,,,,,,0.0
Jacoby Jones,PIT,WR,NYJ,W 31-13,0/0,0.0,0.0,0.0,0.0,0.0,0.0,0.0,0.0,0.0,,,,,,0.0
James Jones,SDG,WR,@Oak,L 31-34,0/0,0.0,0.0,0.0,0.0,0.0,0.0,0.0,0.0,0.0,,,,,,0.0
Jerome Simpson,SFO,WR,Ari,L 21-33,0/0,0.0,0.0,0.0,0.0,0.0,0.0,0.0,0.0,0.0,,,,,,0.0
Harry Douglas,TEN,WR,@Mia,W 30-17,0/0,0.0,0.0,0.0,0.0,0.0,0.0,0.0,0.0,0.0,,,,,,0.0
Andre Jerome Caldwell,DET,WR,Phi,W 24-23,0/0,0.0,0.0,0.0,0.0,0.0,0.0,0.0,0.0,0.0,,,,,,0.0
Stevie Johnson,SDG,WR,@Oak,L 31-34,0/0,0.0,0.0,0.0,0.0,0.0,0.0,0.0,0.0,0.0,,,,,,0.0
Brandon Gibson,NWE,WR,@Cle,W 33-13,0/0,0.0,0.0,0.0,0.0,0.0,0.0,0.0,0.0,0.0,,,,,,0.0
Brian Hartline,CLE,WR,NE,L 13-33,0/0,0.0,0.0,0.0,0.0,0.0,0.0,0.0,0.0,0.0,,,,,,0.0
Percy Harvin,BUF,WR,@LA,W 30-19,0/0,0.0,0.0,0.0,0.0,0.0,0.0,0.0,0.0,0.0,,,,,,0.0
Jeremy Maclin,KAN,WR,** BYE **,0/0,0,0.0,0.0,0.0,0.0,0.0,0.0,0.0,0.0,,,,,,,
Louis Murphy,TAM,WR,@Car,W 17-14,0/0,0.0,0.0,0.0,0.0,0.0,0.0,0.0,0.0,0.0,,,,,,0.0
Hakeem Nicks,NOR,WR,** BYE **,0/0,0,0.0,0.0,0.0,0.0,0.0,0.0,0.0,0.0,,,,,,,
Kevin Ogletree,NYG,WR,@GB,L 16-23,0/0,0.0,0.0,0.0,0.0,0.0,0.0,0.0,0.0,0.0,,,,,,0.0
Dez Bryant,DAL,WR,Cin,W 28-14,0/0,0.0,0.0,0.0,0.0,0.0,0.0,0.0,0.0,0.0,,,,,,0.0
Marcus Easley,BUF,WR,@LA,W 30-19,0/0,0.0,0.0,0.0,0.0,0.0,0.0,0.0,0.0,0.0,,,,,,0.0
Riley Cooper,PHI,WR,@Det,L 23-24,0/0,0.0,0.0,0.0,0.0,0.0,0.0,0.0,0.0,0.0,,,,,,0.0
Eric Decker,NYJ,WR,@Pit,L 13-31,0/0,0.0,0.0,0.0,0.0,0.0,0.0,0.0,0.0,0.0,,,,,,0.0
Kyle Williams,NYJ,WR,@Pit,L 13-31,0/0,0.0,0.0,0.0,0.0,0.0,0.0,0.0,0.0,0.0,,,,,,0.0
Mike Williams,KAN,WR,** BYE **,0/0,0,0.0,0.0,0.0,0.0,0.0,0.0,0.0,0.0,,,,,,,
Seyi Ajirotutu,PHI,WR,@Det,L 23-24,0/0,0.0,0.0,0.0,0.0,0.0,0.0,0.0,0.0,0.0,,,,,,0.0
Marlon Moore,CLE,WR,NE,L 13-33,0/0,0.0,0.0,0.0,0.0,0.0,0.0,0.0,0.0,0.0,,,,,,0.0
Bryan Walters,JAC,WR,** BYE **,0/0,0,0.0,0.0,0.0,0.0,0.0,0.0,0.0,0.0,,,,,,,
Preston Parker,FA,WR,** BYE **,0/0,0,0.0,0.0,0.0,0.0,0.0,0.0,0.0,0.0,,,,,,,
Danario Alexander,SDG,WR,@Oak,L 31-34,0/0,0.0,0.0,0.0,0.0,0.0,0.0,0.0,0.0,0.0,,,,,,0.0
Leonard Hankerson,BUF,WR,@LA,W 30-19,0/0,0.0,0.0,0.0,0.0,0.0,0.0,0.0,0.0,0.0,,,,,,0.0
Greg Little,BUF,WR,@LA,W 30-19,0/0,0.0,0.0,0.0,0.0,0.0,0.0,0.0,0.0,0.0,,,,,,0.0
Vincent Brown,NOR,WR,** BYE **,0/0,0,0.0,0.0,0.0,0.0,0.0,0.0,0.0,0.0,,,,,,,
Greg Salas,BUF,WR,@LA,W 30-19,0/0,0.0,0.0,0.0,0.0,0.0,0.0,0.0,0.0,0.0,,,,,,0.0
Denarius Moore,BUF,WR,@LA,W 30-19,0/0,0.0,0.0,0.0,0.0,0.0,0.0,0.0,0.0,0.0,,,,,,0.0
Cecil Shorts III,TAM,WR,@Car,W 17-14,0/0,0.0,0.0,0.0,0.0,0.0,0.0,0.0,0.0,0.0,,,,,,0.0
Doug Baldwin,SEA,WR,** BYE **,0/0,0,0.0,0.0,0.0,0.0,0.0,0.0,0.0,0.0,,,,,,,
Ricardo Lockette,SEA,WR,** BYE **,0/0,0,0.0,0.0,0.0,0.0,0.0,0.0,0.0,0.0,,,,,,,
Joe Morgan,BAL,WR,Wsh,L 10-16,0/0,0.0,0.0,0.0,0.0,0.0,0.0,0.0,0.0,0.0,,,,,,0.0
Justin Blackmon,JAC,WR,** BYE **,0/0,0,0.0,0.0,0.0,0.0,0.0,0.0,0.0,0.0,,,,,,,
Stephen Hill,CAR,WR,TB,L 14-17,0/0,0.0,0.0,0.0,0.0,0.0,0.0,0.0,0.0,0.0,,,,,,0.0
Rueben Randle,PHI,WR,@Det,L 23-24,0/0,0.0,0.0,0.0,0.0,0.0,0.0,0.0,0.0,0.0,,,,,,0.0
Keshawn Martin,SFO,WR,Ari,L 21-33,0/0,0.0,0.0,0.0,0.0,0.0,0.0,0.0,0.0,0.0,,,,,,0.0
T.J. Graham,PHI,WR,@Det,L 23-24,0/0,0.0,0.0,0.0,0.0,0.0,0.0,0.0,0.0,0.0,,,,,,0.0
Nick Toon,LAR,WR,Buf,L 19-30,0/0,0.0,0.0,0.0,0.0,0.0,0.0,0.0,0.0,0.0,,,,,,0.0
DeVier Posey,DEN,WR,Atl,L 16-23,0/0,0.0,0.0,0.0,0.0,0.0,0.0,0.0,0.0,0.0,,,,,,0.0
LaVon Brazill,IND,WR,Chi,W 29-23,0/0,0.0,0.0,0.0,0.0,0.0,0.0,0.0,0.0,0.0,,,,,,0.0
Chris Givens,PHI,WR,@Det,L 23-24,0/0,0.0,0.0,0.0,0.0,0.0,0.0,0.0,0.0,0.0,,,,,,0.0
Kashif Moore,KAN,WR,** BYE **,0/0,0,0.0,0.0,0.0,0.0,0.0,0.0,0.0,0.0,,,,,,,
Nathan Palmer,OAK,WR,SD,W 34-31,0/0,0.0,0.0,0.0,0.0,0.0,0.0,0.0,0.0,0.0,,,,,,0.0
Chris Owusu,NYJ,WR,@Pit,L 13-31,0/0,0.0,0.0,0.0,0.0,0.0,0.0,0.0,0.0,0.0,,,,,,0.0
Brian Tyms,IND,WR,Chi,W 29-23,0/0,0.0,0.0,0.0,0.0,0.0,0.0,0.0,0.0,0.0,,,,,,0.0
Jeff Fuller,SEA,WR,** BYE **,0/0,0,0.0,0.0,0.0,0.0,0.0,0.0,0.0,0.0,,,,,,,
Jarrett Boykin,BUF,WR,@LA,W 30-19,0/0,0.0,0.0,0.0,0.0,0.0,0.0,0.0,0.0,0.0,,,,,,0.0
Griff Whalen,SDG,WR,@Oak,L 31-34,0/0,0.0,0.0,0.0,0.0,0.0,0.0,0.0,0.0,0.0,,,,,,0.0
Jermaine Kearse,SEA,WR,** BYE **,0/0,0,0.0,0.0,0.0,0.0,0.0,0.0,0.0,0.0,,,,,,,
LaRon Byrd,CAR,WR,TB,L 14-17,0/0,0.0,0.0,0.0,0.0,0.0,0.0,0.0,0.0,0.0,,,,,,0.0
Brittan Golden,ARI,WR,@SF,W 33-21,0/0,0.0,0.0,0.0,0.0,0.0,0.0,0.0,0.0,0.0,,,,,,0.0
Damaris Johnson,TEN,WR,@Mia,W 30-17,0/0,0.0,0.0,0.0,0.0,0.0,0.0,0.0,0.0,0.0,,,,,,0.0
Josh Gordon,CLE,WR,NE,L 13-33,0/0,0.0,0.0,0.0,0.0,0.0,0.0,0.0,0.0,0.0,,,,,,0.0
Keenan Allen,SDG,WR,@Oak,L 31-34,0/0,0.0,0.0,0.0,0.0,0.0,0.0,0.0,0.0,0.0,,,,,,0.0
Stedman Bailey,LAR,WR,Buf,L 19-30,0/0,0.0,0.0,0.0,0.0,0.0,0.0,0.0,0.0,0.0,,,,,,0.0
Aaron Dobson,DET,WR,Phi,W 24-23,0/0,0.0,0.0,0.0,0.0,0.0,0.0,0.0,0.0,0.0,,,,,,0.0
B.J. Daniels,CHI,WR,@Ind,L 23-29,0/0,0.0,0.0,0.0,0.0,0.0,0.0,0.0,0.0,0.0,,,,,,0.0
Cobi Hamilton,PIT,WR,NYJ,W 31-13,0/0,0.0,0.0,0.0,0.0,0.0,0.0,0.0,0.0,0.0,,,,,,0.0
Josh Boyce,CLE,WR,NE,L 13-33,0/0,0.0,0.0,0.0,0.0,0.0,0.0,0.0,0.0,0.0,,,,,,0.0
Chris Harper,NYG,WR,@GB,L 16-23,0/0,0.0,0.0,0.0,0.0,0.0,0.0,0.0,0.0,0.0,,,,,,0.0
Corey Fuller,DET,WR,Phi,W 24-23,0/0,0.0,0.0,0.0,0.0,0.0,0.0,0.0,0.0,0.0,,,,,,0.0
Marquess Wilson,CHI,WR,@Ind,L 23-29,0/0,0.0,0.0,0.0,0.0,0.0,0.0,0.0,0.0,0.0,,,,,,0.0
Da'Rick Rogers,KAN,WR,** BYE **,0/0,0,0.0,0.0,0.0,0.0,0.0,0.0,0.0,0.0,,,,,,,
Ryan Spadola,DET,WR,Phi,W 24-23,0/0,0.0,0.0,0.0,0.0,0.0,0.0,0.0,0.0,0.0,,,,,,0.0
Nick Williams,ATL,WR,@Den,W 23-16,0/0,0.0,0.0,0.0,0.0,0.0,0.0,0.0,0.0,0.0,,,,,,0.0
Rodney Smith,DAL,WR,Cin,W 28-14,0/0,0.0,0.0,0.0,0.0,0.0,0.0,0.0,0.0,0.0,,,,,,0.0
Kenbrell Thompkins,NYJ,WR,@Pit,L 13-31,0/0,0.0,0.0,0.0,0.0,0.0,0.0,0.0,0.0,0.0,,,,,,0.0
Myles White,NYG,WR,@GB,L 16-23,0/0,0.0,0.0,0.0,0.0,0.0,0.0,0.0,0.0,0.0,,,,,,0.0
Marlon Brown,BAL,WR,Wsh,L 10-16,0/0,0.0,0.0,0.0,0.0,0.0,0.0,0.0,0.0,0.0,,,,,,0.0
Sammy Watkins,BUF,WR,@LA,W 30-19,0/0,0.0,0.0,0.0,0.0,0.0,0.0,0.0,0.0,0.0,,,,,,0.0
Brandin Cooks,NOR,WR,** BYE **,0/0,0,0.0,0.0,0.0,0.0,0.0,0.0,0.0,0.0,,,,,,,
Marqise Lee,JAC,WR,** BYE **,0/0,0,0.0,0.0,0.0,0.0,0.0,0.0,0.0,0.0,,,,,,,
Donte Moncrief,IND,WR,Chi,W 29-23,0/0,0.0,0.0,0.0,0.0,0.0,0.0,0.0,0.0,0.0,,,,,,0.0
Allen Robinson,JAC,WR,** BYE **,0/0,0,0.0,0.0,0.0,0.0,0.0,0.0,0.0,0.0,,,,,,,
Shaq Evans,JAC,WR,** BYE **,0/0,0,0.0,0.0,0.0,0.0,0.0,0.0,0.0,0.0,,,,,,,
Jeremy Gallon,NWE,WR,@Cle,W 33-13,0/0,0.0,0.0,0.0,0.0,0.0,0.0,0.0,0.0,0.0,,,,,,0.0
Kevin Norwood,CAR,WR,TB,L 14-17,0/0,0.0,0.0,0.0,0.0,0.0,0.0,0.0,0.0,0.0,,,,,,0.0
Martavis Bryant,PIT,WR,NYJ,W 31-13,0/0,0.0,0.0,0.0,0.0,0.0,0.0,0.0,0.0,0.0,,,,,,0.0
Jalen Saunders,NWE,WR,@Cle,W 33-13,0/0,0.0,0.0,0.0,0.0,0.0,0.0,0.0,0.0,0.0,,,,,,0.0
De'Anthony Thomas,KAN,WR,** BYE **,0/0,0,0.0,0.0,0.0,0.0,0.0,0.0,0.0,0.0,,,,,,,
Bruce Ellington,SFO,WR,Ari,L 21-33,0/0,0.0,0.0,0.0,0.0,0.0,0.0,0.0,0.0,0.0,,,,,,0.0
Devin Street,IND,WR,Chi,W 29-23,0/0,0.0,0.0,0.0,0.0,0.0,0.0,0.0,0.0,0.0,,,,,,0.0
Jeff Janis,GNB,WR,NYG,W 23-16,0/0,0.0,0.0,0.0,0.0,0.0,0.0,0.0,0.0,0.0,,,,,,0.0
Corey Washington,ATL,WR,@Den,W 23-16,0/0,0.0,0.0,0.0,0.0,0.0,0.0,0.0,0.0,0.0,,,,,,0.0
Robert Herron,OAK,WR,SD,W 34-31,0/0,0.0,0.0,0.0,0.0,0.0,0.0,0.0,0.0,0.0,,,,,,0.0
Brandon Coleman,NOR,WR,** BYE **,0/0,0,0.0,0.0,0.0,0.0,0.0,0.0,0.0,0.0,,,,,,,
Michael Campanaro,BAL,WR,Wsh,L 10-16,0/0,0.0,0.0,0.0,0.0,0.0,0.0,0.0,0.0,0.0,,,,,,0.0
Brenton Bersin,CAR,WR,TB,L 14-17,0/0,0.0,0.0,0.0,0.0,0.0,0.0,0.0,0.0,0.0,,,,,,0.0
Allen Hurns,JAC,WR,** BYE **,0/0,0,0.0,0.0,0.0,0.0,0.0,0.0,0.0,0.0,,,,,,,
Frankie Hammond,KAN,WR,** BYE **,0/0,0,0.0,0.0,0.0,0.0,0.0,0.0,0.0,0.0,,,,,,,
Albert Wilson,KAN,WR,** BYE **,0/0,0,0.0,0.0,0.0,0.0,0.0,0.0,0.0,0.0,,,,,,,
Willie Snead,NOR,WR,** BYE **,0/0,0,0.0,0.0,0.0,0.0,0.0,0.0,0.0,0.0,,,,,,,
TJ Jones,DET,WR,Phi,W 24-23,0/0,0.0,0.0,0.0,0.0,0.0,0.0,0.0,0.0,0.0,,,,,,0.0
James Wright,CIN,WR,@Dal,L 14-28,0/0,0.0,0.0,0.0,0.0,0.0,0.0,0.0,0.0,0.0,,,,,,0.0
Isaiah Burse,SDG,WR,@Oak,L 31-34,0/0,0.0,0.0,0.0,0.0,0.0,0.0,0.0,0.0,0.0,,,,,,0.0
Damian Copeland,DET,WR,Phi,W 24-23,0/0,0.0,0.0,0.0,0.0,0.0,0.0,0.0,0.0,0.0,,,,,,0.0
Jonathan Krause,TAM,WR,@Car,W 17-14,0/0,0.0,0.0,0.0,0.0,0.0,0.0,0.0,0.0,0.0,,,,,,0.0
Rashad Ross,WAS,WR,@Bal,W 16-10,0/0,0.0,0.0,0.0,0.0,0.0,0.0,0.0,0.0,0.0,,,,,,0.0
Freddie Martino,TAM,WR,@Car,W 17-14,0/0,0.0,0.0,0.0,0.0,0.0,0.0,0.0,0.0,0.0,,,,,,0.0
Kevin Smith,SEA,WR,** BYE **,0/0,0,0.0,0.0,0.0,0.0,0.0,0.0,0.0,0.0,,,,,,,
Andre Debose,IND,WR,Chi,W 29-23,0/0,0.0,0.0,0.0,0.0,0.0,0.0,0.0,0.0,0.0,,,,,,0.0
DiAndre Campbell,SFO,WR,Ari,L 21-33,0/0,0.0,0.0,0.0,0.0,0.0,0.0,0.0,0.0,0.0,,,,,,0.0
Issac Blakeney,PIT,WR,NYJ,W 31-13,0/0,0.0,0.0,0.0,0.0,0.0,0.0,0.0,0.0,0.0,,,,,,0.0
Geremy Davis,NYG,WR,@GB,L 16-23,0/0,0.0,0.0,0.0,0.0,0.0,0.0,0.0,0.0,0.0,,,,,,0.0
Da'Ron Brown,KAN,WR,** BYE **,0/0,0,0.0,0.0,0.0,0.0,0.0,0.0,0.0,0.0,,,,,,,
Kenny Bell,TAM,WR,@Car,W 17-14,0/0,0.0,0.0,0.0,0.0,0.0,0.0,0.0,0.0,0.0,,,,,,0.0
Dres Anderson,SFO,WR,Ari,L 21-33,0/0,0.0,0.0,0.0,0.0,0.0,0.0,0.0,0.0,0.0,,,,,,0.0
Keith Mumphery,HOU,WR,@Min,L 13-31,0/0,0.0,0.0,0.0,0.0,0.0,0.0,0.0,0.0,0.0,,,,,,0.0
DeAndrew White,SFO,WR,Ari,L 21-33,0/0,0.0,0.0,0.0,0.0,0.0,0.0,0.0,0.0,0.0,,,,,,0.0
Kaelin Clay,BAL,WR,Wsh,L 10-16,0/0,0.0,0.0,0.0,0.0,0.0,0.0,0.0,0.0,0.0,,,,,,0.0
Tre McBride,TEN,WR,@Mia,W 30-17,0/0,0.0,0.0,0.0,0.0,0.0,0.0,0.0,0.0,0.0,,,,,,0.0
Dezmin Lewis,BUF,WR,@LA,W 30-19,0/0,0.0,0.0,0.0,0.0,0.0,0.0,0.0,0.0,0.0,,,,,,0.0
Devin Smith,NYJ,WR,@Pit,L 13-31,0/0,0.0,0.0,0.0,0.0,0.0,0.0,0.0,0.0,0.0,,,,,,0.0
Evan Spencer,TAM,WR,@Car,W 17-14,0/0,0.0,0.0,0.0,0.0,0.0,0.0,0.0,0.0,0.0,,,,,,0.0
Chris Conley,KAN,WR,** BYE **,0/0,0,0.0,0.0,0.0,0.0,0.0,0.0,0.0,0.0,,,,,,,
Stefon Diggs,MIN,WR,Hou,W 31-13,0/0,0.0,0.0,0.0,0.0,0.0,0.0,0.0,0.0,0.0,,,,,,0.0
Kevin White,CHI,WR,@Ind,L 23-29,0/0,0.0,0.0,0.0,0.0,0.0,0.0,0.0,0.0,0.0,,,,,,0.0
Vince Mayle,DAL,WR,Cin,W 28-14,0/0,0.0,0.0,0.0,0.0,0.0,0.0,0.0,0.0,0.0,,,,,,0.0
Mario Alford,CIN,WR,@Dal,L 14-28,0/0,0.0,0.0,0.0,0.0,0.0,0.0,0.0,0.0,0.0,,,,,,0.0
DeAndre Smelter,SFO,WR,Ari,L 21-33,0/0,0.0,0.0,0.0,0.0,0.0,0.0,0.0,0.0,0.0,,,,,,0.0
Duron Carter,IND,WR,Chi,W 29-23,0/0,0.0,0.0,0.0,0.0,0.0,0.0,0.0,0.0,0.0,,,,,,0.0
Antwan Goodley,SEA,WR,** BYE **,0/0,0,0.0,0.0,0.0,0.0,0.0,0.0,0.0,0.0,,,,,,,
Chris Matthews,BAL,WR,Wsh,L 10-16,0/0,0.0,0.0,0.0,0.0,0.0,0.0,0.0,0.0,0.0,,,,,,0.0
Seantavius Jones,KAN,WR,** BYE **,0/0,0,0.0,0.0,0.0,0.0,0.0,0.0,0.0,0.0,,,,,,,
Matt Hazel,MIA,WR,Ten,L 17-30,0/0,0.0,0.0,0.0,0.0,0.0,0.0,0.0,0.0,0.0,,,,,,0.0
Chris Harper,SFO,WR,Ari,L 21-33,0/0,0.0,0.0,0.0,0.0,0.0,0.0,0.0,0.0,0.0,,,,,,0.0
Tyler Murphy,MIA,WR,Ten,L 17-30,0/0,0.0,0.0,0.0,0.0,0.0,0.0,0.0,0.0,0.0,,,,,,0.0
Donteea Dye,TAM,WR,@Car,W 17-14,0/0,0.0,0.0,0.0,0.0,0.0,0.0,0.0,0.0,0.0,,,,,,0.0
Javontee Herndon,SDG,WR,@Oak,L 31-34,0/0,0.0,0.0,0.0,0.0,0.0,0.0,0.0,0.0,0.0,,,,,,0.0
Daniel Brown,BAL,WR,Wsh,L 10-16,0/0,0.0,0.0,0.0,0.0,0.0,0.0,0.0,0.0,0.0,,,,,,0.0
Eric Rogers,SFO,WR,Ari,L 21-33,0/0,0.0,0.0,0.0,0.0,0.0,0.0,0.0,0.0,0.0,,,,,,0.0
Corey Coleman,CLE,WR,NE,L 13-33,0/0,0.0,0.0,0.0,0.0,0.0,0.0,0.0,0.0,0.0,,,,,,0.0
Josh Doctson,WAS,WR,@Bal,W 16-10,0/0,0.0,0.0,0.0,0.0,0.0,0.0,0.0,0.0,0.0,,,,,,0.0
Michael Thomas,NOR,WR,** BYE **,0/0,0,0.0,0.0,0.0,0.0,0.0,0.0,0.0,0.0,,,,,,,
Chris Moore,BAL,WR,Wsh,L 10-16,0/0,0.0,0.0,0.0,0.0,0.0,0.0,0.0,0.0,0.0,,,,,,0.0
Pharoh Cooper,LAR,WR,Buf,L 19-30,0/0,0.0,0.0,0.0,0.0,0.0,0.0,0.0,0.0,0.0,,,,,,0.0
Demarcus Robinson,KAN,WR,** BYE **,0/0,0,0.0,0.0,0.0,0.0,0.0,0.0,0.0,0.0,,,,,,,
Jordan Payton,CLE,WR,NE,L 13-33,0/0,0.0,0.0,0.0,0.0,0.0,0.0,0.0,0.0,0.0,,,,,,0.0
Moritz Bohringer,MIN,WR,Hou,W 31-13,0/0,0.0,0.0,0.0,0.0,0.0,0.0,0.0,0.0,0.0,,,,,,0.0
Keenan Reynolds,BAL,WR,Wsh,L 10-16,0/0,0.0,0.0,0.0,0.0,0.0,0.0,0.0,0.0,0.0,,,,,,0.0
Kolby Listenbee,BUF,WR,@LA,W 30-19,0/0,0.0,0.0,0.0,0.0,0.0,0.0,0.0,0.0,0.0,,,,,,0.0
Cody Core,CIN,WR,@Dal,L 14-28,0/0,0.0,0.0,0.0,0.0,0.0,0.0,0.0,0.0,0.0,,,,,,0.0
Devin Lucien,NWE,WR,@Cle,W 33-13,0/0,0.0,0.0,0.0,0.0,0.0,0.0,0.0,0.0,0.0,,,,,,0.0
Demarcus Ayers,PIT,WR,NYJ,W 31-13,0/0,0.0,0.0,0.0,0.0,0.0,0.0,0.0,0.0,0.0,,,,,,0.0
Daniel Braverman,CHI,WR,@Ind,L 23-29,0/0,0.0,0.0,0.0,0.0,0.0,0.0,0.0,0.0,0.0,,,,,,0.0
Devin Lewis Fuller,ATL,WR,@Den,W 23-16,0/0,0.0,0.0,0.0,0.0,0.0,0.0,0.0,0.0,0.0,,,,,,0.0
Kenny Lawler,SEA,WR,** BYE **,0/0,0,0.0,0.0,0.0,0.0,0.0,0.0,0.0,0.0,,,,,,,
Max McCaffrey,OAK,WR,SD,W 34-31,0/0,0.0,0.0,0.0,0.0,0.0,0.0,0.0,0.0,0.0,,,,,,0.0
Eli Rogers,PIT,WR,NYJ,W 31-13,0/0,0.0,0.0,0.0,0.0,0.0,0.0,0.0,0.0,0.0,,,,,,0.0
Kasen Williams,SEA,WR,** BYE **,0/0,0,0.0,0.0,0.0,0.0,0.0,0.0,0.0,0.0,,,,,,,
Reggie Bell,NOR,WR,** BYE **,0/0,0,0.0,0.0,0.0,0.0,0.0,0.0,0.0,0.0,,,,,,,
Jake Kumerow,CIN,WR,@Dal,L 14-28,0/0,0.0,0.0,0.0,0.0,0.0,0.0,0.0,0.0,0.0,,,,,,0.0
Marquez North,LAR,WR,Buf,L 19-30,0/0,0.0,0.0,0.0,0.0,0.0,0.0,0.0,0.0,0.0,,,,,,0.0
Andy Jones,DAL,WR,Cin,W 28-14,0/0,0.0,0.0,0.0,0.0,0.0,0.0,0.0,0.0,0.0,,,,,,0.0
Roger Lewis,NYG,WR,@GB,L 16-23,0/0,0.0,0.0,0.0,0.0,0.0,0.0,0.0,0.0,0.0,,,,,,0.0
Xavier Rush,PHI,WR,@Det,L 23-24,0/0,0.0,0.0,0.0,0.0,0.0,0.0,0.0,0.0,0.0,,,,,,0.0
Dom Williams,SDG,WR,@Oak,L 31-34,0/0,0.0,0.0,0.0,0.0,0.0,0.0,0.0,0.0,0.0,,,,,,0.0
Damiere Byrd,CAR,WR,TB,L 14-17,0/0,0.0,0.0,0.0,0.0,0.0,0.0,0.0,0.0,0.0,,,,,,0.0
R.J. Harris,NOR,WR,** BYE **,0/0,0,0.0,0.0,0.0,0.0,0.0,0.0,0.0,0.0,,,,,,,
Bernard Reedy,TAM,WR,@Car,W 17-14,0/0,0.0,0.0,0.0,0.0,0.0,0.0,0.0,0.0,0.0,,,,,,0.0
Paul McRoberts,LAR,WR,Buf,L 19-30,0/0,0.0,0.0,0.0,0.0,0.0,0.0,0.0,0.0,0.0,,,,,,0.0
Wendall Williams,HOU,WR,@Min,L 13-31,0/0,0.0,0.0,0.0,0.0,0.0,0.0,0.0,0.0,0.0,,,,,,0.0
Anthony Dable,NYG,WR,@GB,L 16-23,0/0,0.0,0.0,0.0,0.0,0.0,0.0,0.0,0.0,0.0,,,,,,0.0
Darius Jennings,CLE,WR,NE,L 13-33,0/0,0.0,0.0,0.0,0.0,0.0,0.0,0.0,0.0,0.0,,,,,,0.0
Devon Cajuste,SFO,WR,Ari,L 21-33,0/0,0.0,0.0,0.0,0.0,0.0,0.0,0.0,0.0,0.0,,,,,,0.0
Mitch Mathews,KAN,WR,** BYE **,0/0,0,0.0,0.0,0.0,0.0,0.0,0.0,0.0,0.0,,,,,,,
Keyarris Garrett,CAR,WR,TB,L 14-17,0/0,0.0,0.0,0.0,0.0,0.0,0.0,0.0,0.0,0.0,,,,,,0.0
Jalin Marshall,NYJ,WR,@Pit,L 13-31,0/0,0.0,0.0,0.0,0.0,0.0,0.0,0.0,0.0,0.0,,,,,,0.0
Tanner McEvoy,SEA,WR,** BYE **,0/0,0,0.0,0.0,0.0,0.0,0.0,0.0,0.0,0.0,,,,,,,
Bryce Treggs,PHI,WR,@Det,L 23-24,0/0,0.0,0.0,0.0,0.0,0.0,0.0,0.0,0.0,0.0,,,,,,0.0
Nelson Spruce,LAR,WR,Buf,L 19-30,0/0,0.0,0.0,0.0,0.0,0.0,0.0,0.0,0.0,0.0,,,,,,0.0
Greg Olsen,CAR,TE,TB,L 14-17,0/0,0.0,0.0,0.0,0.0,0.0,0.0,5.3,72.5,0.4,,,,,,9.4
Jordan Reed,WAS,TE,@Bal,W 16-10,0/0,0.0,0.0,0.0,0.0,0.0,0.0,6.5,65.4,0.5,,,,,,8.9
Rob Gronkowski,NWE,TE,@Cle,W 33-13,0/0,0.0,0.0,0.0,0.0,0.0,0.0,3.8,57.7,0.5,,,,,,8.0
Zach Ertz,PHI,TE,@Det,L 23-24,0/0,0.0,0.0,0.0,0.0,0.0,0.0,4.5,55.3,0.3,,,,,,7.0
Dennis Pitta,BAL,TE,Wsh,L 10-16,0/0,0.0,0.0,0.0,0.0,0.0,0.0,4.8,51.6,0.3,,,,,,6.8
Martellus Bennett,NWE,TE,@Cle,W 33-13,0/0,0.0,0.0,0.0,0.0,0.0,0.0,3.9,40.3,0.4,,,,,,6.4
Kyle Rudolph,MIN,TE,Hou,W 31-13,0/0,0.0,0.0,0.0,0.0,0.0,0.0,5.1,47.8,0.4,,,,,,6.3
Hunter Henry,SDG,TE,@Oak,L 31-34,0/0,0.0,0.0,0.0,0.0,0.0,0.0,3.8,43.9,0.3,,,,,,6.1
Cameron Brate,TAM,TE,@Car,W 17-14,0/0,0.0,0.0,0.0,0.0,0.0,0.0,3.8,45.8,0.3,,,,,,5.9
Jason Witten,DAL,TE,Cin,W 28-14,0/0,0.0,0.0,0.0,0.0,0.0,0.0,4.4,43.6,0.3,,,,,,5.7
Zach Miller,CHI,TE,@Ind,L 23-29,0/0,0.0,0.0,0.0,0.0,0.0,0.0,4.2,49.2,0.3,,,,,,5.7
Delanie Walker,TEN,TE,@Mia,W 30-17,0/0,0.0,0.0,0.0,0.0,0.0,0.0,3.7,48.8,0.3,,,,,,5.7
C.J. Uzomah,CIN,TE,@Dal,L 14-28,0/0,0.0,0.0,0.0,0.0,0.0,0.0,4.0,43.8,0.3,,,,,,5.6
Gary Barnidge,CLE,TE,NE,L 13-33,0/0,0.0,0.0,0.0,0.0,0.0,0.0,3.7,42.3,0.2,,,,,,5.5
Dwayne Allen,IND,TE,Chi,W 29-23,0/0,0.0,0.0,0.0,0.0,0.0,0.0,3.1,37.4,0.4,,,,,,5.3
Jesse James,PIT,TE,NYJ,W 31-13,0/0,0.0,0.0,0.0,0.0,0.0,0.0,3.3,33.2,0.3,,,,,,5.1
Will Tye,NYG,TE,@GB,L 16-23,0/0,0.0,0.0,0.0,0.0,0.0,0.0,3.8,39.1,0.3,,,,,,4.9
Mychal Rivera,OAK,TE,SD,W 34-31,0/0,0.0,0.0,0.0,0.0,0.0,0.0,2.7,32.0,0.3,,,,,,4.8
Antonio Gates,SDG,TE,@Oak,L 31-34,0/0,0.0,0.0,0.0,0.0,0.0,0.0,2.8,33.9,0.3,,,,,,4.7
Jacob Tamme,ATL,TE,@Den,W 23-16,0/0,0.0,0.0,0.0,0.0,0.0,0.0,4.0,35.3,0.2,,,,,,4.5
Charles Clay,BUF,TE,@LA,W 30-19,0/0,0.0,0.0,0.0,0.0,0.0,0.0,3.1,31.1,0.2,,,,,,4.3
Richard Rodgers,GNB,TE,NYG,W 23-16,0/0,0.0,0.0,0.0,0.0,0.0,0.0,3.0,28.8,0.3,,,,,,4.0
Lance Kendricks,LAR,TE,Buf,L 19-30,0/0,0.0,0.0,0.0,0.0,0.0,0.0,3.3,33.1,0.2,,,,,,4.0
Jack Doyle,IND,TE,Chi,W 29-23,0/0,0.0,0.0,0.0,0.0,0.0,0.0,2.6,21.7,0.3,,,,,,3.9
Cole Wick,DET,TE,Phi,W 24-23,0/0,0.0,0.0,0.0,0.0,0.0,0.0,2.6,29.5,0.2,,,,,,3.4
Dion Sims,MIA,TE,Ten,L 17-30,0/0,0.0,0.0,0.0,0.0,0.0,0.0,2.4,24.4,0.2,,,,,,3.3
Garrett Celek,SFO,TE,Ari,L 21-33,0/0,0.0,0.0,0.0,0.0,0.0,0.0,2.6,28.0,0.2,,,,,,3.1
Jermaine Gresham,ARI,TE,@SF,W 33-21,0/0,0.0,0.0,0.0,0.0,0.0,0.0,2.2,21.2,0.2,,,,,,2.9
Ryan Griffin,HOU,TE,@Min,L 13-31,0/0,0.0,0.0,0.0,0.0,0.0,0.0,2.5,26.9,0.1,,,,,,2.8
C.J. Fiedorowicz,HOU,TE,@Min,L 13-31,0/0,0.0,0.0,0.0,0.0,0.0,0.0,2.1,18.2,0.2,,,,,,1.9
Justin Perillo,GNB,TE,NYG,W 23-16,0/0,0.0,0.0,0.0,0.0,0.0,0.0,1.1,10.5,0.1,,,,,,1.8
Khari Lee,DET,TE,Phi,W 24-23,0/0,0.0,0.0,0.0,0.0,0.0,0.0,1.2,12.0,0.1,,,,,,1.6
Trey Burton,PHI,TE,@Det,L 23-24,0/0,0.0,0.0,0.0,0.0,0.0,0.0,1.2,14.4,0.1,,,,,,1.6
Vernon Davis,WAS,TE,@Bal,W 16-10,0/0,0.0,0.0,0.0,0.0,0.0,0.0,1.2,15.6,0.1,,,,,,1.6
Blake Bell,SFO,TE,Ari,L 21-33,0/0,0.0,0.0,0.0,0.0,0.0,0.0,1.4,12.9,0.1,,,,,,1.6
Austin Hooper,ATL,TE,@Den,W 23-16,0/0,0.0,0.0,0.0,0.0,0.0,0.0,1.1,11.1,0.1,,,,,,1.5
MyCole Pruitt,MIN,TE,Hou,W 31-13,0/0,0.0,0.0,0.0,0.0,0.0,0.0,1.3,13.2,0.1,,,,,,1.5
Crockett Gillmore,BAL,TE,Wsh,L 10-16,0/0,0.0,0.0,0.0,0.0,0.0,0.0,1.0,11.2,0.1,,,,,,1.4
MarQueis Gray,MIA,TE,Ten,L 17-30,0/0,0.0,0.0,0.0,0.0,0.0,0.0,0.8,10.0,0.1,,,,,,1.3
Ed Dickson,CAR,TE,TB,L 14-17,0/0,0.0,0.0,0.0,0.0,0.0,0.0,0.6,7.0,0.1,,,,,,0.6
Austin Seferian-Jenkins,NYJ,TE,@Pit,L 13-31,0/0,0.0,0.0,0.0,0.0,0.0,0.0,0.8,9.4,0.1,,,,,,0.4
Jerell Adams,NYG,TE,@GB,L 16-23,0/0,0.0,0.0,0.0,0.0,0.0,0.0,0.7,8.4,0.1,,,,,,0.4
Ifeanyi Momah,ARI,TE,@SF,W 33-21,0/0,0.0,0.0,0.0,0.0,0.0,0.0,0.7,8.1,0.1,,,,,,0.4
Nick O'Leary,BUF,TE,@LA,W 30-19,0/0,0.0,0.0,0.0,0.0,0.0,0.0,0.7,7.7,0.1,,,,,,0.4
Clay Harbor,DET,TE,Phi,W 24-23,0/0,0.0,0.0,0.0,0.0,0.0,0.0,0.8,7.9,0.1,,,,,,0.4
Geoff Swaim,DAL,TE,Cin,W 28-14,0/0,0.0,0.0,0.0,0.0,0.0,0.0,0.6,6.0,0.1,,,,,,0.3
Tyler Kroft,CIN,TE,@Dal,L 14-28,0/0,0.0,0.0,0.0,0.0,0.0,0.0,0.8,8.5,0.1,,,,,,0.3
Anthony Fasano,TEN,TE,@Mia,W 30-17,0/0,0.0,0.0,0.0,0.0,0.0,0.0,0.6,6.8,0.0,,,,,,0.3
Kellen Davis,NYJ,TE,@Pit,L 13-31,0/0,0.0,0.0,0.0,0.0,0.0,0.0,0.5,6.3,0.0,,,,,,0.3
Levine Toilolo,ATL,TE,@Den,W 23-16,0/0,0.0,0.0,0.0,0.0,0.0,0.0,0.6,5.1,0.0,,,,,,0.2
Brent Celek,PHI,TE,@Det,L 23-24,0/0,0.0,0.0,0.0,0.0,0.0,0.0,0.5,5.5,0.0,,,,,,0.2
Brandon Myers,TAM,TE,@Car,W 17-14,0/0,0.0,0.0,0.0,0.0,0.0,0.0,0.5,5.2,0.0,,,,,,0.2
Tyler Higbee,LAR,TE,Buf,L 19-30,0/0,0.0,0.0,0.0,0.0,0.0,0.0,0.7,8.1,0.0,,,,,,0.2
Logan Paulsen,CHI,TE,@Ind,L 23-29,0/0,0.0,0.0,0.0,0.0,0.0,0.0,0.4,5.5,0.0,,,,,,0.2
David Johnson,PIT,TE,NYJ,W 31-13,0/0,0.0,0.0,0.0,0.0,0.0,0.0,0.3,3.2,0.0,,,,,,0.2
Brandon Bostick,NYJ,TE,@Pit,L 13-31,0/0,0.0,0.0,0.0,0.0,0.0,0.0,0.3,3.1,0.0,,,,,,0.1
Jeff Heuerman,DEN,TE,Atl,L 16-23,0/0,0.0,0.0,0.0,0.0,0.0,0.0,0.2,2.0,0.0,,,,,,0.1
Niles Paul,WAS,TE,@Bal,W 16-10,0/0,0.0,0.0,0.0,0.0,0.0,0.0,0.2,2.5,0.0,,,,,,0.1
Alan Cross,TAM,TE,@Car,W 17-14,0/0,0.0,0.0,0.0,0.0,0.0,0.0,0.2,2.6,0.0,,,,,,0.1
Phillip Supernaw,TEN,TE,@Mia,W 30-17,0/0,0.0,0.0,0.0,0.0,0.0,0.0,0.2,2.3,0.0,,,,,,0.1
Clive Walford,OAK,TE,SD,W 34-31,0/0,0.0,0.0,0.0,0.0,0.0,0.0,0.0,0.0,0.0,,,,,,0.0
Kellen Winslow,NYJ,TE,@Pit,L 13-31,0/0,0.0,0.0,0.0,0.0,0.0,0.0,0.0,0.0,0.0,,,,,,0.0
Benjamin Watson,BAL,TE,Wsh,L 10-16,0/0,0.0,0.0,0.0,0.0,0.0,0.0,0.0,0.0,0.0,,,,,,0.0
Alex Smith,WAS,TE,@Bal,W 16-10,0/0,0.0,0.0,0.0,0.0,0.0,0.0,0.0,0.0,0.0,,,,,,0.0
Marcedes Lewis,JAC,TE,** BYE **,0/0,0,0.0,0.0,0.0,0.0,0.0,0.0,0.0,0.0,,,,,,,
Owen Daniels,DEN,TE,Atl,L 16-23,0/0,0.0,0.0,0.0,0.0,0.0,0.0,0.0,0.0,0.0,,,,,,0.0
Daniel Fells,NYG,TE,@GB,L 16-23,0/0,0.0,0.0,0.0,0.0,0.0,0.0,0.0,0.0,0.0,,,,,,0.0
Matt Spaeth,PIT,TE,NYJ,W 31-13,0/0,0.0,0.0,0.0,0.0,0.0,0.0,0.0,0.0,0.0,,,,,,0.0
Scott Chandler,NWE,TE,@Cle,W 33-13,0/0,0.0,0.0,0.0,0.0,0.0,0.0,0.0,0.0,0.0,,,,,,0.0
Clark Harris,CIN,TE,@Dal,L 14-28,0/0,0.0,0.0,0.0,0.0,0.0,0.0,0.0,0.0,0.0,,,,,,0.0
Fred Davis,WAS,TE,@Bal,W 16-10,0/0,0.0,0.0,0.0,0.0,0.0,0.0,0.0,0.0,0.0,,,,,,0.0
Craig Stevens,TEN,TE,@Mia,W 30-17,0/0,0.0,0.0,0.0,0.0,0.0,0.0,0.0,0.0,0.0,,,,,,0.0
Matthew Mulligan,DET,TE,Phi,W 24-23,0/0,0.0,0.0,0.0,0.0,0.0,0.0,0.0,0.0,0.0,,,,,,0.0
James Casey,DEN,TE,Atl,L 16-23,0/0,0.0,0.0,0.0,0.0,0.0,0.0,0.0,0.0,0.0,,,,,,0.0
Chase Coffman,IND,TE,Chi,W 29-23,0/0,0.0,0.0,0.0,0.0,0.0,0.0,0.0,0.0,0.0,,,,,,0.0
Jared Cook,GNB,TE,NYG,W 23-16,0/0,0.0,0.0,0.0,0.0,0.0,0.0,0.0,0.0,0.0,,,,,,0.0
Bear Pascoe,NWE,TE,@Cle,W 33-13,0/0,0.0,0.0,0.0,0.0,0.0,0.0,0.0,0.0,0.0,,,,,,0.0
Brandon Pettigrew,DET,TE,Phi,W 24-23,0/0,0.0,0.0,0.0,0.0,0.0,0.0,0.0,0.0,0.0,,,,,,0.0
John Phillips,DEN,TE,Atl,L 16-23,0/0,0.0,0.0,0.0,0.0,0.0,0.0,0.0,0.0,0.0,,,,,,0.0
Jimmy Graham,SEA,TE,** BYE **,0/0,0,0.0,0.0,0.0,0.0,0.0,0.0,0.0,0.0,,,,,,,
Tony Moeaki,CHI,TE,@Ind,L 23-29,0/0,0.0,0.0,0.0,0.0,0.0,0.0,0.0,0.0,0.0,,,,,,0.0
Jim Dray,BUF,TE,@LA,W 30-19,0/0,0.0,0.0,0.0,0.0,0.0,0.0,0.0,0.0,0.0,,,,,,0.0
Garrett Graham,DEN,TE,Atl,L 16-23,0/0,0.0,0.0,0.0,0.0,0.0,0.0,0.0,0.0,0.0,,,,,,0.0
Michael Hoomanawanui,NOR,TE,** BYE **,0/0,0,0.0,0.0,0.0,0.0,0.0,0.0,0.0,0.0,,,,,,,
Anthony McCoy,SEA,TE,** BYE **,0/0,0,0.0,0.0,0.0,0.0,0.0,0.0,0.0,0.0,,,,,,,
Andrew Quarless,DET,TE,Phi,W 24-23,0/0,0.0,0.0,0.0,0.0,0.0,0.0,0.0,0.0,0.0,,,,,,0.0
Richie Brockel,CAR,TE,TB,L 14-17,0/0,0.0,0.0,0.0,0.0,0.0,0.0,0.0,0.0,0.0,,,,,,0.0
Jeff Cumberland,SDG,TE,@Oak,L 31-34,0/0,0.0,0.0,0.0,0.0,0.0,0.0,0.0,0.0,0.0,,,,,,0.0
Rob Housler,CHI,TE,@Ind,L 23-29,0/0,0.0,0.0,0.0,0.0,0.0,0.0,0.0,0.0,0.0,,,,,,0.0
Bruce Miller,SFO,TE,Ari,L 21-33,0/0,0.0,0.0,0.0,0.0,0.0,0.0,0.0,0.0,0.0,,,,,,0.0
Luke Stocker,TAM,TE,@Car,W 17-14,0/0,0.0,0.0,0.0,0.0,0.0,0.0,0.0,0.0,0.0,,,,,,0.0
David Ausberry,DET,TE,Phi,W 24-23,0/0,0.0,0.0,0.0,0.0,0.0,0.0,0.0,0.0,0.0,,,,,,0.0
D.J. Williams,WAS,TE,@Bal,W 16-10,0/0,0.0,0.0,0.0,0.0,0.0,0.0,0.0,0.0,0.0,,,,,,0.0
Jordan Cameron,MIA,TE,Ten,L 17-30,0/0,0.0,0.0,0.0,0.0,0.0,0.0,0.0,0.0,0.0,,,,,,0.0
Julius Thomas,JAC,TE,** BYE **,0/0,0,0.0,0.0,0.0,0.0,0.0,0.0,0.0,0.0,,,,,,,
Lee Smith,OAK,TE,SD,W 34-31,0/0,0.0,0.0,0.0,0.0,0.0,0.0,0.0,0.0,0.0,,,,,,0.0
Coby Fleener,NOR,TE,** BYE **,0/0,0,0.0,0.0,0.0,0.0,0.0,0.0,0.0,0.0,,,,,,,
Orson Charles,DET,TE,Phi,W 24-23,0/0,0.0,0.0,0.0,0.0,0.0,0.0,0.0,0.0,0.0,,,,,,0.0
Ladarius Green,PIT,TE,NYJ,W 31-13,0/0,0.0,0.0,0.0,0.0,0.0,0.0,0.0,0.0,0.0,,,,,,0.0
James Hanna,DAL,TE,Cin,W 28-14,0/0,0.0,0.0,0.0,0.0,0.0,0.0,0.0,0.0,0.0,,,,,,0.0
Rhett Ellison,MIN,TE,Hou,W 31-13,0/0,0.0,0.0,0.0,0.0,0.0,0.0,0.0,0.0,0.0,,,,,,0.0
Greg Scruggs,NWE,TE,@Cle,W 33-13,0/0,0.0,0.0,0.0,0.0,0.0,0.0,0.0,0.0,0.0,,,,,,0.0
Dominique Jones,MIA,TE,Ten,L 17-30,0/0,0.0,0.0,0.0,0.0,0.0,0.0,0.0,0.0,0.0,,,,,,0.0
Derek Carrier,WAS,TE,@Bal,W 16-10,0/0,0.0,0.0,0.0,0.0,0.0,0.0,0.0,0.0,0.0,,,,,,0.0
Sean McGrath,SDG,TE,@Oak,L 31-34,0/0,0.0,0.0,0.0,0.0,0.0,0.0,0.0,0.0,0.0,,,,,,0.0
Chase Ford,BAL,TE,Wsh,L 10-16,0/0,0.0,0.0,0.0,0.0,0.0,0.0,0.0,0.0,0.0,,,,,,0.0
Cooper Helfet,SEA,TE,** BYE **,0/0,0,0.0,0.0,0.0,0.0,0.0,0.0,0.0,0.0,,,,,,,
Larry Donnell,NYG,TE,@GB,L 16-23,0/0,0.0,0.0,0.0,0.0,0.0,0.0,0.0,0.0,0.0,,,,,,0.0
Tyler Eifert,CIN,TE,@Dal,L 14-28,0/0,0.0,0.0,0.0,0.0,0.0,0.0,0.0,0.0,0.0,,,,,,0.0
Gavin Escobar,DAL,TE,Cin,W 28-14,0/0,0.0,0.0,0.0,0.0,0.0,0.0,0.0,0.0,0.0,,,,,,0.0
Travis Kelce,KAN,TE,** BYE **,0/0,0,0.0,0.0,0.0,0.0,0.0,0.0,0.0,0.0,,,,,,,
Vance McDonald,SFO,TE,Ari,L 21-33,0/0,0.0,0.0,0.0,0.0,0.0,0.0,0.0,0.0,0.0,,,,,,0.0
Michael Williams,NWE,TE,@Cle,W 33-13,0/0,0.0,0.0,0.0,0.0,0.0,0.0,0.0,0.0,0.0,,,,,,0.0
Chris Gragg,BUF,TE,@LA,W 30-19,0/0,0.0,0.0,0.0,0.0,0.0,0.0,0.0,0.0,0.0,,,,,,0.0
Justice Cunningham,LAR,TE,Buf,L 19-30,0/0,0.0,0.0,0.0,0.0,0.0,0.0,0.0,0.0,0.0,,,,,,0.0
Luke Willson,SEA,TE,** BYE **,0/0,0,0.0,0.0,0.0,0.0,0.0,0.0,0.0,0.0,,,,,,,
Josh Hill,NOR,TE,** BYE **,0/0,0,0.0,0.0,0.0,0.0,0.0,0.0,0.0,0.0,,,,,,,
Chris Pantale,PHI,TE,@Det,L 23-24,0/0,0.0,0.0,0.0,0.0,0.0,0.0,0.0,0.0,0.0,,,,,,0.0
Timothy Wright,DET,TE,Phi,W 24-23,0/0,0.0,0.0,0.0,0.0,0.0,0.0,0.0,0.0,0.0,,,,,,0.0
Brandon Williams,SEA,TE,** BYE **,0/0,0,0.0,0.0,0.0,0.0,0.0,0.0,0.0,0.0,,,,,,,
Zach Sudfeld,NYJ,TE,@Pit,L 13-31,0/0,0.0,0.0,0.0,0.0,0.0,0.0,0.0,0.0,0.0,,,,,,0.0
Jake Stoneburner,LAR,TE,Buf,L 19-30,0/0,0.0,0.0,0.0,0.0,0.0,0.0,0.0,0.0,0.0,,,,,,0.0
Eric Ebron,DET,TE,Phi,W 24-23,0/0,0.0,0.0,0.0,0.0,0.0,0.0,0.0,0.0,0.0,,,,,,0.0
Jace Amaro,TEN,TE,@Mia,W 30-17,0/0,0.0,0.0,0.0,0.0,0.0,0.0,0.0,0.0,0.0,,,,,,0.0
Troy Niklas,ARI,TE,@SF,W 33-21,0/0,0.0,0.0,0.0,0.0,0.0,0.0,0.0,0.0,0.0,,,,,,0.0
Darren Fells,ARI,TE,@SF,W 33-21,0/0,0.0,0.0,0.0,0.0,0.0,0.0,0.0,0.0,0.0,,,,,,0.0
Brian Leonhardt,MIN,TE,Hou,W 31-13,0/0,0.0,0.0,0.0,0.0,0.0,0.0,0.0,0.0,0.0,,,,,,0.0
Demetrius Harris,KAN,TE,** BYE **,0/0,0,0.0,0.0,0.0,0.0,0.0,0.0,0.0,0.0,,,,,,,
Marcel Jensen,WAS,TE,@Bal,W 16-10,0/0,0.0,0.0,0.0,0.0,0.0,0.0,0.0,0.0,0.0,,,,,,0.0
Asante Cleveland,SDG,TE,@Oak,L 31-34,0/0,0.0,0.0,0.0,0.0,0.0,0.0,0.0,0.0,0.0,,,,,,0.0
Nic Jacobs,JAC,TE,** BYE **,0/0,0,0.0,0.0,0.0,0.0,0.0,0.0,0.0,0.0,,,,,,,
Blake Annen,BUF,TE,@LA,W 30-19,0/0,0.0,0.0,0.0,0.0,0.0,0.0,0.0,0.0,0.0,,,,,,0.0
RaShaun Allen,NOR,TE,** BYE **,0/0,0,0.0,0.0,0.0,0.0,0.0,0.0,0.0,0.0,,,,,,,
James O'Shaughnessy,KAN,TE,** BYE **,0/0,0,0.0,0.0,0.0,0.0,0.0,0.0,0.0,0.0,,,,,,,
Randall Telfer,CLE,TE,NE,L 13-33,0/0,0.0,0.0,0.0,0.0,0.0,0.0,0.0,0.0,0.0,,,,,,0.0
Gerald Christian,BUF,TE,@LA,W 30-19,0/0,0.0,0.0,0.0,0.0,0.0,0.0,0.0,0.0,0.0,,,,,,0.0
Neal Sterling,JAC,TE,** BYE **,0/0,0,0.0,0.0,0.0,0.0,0.0,0.0,0.0,0.0,,,,,,,
Chris Manhertz,NOR,TE,** BYE **,0/0,0,0.0,0.0,0.0,0.0,0.0,0.0,0.0,0.0,,,,,,,
Nick Boyle,BAL,TE,Wsh,L 10-16,0/0,0.0,0.0,0.0,0.0,0.0,0.0,0.0,0.0,0.0,,,,,,0.0
Darren Waller,BAL,TE,Wsh,L 10-16,0/0,0.0,0.0,0.0,0.0,0.0,0.0,0.0,0.0,0.0,,,,,,0.0
Busta Anderson,SFO,TE,Ari,L 21-33,0/0,0.0,0.0,0.0,0.0,0.0,0.0,0.0,0.0,0.0,,,,,,0.0
Ben Koyack,JAC,TE,** BYE **,0/0,0,0.0,0.0,0.0,0.0,0.0,0.0,0.0,0.0,,,,,,,
Kennard Backman,GNB,TE,NYG,W 23-16,0/0,0.0,0.0,0.0,0.0,0.0,0.0,0.0,0.0,0.0,,,,,,0.0
Maxx Williams,BAL,TE,Wsh,L 10-16,0/0,0.0,0.0,0.0,0.0,0.0,0.0,0.0,0.0,0.0,,,,,,0.0
AJ Derby,NWE,TE,@Cle,W 33-13,0/0,0.0,0.0,0.0,0.0,0.0,0.0,0.0,0.0,0.0,,,,,,0.0
E.J. Bibbs,CLE,TE,NE,L 13-33,0/0,0.0,0.0,0.0,0.0,0.0,0.0,0.0,0.0,0.0,,,,,,0.0
Jerome Cunningham,TEN,TE,@Mia,W 30-17,0/0,0.0,0.0,0.0,0.0,0.0,0.0,0.0,0.0,0.0,,,,,,0.0
Wes Saxton,NYJ,TE,@Pit,L 13-31,0/0,0.0,0.0,0.0,0.0,0.0,0.0,0.0,0.0,0.0,,,,,,0.0
Nick Vannett,SEA,TE,** BYE **,0/0,0,0.0,0.0,0.0,0.0,0.0,0.0,0.0,0.0,,,,,,,
Seth DeValve,CLE,TE,NE,L 13-33,0/0,0.0,0.0,0.0,0.0,0.0,0.0,0.0,0.0,0.0,,,,,,0.0
Temarrick Hemingway,LAR,TE,Buf,L 19-30,0/0,0.0,0.0,0.0,0.0,0.0,0.0,0.0,0.0,0.0,,,,,,0.0
David Morgan II,MIN,TE,Hou,W 31-13,0/0,0.0,0.0,0.0,0.0,0.0,0.0,0.0,0.0,0.0,,,,,,0.0
Dan Vitale,BUF,TE,@LA,W 30-19,0/0,0.0,0.0,0.0,0.0,0.0,0.0,0.0,0.0,0.0,,,,,,0.0
Rico Darnell Gathers,DAL,TE,Cin,W 28-14,0/0,0.0,0.0,0.0,0.0,0.0,0.0,0.0,0.0,0.0,,,,,,0.0
Thomas Duarte,MIA,TE,Ten,L 17-30,0/0,0.0,0.0,0.0,0.0,0.0,0.0,0.0,0.0,0.0,,,,,,0.0
Beau Sandland,CAR,TE,TB,L 14-17,0/0,0.0,0.0,0.0,0.0,0.0,0.0,0.0,0.0,0.0,,,,,,0.0
Ben Braunecker,CHI,TE,@Ind,L 23-29,0/0,0.0,0.0,0.0,0.0,0.0,0.0,0.0,0.0,0.0,,,,,,0.0
Stephen Anderson,HOU,TE,@Min,L 13-31,0/0,0.0,0.0,0.0,0.0,0.0,0.0,0.0,0.0,0.0,,,,,,0.0
Matt LaCosse,NYG,TE,@GB,L 16-23,0/0,0.0,0.0,0.0,0.0,0.0,0.0,0.0,0.0,0.0,,,,,,0.0
Erik Swoope,IND,TE,Chi,W 29-23,0/0,0.0,0.0,0.0,0.0,0.0,0.0,0.0,0.0,0.0,,,,,,0.0
Anthony Denham,HOU,TE,@Min,L 13-31,0/0,0.0,0.0,0.0,0.0,0.0,0.0,0.0,0.0,0.0,,,,,,0.0
Bryce Williams,NWE,TE,@Cle,W 33-13,0/0,0.0,0.0,0.0,0.0,0.0,0.0,0.0,0.0,0.0,,,,,,0.0
Braedon Bowman,NYJ,TE,@Pit,L 13-31,0/0,0.0,0.0,0.0,0.0,0.0,0.0,0.0,0.0,0.0,,,,,,0.0
Brian Parker,NYJ,TE,@Pit,L 13-31,0/0,0.0,0.0,0.0,0.0,0.0,0.0,0.0,0.0,0.0,,,,,,0.0
Dillon Gordon,PHI,TE,@Det,L 23-24,0/0,0.0,0.0,0.0,0.0,0.0,0.0,0.0,0.0,0.0,,,,,,0.0
Joshua Perkins,ATL,TE,@Den,W 23-16,0/0,0.0,0.0,0.0,0.0,0.0,0.0,0.0,0.0,0.0,,,,,,0.0
Ross Travis,KAN,TE,** BYE **,0/0,0,0.0,0.0,0.0,0.0,0.0,0.0,0.0,0.0,,,,,,,
Scott Simonson,CAR,TE,TB,L 14-17,0/0,0.0,0.0,0.0,0.0,0.0,0.0,0.0,0.0,0.0,,,,,,0.0
Xavier Grimble,PIT,TE,NYJ,W 31-13,0/0,0.0,0.0,0.0,0.0,0.0,0.0,0.0,0.0,0.0,,,,,,0.0
Virgil Green,DEN,TE,Atl,L 16-23,0/0,0.0,0.0,0.0,0.0,0.0,0.0,0.0,0.0,0.0,,,,,,-0.0
Patriots,NWE,DST,@Cle,W 33-13,0/0,0.0,0.0,0.0,0.0,0.0,0.0,0.0,0.0,0.0,,,,,,10.6
Bills,BUF,DST,@LA,W 30-19,0/0,0.0,0.0,0.0,0.0,0.0,0.0,0.0,0.0,0.0,,,,,,10.1
Vikings,MIN,DST,Hou,W 31-13,0/0,0.0,0.0,0.0,0.0,0.0,0.0,0.0,0.0,0.0,,,,,,9.7
Rams,LAR,DST,Buf,L 19-30,0/0,0.0,0.0,0.0,0.0,0.0,0.0,0.0,0.0,0.0,,,,,,9.5
Panthers,CAR,DST,TB,L 14-17,0/0,0.0,0.0,0.0,0.0,0.0,0.0,0.0,0.0,0.0,,,,,,9.0
Cardinals,ARI,DST,@SF,W 33-21,0/0,0.0,0.0,0.0,0.0,0.0,0.0,0.0,0.0,0.0,,,,,,8.4
Ravens,BAL,DST,Wsh,L 10-16,0/0,0.0,0.0,0.0,0.0,0.0,0.0,0.0,0.0,0.0,,,,,,7.5
Dolphins,MIA,DST,Ten,L 17-30,0/0,0.0,0.0,0.0,0.0,0.0,0.0,0.0,0.0,0.0,,,,,,7.5
Broncos,DEN,DST,Atl,L 16-23,0/0,0.0,0.0,0.0,0.0,0.0,0.0,0.0,0.0,0.0,,,,,,7.5
Buccaneers,TAM,DST,@Car,W 17-14,0/0,0.0,0.0,0.0,0.0,0.0,0.0,0.0,0.0,0.0,,,,,,7.5
Falcons,ATL,DST,@Den,W 23-16,0/0,0.0,0.0,0.0,0.0,0.0,0.0,0.0,0.0,0.0,,,,,,7.0
Packers,GNB,DST,NYG,W 23-16,0/0,0.0,0.0,0.0,0.0,0.0,0.0,0.0,0.0,0.0,,,,,,6.9
Titans,TEN,DST,@Mia,W 30-17,0/0,0.0,0.0,0.0,0.0,0.0,0.0,0.0,0.0,0.0,,,,,,6.9
Bengals,CIN,DST,@Dal,L 14-28,0/0,0.0,0.0,0.0,0.0,0.0,0.0,0.0,0.0,0.0,,,,,,6.7
Giants,NYG,DST,@GB,L 16-23,0/0,0.0,0.0,0.0,0.0,0.0,0.0,0.0,0.0,0.0,,,,,,6.7
Raiders,OAK,DST,SD,W 34-31,0/0,0.0,0.0,0.0,0.0,0.0,0.0,0.0,0.0,0.0,,,,,,6.7
Colts,IND,DST,Chi,W 29-23,0/0,0.0,0.0,0.0,0.0,0.0,0.0,0.0,0.0,0.0,,,,,,6.6
Steelers,PIT,DST,NYJ,W 31-13,0/0,0.0,0.0,0.0,0.0,0.0,0.0,0.0,0.0,0.0,,,,,,6.6
49ers,SFO,DST,Ari,L 21-33,0/0,0.0,0.0,0.0,0.0,0.0,0.0,0.0,0.0,0.0,,,,,,6.2
Chargers,SDG,DST,@Oak,L 31-34,0/0,0.0,0.0,0.0,0.0,0.0,0.0,0.0,0.0,0.0,,,,,,6.1
Texans,HOU,DST,@Min,L 13-31,0/0,0.0,0.0,0.0,0.0,0.0,0.0,0.0,0.0,0.0,,,,,,6.0
Eagles,PHI,DST,@Det,L 23-24,0/0,0.0,0.0,0.0,0.0,0.0,0.0,0.0,0.0,0.0,,,,,,6.0
Lions,DET,DST,Phi,W 24-23,0/0,0.0,0.0,0.0,0.0,0.0,0.0,0.0,0.0,0.0,,,,,,5.8
Bears,CHI,DST,@Ind,L 23-29,0/0,0.0,0.0,0.0,0.0,0.0,0.0,0.0,0.0,0.0,,,,,,5.0
Cowboys,DAL,DST,Cin,W 28-14,0/0,0.0,0.0,0.0,0.0,0.0,0.0,0.0,0.0,0.0,,,,,,4.7
Jets,NYJ,DST,@Pit,L 13-31,0/0,0.0,0.0,0.0,0.0,0.0,0.0,0.0,0.0,0.0,,,,,,4.4
Redskins,WAS,DST,@Bal,W 16-10,0/0,0.0,0.0,0.0,0.0,0.0,0.0,0.0,0.0,0.0,,,,,,4.1
Browns,CLE,DST,NE,L 13-33,0/0,0.0,0.0,0.0,0.0,0.0,0.0,0.0,0.0,0.0,,,,,,3.4
Chiefs,KAN,DST,** BYE **,--/--,,,,,,,,,,,,,,,,
Saints,NOR,DST,** BYE **,--/--,,,,,,,,,,,,,,,,
Seahawks,SEA,DST,** BYE **,--/--,,,,,,,,,,,,,,,,
Jaguars,JAC,DST,** BYE **,--/--,,,,,,,,,,,,,,,,
Stephen Gostkowski,NWE,K,@Cle,W 33-13,,,,,,,,,,,1.2/1.2,0.5/0.6,0/0,1.9/2.1,3.2/3.2,9.8
Adam Vinatieri,IND,K,Chi,W 29-23,,,,,,,,,,,1.2/1.2,0.5/0.6,0/0,1.9/2.2,3/3.1,9.7
Dan Bailey,DAL,K,Cin,W 28-14,,,,,,,,,,,1.2/1.2,0.5/0.6,0/0,1.9/2.1,2.3/2.4,9.0
Justin Tucker,BAL,K,Wsh,L 10-16,,,,,,,,,,,1.1/1.2,0.5/0.6,0/0,1.8/2.1,2.4/2.5,8.6
Chris Boswell,PIT,K,NYJ,W 31-13,,,,,,,,,,,1.1/1.2,0.5/0.7,0/0,1.8/2.2,2.2/2.3,8.3
Graham Gano,CAR,K,TB,L 14-17,,,,,,,,,,,1.1/1.2,0.5/0.6,0/0,1.7/2.1,2.6/2.9,8.3
Blair Walsh,MIN,K,Hou,W 31-13,,,,,,,,,,,1.2/1.2,0.5/0.7,0/0,1.9/2.2,1.8/1.9,8.2
Mason Crosby,GNB,K,NYG,W 23-16,,,,,,,,,,,1/1.1,0.5/0.6,0/0,1.7/2,2.6/2.7,8.2
Matt Prater,DET,K,Phi,W 24-23,,,,,,,,,,,1.1/1.1,0.5/0.6,0/0,1.8/1.9,2.1/2.2,8.1
Sebastian Janikowski,OAK,K,SD,W 34-31,,,,,,,,,,,1/1,0.4/0.6,0/0,1.6/1.9,2.7/2.9,7.8
Dustin Hopkins,WAS,K,@Bal,W 16-10,,,,,,,,,,,1/1.1,0.5/0.6,0/0,1.7/2,2.1/2.2,7.8
Brandon McManus,DEN,K,Atl,L 16-23,,,,,,,,,,,1/1.1,0.5/0.6,0/0,1.6/2,2.3/2.5,7.7
Josh Lambo,SDG,K,@Oak,L 31-34,,,,,,,,,,,1/1,0.4/0.6,0/0,1.6/1.9,2.4/2.6,7.6
Josh Brown,NYG,K,@GB,L 16-23,,,,,,,,,,,1/1,0.4/0.5,0/0,1.6/1.7,2.2/2.2,7.5
Caleb Sturgis,PHI,K,@Det,L 23-24,,,,,,,,,,,1/1.1,0.4/0.6,0/0,1.6/2,2.4/2.6,7.5
Connor Barth,CHI,K,@Ind,L 23-29,,,,,,,,,,,1/1,0.4/0.6,0/0,1.6/1.9,2.2/2.4,7.3
Nick Folk,NYJ,K,@Pit,L 13-31,,,,,,,,,,,1/1.1,0.4/0.6,0/0,1.6/2,2.1/2.3,7.2
Chandler Catanzaro,ARI,K,@SF,W 33-21,,,,,,,,,,,0.9/1,0.4/0.5,0/0,1.5/1.8,2.1/2.3,7.1
Roberto Aguayo,TAM,K,@Car,W 17-14,,,,,,,,,,,0.9/0.9,0.4/0.5,0/0,1.5/1.7,2.1/2.2,7.1
Mike Nugent,CIN,K,@Dal,L 14-28,,,,,,,,,,,0.9/1,0.4/0.6,0/0,1.5/1.9,2/2.1,7.0
Matt Bryant,ATL,K,@Den,W 23-16,,,,,,,,,,,0.9/0.9,0.4/0.5,0/0,1.5/1.7,2/2.1,7.0
Phil Dawson,SFO,K,Ari,L 21-33,,,,,,,,,,,0.9/1,0.4/0.5,0/0,1.5/1.8,1.8/1.9,7.0
Andrew Franks,MIA,K,Ten,L 17-30,,,,,,,,,,,0.9/0.9,0.4/0.5,0/0,1.4/1.7,2.2/2.4,6.8
Dan Carpenter,BUF,K,@LA,W 30-19,,,,,,,,,,,0.9/0.9,0.4/0.5,0/0,1.4/1.7,1.9/2,6.7
Cody Parkey,CLE,K,NE,L 13-33,,,,,,,,,,,0.9/1,0.4/0.6,0/0,1.6/1.9,1.6/1.7,6.7
Ryan Succop,TEN,K,@Mia,W 30-17,,,,,,,,,,,0.8/0.9,0.4/0.5,0/0,1.4/1.6,2/2.1,6.4
Nick Novak,HOU,K,@Min,L 13-31,,,,,,,,,,,0.9/0.9,0.4/0.5,0/0,1.4/1.7,1.6/1.7,6.4
Greg Zuerlein,LAR,K,Buf,L 19-30,,,,,,,,,,,0.9/1,0.4/0.6,0/0,1.5/1.9,1.5/1.7,6.2
Jay Feely,FA,K,** BYE **,0/0,,,,,,,,,,,0/0,0/0,0/0,0/0,,
Shayne Graham,ATL,K,@Den,W 23-16,,,,,,,,,,,0/0,0/0,0/0,0/0,0/0,0.0
Billy Cundiff,CLE,K,NE,L 13-33,,,,,,,,,,,0/0,0/0,0/0,0/0,0/0,0.0
Josh Scobee,NOR,K,** BYE **,0/0,,,,,,,,,,,0/0,0/0,0/0,0/0,,
Robbie Gould,CHI,K,@Ind,L 23-29,,,,,,,,,,,0/0,0/0,0/0,0/0,0/0,0.0
Shaun Suisham,PIT,K,NYJ,W 31-13,,,,,,,,,,,0/0,0/0,0/0,0/0,0/0,0.0
Garrett Hartley,PIT,K,NYJ,W 31-13,,,,,,,,,,,0/0,0/0,0/0,0/0,0/0,0.0
Steven Hauschka,SEA,K,** BYE **,0/0,,,,,,,,,,,0/0,0/0,0/0,0/0,,
Alex Henery,FA,K,** BYE **,0/0,,,,,,,,,,,0/0,0/0,0/0,0/0,,
Kai Forbath,NOR,K,** BYE **,0/0,,,,,,,,,,,0/0,0/0,0/0,0/0,,
Randy Bullock,NYG,K,@GB,L 16-23,,,,,,,,,,,0/0,0/0,0/0,0/0,0/0,0.0
Brandon Bogotay,TAM,K,@Car,W 17-14,,,,,,,,,,,0/0,0/0,0/0,0/0,0/0,0.0
Zach Hocker,CIN,K,@Dal,L 14-28,,,,,,,,,,,0/0,0/0,0/0,0/0,0/0,0.0
Travis Coons,CLE,K,NE,L 13-33,,,,,,,,,,,0/0,0/0,0/0,0/0,0/0,0.0
Cairo Santos,KAN,K,** BYE **,0/0,,,,,,,,,,,0/0,0/0,0/0,0/0,,
Patrick Murray,CLE,K,NE,L 13-33,,,,,,,,,,,0/0,0/0,0/0,0/0,0/0,0.0
Jordan Gay,BUF,K,@LA,W 30-19,,,,,,,,,,,0/0,0/0,0/0,0/0,0/0,0.0
Jason Myers,JAC,K,** BYE **,0/0,,,,,,,,,,,0/0,0/0,0/0,0/0,,
Kyle Brindza,NYJ,K,@Pit,L 13-31,,,,,,,,,,,0/0,0/0,0/0,0/0,0/0,0.0
Wil Lutz,NOR,K,** BYE **,0/0,,,,,,,,,,,0/0,0/0,0/0,0/0,,
