Player,Opp,Team,Pos,GameTime,Cmp_Att,PsYds,PsTD,Int,RsAtt,RsYds,RsTD,Rec,RcYds,RcTD,FFPts
Russell Wilson,Mia,SEA,QB,Sun 4:05,17.8/27.8,230.0,2.0,0.5,6.0,31.9,0.2,0.0,0.0,0.0,20.0
Aaron Rodgers,@Jax,GNB,QB,Sun 1:00,22.6/35.2,278.0,2.1,0.6,3.2,14.4,0.1,0.0,0.0,0.0,19.6
Eli Manning,@Dal,NYG,QB,Sun 4:25,25.3/39,306.0,2.0,0.8,1.3,2.3,0.0,0.0,0.0,0.0,18.3
Derek Carr,@NO,OAK,QB,Sun 1:00,23.9/37.5,282.9,2.2,0.7,1.9,6.0,0.0,0.0,0.0,0.0,18.1
Ben Roethlisberger,@Wsh,PIT,QB,Mon 7:10,26.1/39.5,305.8,1.8,0.9,1.9,4.7,0.0,0.0,0.0,0.0,17.9
Andrew Luck,Det,IND,QB,Sun 4:25,22.1/37.3,274.4,2.2,1.2,4.0,17.0,0.1,0.0,0.0,0.0,17.9
Matthew Stafford,@Ind,DET,QB,Sun 4:25,26.6/40.1,311.6,1.7,0.8,2.5,9.0,0.1,0.0,0.0,0.0,17.8
Drew Brees,Oak,NOR,QB,Sun 1:00,27.2/40.4,290.4,2.1,1.0,1.4,2.3,0.1,0.0,0.0,0.0,17.5
Kirk Cousins,Pit,WAS,QB,Mon 7:10,25/38.2,295.6,2.0,0.9,2.3,7.2,0.1,0.0,0.0,0.0,17.4
Cam Newton,@Den,CAR,QB,Thu 8:30,18.3/32.9,206.3,1.5,0.7,7.7,38.2,0.3,0.0,0.0,0.0,17.2
Tyrod Taylor,@Bal,BUF,QB,Sun 1:00,17.6/28.7,208.5,1.4,0.6,7.1,35.9,0.3,0.0,0.0,0.0,17.0
Carson Palmer,NE,ARI,QB,Sun 8:30,23.8/38.7,297.2,2.0,1.1,1.5,2.8,0.1,0.0,0.0,0.0,16.7
Alex Smith,SD,KAN,QB,Sun 1:00,20.4/30.8,240.4,1.3,0.3,4.3,26.4,0.2,0.0,0.0,0.0,16.6
Dak Prescott,NYG,DAL,QB,Sun 4:25,21.3/31.7,248.9,1.7,1.0,4.0,21.0,0.1,0.0,0.0,0.0,16.3
Carson Wentz,Cle,PHI,QB,Sun 1:00,19.6/33.1,238.4,1.4,0.8,4.5,25.3,0.2,0.0,0.0,0.0,16.1
Jimmy Garoppolo,@Ari,NWE,QB,Sun 8:30,23.3/38,256.7,1.7,1.0,3.8,14.5,0.1,0.0,0.0,0.0,16.0
Brock Osweiler,Chi,HOU,QB,Sun 1:00,21.5/33.9,262.7,1.7,0.8,3.2,7.8,0.1,0.0,0.0,0.0,15.4
Philip Rivers,@KC,SDG,QB,Sun 1:00,26.3/40.7,282.4,1.6,1.0,1.4,3.9,0.0,0.0,0.0,0.0,15.1
Matt Ryan,TB,ATL,QB,Sun 1:00,24.8/36.6,282.8,1.6,1.2,2.0,5.6,0.1,0.0,0.0,0.0,14.8
Andy Dalton,@NYJ,CIN,QB,Sun 1:00,20.2/32.3,228.7,1.4,0.9,3.9,12.9,0.1,0.0,0.0,0.0,14.6
Ryan Fitzpatrick,Cin,NYJ,QB,Sun 1:00,22/37.1,234.8,1.6,1.2,3.9,17.7,0.1,0.0,0.0,0.0,14.4
Jameis Winston,@Atl,TAM,QB,Sun 1:00,20.5/34.6,246.5,1.5,1.1,3.8,16.8,0.2,0.0,0.0,0.0,14.4
Blake Bortles,GB,JAC,QB,Sun 1:00,20.7/36.8,244.6,1.7,1.2,3.1,16.3,0.1,0.0,0.0,0.0,14.3
Robert Griffin,@Phi,CLE,QB,Sun 1:00,20.8/32.6,245.7,1.2,0.8,4.7,28.8,0.1,0.0,0.0,0.0,13.9
Marcus Mariota,Min,TEN,QB,Sun 1:00,19/29.5,216.1,1.2,0.7,4.4,22.7,0.2,0.0,0.0,0.0,13.6
Joe Flacco,Buf,BAL,QB,Sun 1:00,22.4/37.7,238.2,1.6,1.1,1.7,3.2,0.1,0.0,0.0,0.0,13.4
Blaine Gabbert,LA,SFO,QB,Mon 10:20,20.8/34.5,235.9,1.2,1.0,3.6,12.1,0.1,0.0,0.0,0.0,13.1
Shaun Hill,@Ten,MIN,QB,Sun 1:00,19.3/30.6,228.4,1.1,0.7,2.4,9.6,0.1,0.0,0.0,0.0,12.2
Jay Cutler,@Hou,CHI,QB,Sun 1:00,21.6/33.9,236.8,1.2,1.0,2.5,8.4,0.0,0.0,0.0,0.0,11.7
Ryan Tannehill,@Sea,MIA,QB,Sun 4:05,24.1/40,246.1,1.1,0.9,1.9,6.4,0.0,0.0,0.0,0.0,11.3
Case Keenum,@SF,LAR,QB,Mon 10:20,18.7/31.6,219.2,0.9,0.6,2.7,9.0,0.1,0.0,0.0,0.0,10.6
Trevor Siemian,Car,DEN,QB,Thu 8:30,19.3/35.7,203.1,1.2,1.6,2.3,8.8,0.1,0.0,0.0,0.0,9.7
Trevone Boykin,Mia,SEA,QB,Sun 4:05,0.1/0.2,1.0,0.0,0.0,0.0,0.0,0.0,0.0,0.0,0.0,0.0
Scott Tolzien,Det,IND,QB,Sun 4:25,0.1/0.2,1.3,0.0,0.0,0.0,0.0,0.0,0.0,0.0,0.0,0.0
Matt McGloin,@NO,OAK,QB,Sun 1:00,0.1/0.2,1.4,0.0,0.0,0.0,0.0,0.0,0.0,0.0,0.0,0.0
Chase Daniel,Cle,PHI,QB,Sun 1:00,0.1/0.2,1.2,0.0,0.0,0.0,0.0,0.0,0.0,0.0,0.0,0.0
Ryan Nassib,@Dal,NYG,QB,Sun 4:25,0.1/0.2,1.3,0.0,0.0,0.0,0.0,0.0,0.0,0.0,0.0,0.0
Drew Stanton,NE,ARI,QB,Sun 8:30,0.1/0.2,1.2,0.0,0.0,0.0,0.0,0.0,0.0,0.0,0.0,0.0
Brett Hundley,@Jax,GNB,QB,Sun 1:00,0.1/0.2,1.2,0.0,0.0,0.0,0.0,0.0,0.0,0.0,0.0,0.0
EJ Manuel,@Bal,BUF,QB,Sun 1:00,0.1/0.2,1.0,0.0,0.0,0.0,0.0,0.0,0.0,0.0,0.0,0.0
Chad Henne,GB,JAC,QB,Sun 1:00,0.1/0.2,1.2,0.0,0.0,0.0,0.0,0.0,0.0,0.0,0.0,0.0
Joe Webb,@Den,CAR,QB,Thu 8:30,0/0,0.0,0.0,0.0,0.0,0.0,0.0,0.0,0.0,0.0,0.0
Colt McCoy,Pit,WAS,QB,Mon 7:10,0.1/0.2,1.3,0.0,0.0,0.0,0.0,0.0,0.0,0.0,0.0,0.0
Landry Jones,@Wsh,PIT,QB,Mon 7:10,0.1/0.2,1.1,0.0,0.0,0.0,0.1,0.0,0.0,0.0,0.0,0.0
Mark Sanchez,NYG,DAL,QB,Sun 4:25,0.1/0.2,1.1,0.0,0.0,0.0,0.0,0.0,0.0,0.0,0.0,0.0
Luke McCown,Oak,NOR,QB,Sun 1:00,0.1/0.2,1.2,0.0,0.0,0.0,0.0,0.0,0.0,0.0,0.0,0.0
Jacoby Brissett,@Ari,NWE,QB,Sun 8:30,0.1/0.2,1.2,0.0,0.0,0.0,0.0,0.0,0.0,0.0,0.0,0.0
Tom Savage,Chi,HOU,QB,Sun 1:00,0.1/0.2,1.2,0.0,0.0,0.0,0.0,0.0,0.0,0.0,0.0,0.0
Nick Foles,SD,KAN,QB,Sun 1:00,0.1/0.2,1.2,0.0,0.0,0.0,0.0,0.0,0.0,0.0,0.0,0.0
Dan Orlovsky,@Ind,DET,QB,Sun 4:25,0.1/0.2,1.5,0.0,0.0,0.0,0.0,0.0,0.0,0.0,0.0,0.0
Derek Anderson,@Den,CAR,QB,Thu 8:30,0.1/0.2,0.9,0.0,0.0,0.0,0.0,0.0,0.0,0.0,0.0,0.0
Colin Kaepernick,LA,SFO,QB,Mon 10:20,0.1/0.2,1.1,0.0,0.0,0.0,0.1,0.0,0.0,0.0,0.0,0.0
Ryan Mallett,Buf,BAL,QB,Sun 1:00,0.1/0.2,1.1,0.0,0.0,0.0,0.0,0.0,0.0,0.0,0.0,0.0
Sam Bradford,@Ten,MIN,QB,Sun 1:00,0.1/0.2,1.2,0.0,0.0,0.0,0.0,0.0,0.0,0.0,0.0,0.0
Mike Glennon,@Atl,TAM,QB,Sun 1:00,0.1/0.2,1.2,0.0,0.0,0.0,0.0,0.0,0.0,0.0,0.0,0.0
AJ McCarron,@NYJ,CIN,QB,Sun 1:00,0.1/0.2,1.0,0.0,0.0,0.0,0.0,0.0,0.0,0.0,0.0,0.0
Geno Smith,Cin,NYJ,QB,Sun 1:00,0.1/0.2,1.1,0.0,0.0,0.0,0.1,0.0,0.0,0.0,0.0,0.0
Matt Schaub,TB,ATL,QB,Sun 1:00,0.1/0.2,1.3,0.0,0.0,0.0,0.0,0.0,0.0,0.0,0.0,0.0
Josh McCown,@Phi,CLE,QB,Sun 1:00,0.1/0.2,1.2,0.0,0.0,0.0,0.0,0.0,0.0,0.0,0.0,0.0
Matt Cassel,Min,TEN,QB,Sun 1:00,0.1/0.2,1.0,0.0,0.0,0.0,0.0,0.0,0.0,0.0,0.0,0.0
Paxton Lynch,Car,DEN,QB,Thu 8:30,0.1/0.2,1.1,0.0,0.0,0.0,0.0,0.0,0.0,0.0,0.0,0.0
Kellen Clemens,@KC,SDG,QB,Sun 1:00,0.1/0.2,1.2,0.0,0.0,0.0,0.0,0.0,0.0,0.0,0.0,0.0
Sean Mannion,@SF,LAR,QB,Mon 10:20,0.1/0.2,1.1,0.0,0.0,0.0,0.0,0.0,0.0,0.0,0.0,0.0
Brian Hoyer,@Hou,CHI,QB,Sun 1:00,0.1/0.2,1.2,0.0,0.0,0.0,0.0,0.0,0.0,0.0,0.0,0.0
Matt Moore,@Sea,MIA,QB,Sun 4:05,0.1/0.2,1.1,0.0,0.0,0.0,0.0,0.0,0.0,0.0,0.0,0.0
Tom Brady,@Ari,NWE,QB,Sun 8:30,0/0,0.0,0.0,0.0,0.0,0.0,0.0,0.0,0.0,0.0,0.0
Mike Vick,@Wsh,PIT,QB,Mon 7:10,0/0,0.0,0.0,0.0,0.0,0.0,0.0,0.0,0.0,0.0,0.0
Tony Romo*,NYG,DAL,QB,Sun 4:25,0/0,0.0,0.0,0.0,0.0,0.0,0.0,0.0,0.0,0.0,0.0
Tarvaris Jackson,Mia,SEA,QB,Sun 4:05,0/0,0.0,0.0,0.0,0.0,0.0,0.0,0.0,0.0,0.0,0.0
Charlie Whitehurst,Det,IND,QB,Sun 4:25,0/0,0.0,0.0,0.0,0.0,0.0,0.0,0.0,0.0,0.0,0.0
Bruce Gradkowski*,@Wsh,PIT,QB,Mon 7:10,0/0,0.0,0.0,0.0,0.0,0.0,0.0,0.0,0.0,0.0,0.0
Josh Javon Johnson,@Dal,NYG,QB,Sun 4:25,0/0,0.0,0.0,0.0,0.0,0.0,0.0,0.0,0.0,0.0,0.0
Matt Flynn,Oak,NOR,QB,Sun 1:00,0/0,0.0,0.0,0.0,0.0,0.0,0.0,0.0,0.0,0.0,0.0
Josh Freeman,Det,IND,QB,Sun 4:25,0/0,0.0,0.0,0.0,0.0,0.0,0.0,0.0,0.0,0.0,0.0
Jimmy Clausen,Buf,BAL,QB,Sun 1:00,0/0,0.0,0.0,0.0,0.0,0.0,0.0,0.0,0.0,0.0,0.0
Tim Tebow,** BYE **,FA,QB,0/0,0,0.0,0.0,0.0,0.0,0.0,0.0,0.0,0.0,,
Dan LeFevour,@Atl,TAM,QB,Sun 1:00,0/0,0.0,0.0,0.0,0.0,0.0,0.0,0.0,0.0,0.0,0.0
Thaddeus Lewis*,LA,SFO,QB,Mon 10:20,0/0,0.0,0.0,0.0,0.0,0.0,0.0,0.0,0.0,0.0,0.0
Christian Ponder,LA,SFO,QB,Mon 10:20,0/0,0.0,0.0,0.0,0.0,0.0,0.0,0.0,0.0,0.0,0.0
T.J. Yates,Chi,HOU,QB,Sun 1:00,0/0,0.0,0.0,0.0,0.0,0.0,0.0,0.0,0.0,0.0,0.0
Jerrod Johnson,NYG,DAL,QB,Sun 4:25,0/0,0.0,0.0,0.0,0.0,0.0,0.0,0.0,0.0,0.0,0.0
Brandon Weeden,Chi,HOU,QB,Sun 1:00,0/0,0.0,0.0,0.0,0.0,0.0,0.0,0.0,0.0,0.0,0.0
Kellen Moore*,NYG,DAL,QB,Sun 4:25,0/0,0.0,0.0,0.0,0.0,0.0,0.0,0.0,0.0,0.0,0.0
Ryan Lindley,Det,IND,QB,Sun 4:25,0/0,0.0,0.0,0.0,0.0,0.0,0.0,0.0,0.0,0.0,0.0
Austin Davis,Car,DEN,QB,Thu 8:30,0/0,0.0,0.0,0.0,0.0,0.0,0.0,0.0,0.0,0.0,0.0
Matt Simms,TB,ATL,QB,Sun 1:00,0/0,0.0,0.0,0.0,0.0,0.0,0.0,0.0,0.0,0.0,0.0
Alex Tanney,Min,TEN,QB,Sun 1:00,0/0,0.0,0.0,0.0,0.0,0.0,0.0,0.0,0.0,0.0,0.0
Sean Renfree,TB,ATL,QB,Sun 1:00,0/0,0.0,0.0,0.0,0.0,0.0,0.0,0.0,0.0,0.0,0.0
Zac Dysert,@Sea,MIA,QB,Sun 4:05,0/0,0.0,0.0,0.0,0.0,0.0,0.0,0.0,0.0,0.0,0.0
Matt Barkley,NE,ARI,QB,Sun 8:30,0/0,0.0,0.0,0.0,0.0,0.0,0.0,0.0,0.0,0.0,0.0
Ryan Griffin,@Atl,TAM,QB,Sun 1:00,0/0,0.0,0.0,0.0,0.0,0.0,0.0,0.0,0.0,0.0,0.0
Tyler Bray,SD,KAN,QB,Sun 1:00,0/0,0.0,0.0,0.0,0.0,0.0,0.0,0.0,0.0,0.0,0.0
Teddy Bridgewater*,@Ten,MIN,QB,Sun 1:00,0/0,0.0,0.0,0.0,0.0,0.0,0.0,0.0,0.0,0.0,0.0
Johnny Manziel,@Phi,CLE,QB,Sun 1:00,0/0,0.0,0.0,0.0,0.0,0.0,0.0,0.0,0.0,0.0,0.0
Tajh Boyd,@Wsh,PIT,QB,Mon 7:10,0/0,0.0,0.0,0.0,0.0,0.0,0.0,0.0,0.0,0.0,0.0
Logan Thomas,@Dal,NYG,QB,Sun 4:25,0/0,0.0,0.0,0.0,0.0,0.0,0.0,0.0,0.0,0.0,0.0
Zach Mettenberger,@KC,SDG,QB,Sun 1:00,0/0,0.0,0.0,0.0,0.0,0.0,0.0,0.0,0.0,0.0,0.0
David Fales,@Hou,CHI,QB,Sun 1:00,0/0,0.0,0.0,0.0,0.0,0.0,0.0,0.0,0.0,0.0,0.0
Keith Wenning,@NYJ,CIN,QB,Sun 1:00,0/0,0.0,0.0,0.0,0.0,0.0,0.0,0.0,0.0,0.0,0.0
Aaron Murray,SD,KAN,QB,Sun 1:00,0/0,0.0,0.0,0.0,0.0,0.0,0.0,0.0,0.0,0.0,0.0
Matt Blanchard,@Hou,CHI,QB,Sun 1:00,0/0,0.0,0.0,0.0,0.0,0.0,0.0,0.0,0.0,0.0,0.0
Dustin Vaughan,@Wsh,PIT,QB,Mon 7:10,0/0,0.0,0.0,0.0,0.0,0.0,0.0,0.0,0.0,0.0,0.0
Connor Shaw*,@Hou,CHI,QB,Sun 1:00,0/0,0.0,0.0,0.0,0.0,0.0,0.0,0.0,0.0,0.0,0.0
Bryce Petty,Cin,NYJ,QB,Sun 1:00,0/0,0.0,0.0,0.0,0.0,0.0,0.0,0.0,0.0,0.0,0.0
Dylan Thompson,@SF,LAR,QB,Mon 10:20,0/0,0.0,0.0,0.0,0.0,0.0,0.0,0.0,0.0,0.0,0.0
Garrett Grayson,Oak,NOR,QB,Sun 1:00,0/0,0.0,0.0,0.0,0.0,0.0,0.0,0.0,0.0,0.0,0.0
Jared Goff,@SF,LAR,QB,Mon 10:20,0/0,0.0,0.0,0.0,0.0,0.0,0.0,0.0,0.0,0.0,0.0
Christian Hackenberg,Cin,NYJ,QB,Sun 1:00,0/0,0.0,0.0,0.0,0.0,0.0,0.0,0.0,0.0,0.0,0.0
Cody Kessler,@Phi,CLE,QB,Sun 1:00,0/0,0.0,0.0,0.0,0.0,0.0,0.0,0.0,0.0,0.0,0.0
Connor Cook,@NO,OAK,QB,Sun 1:00,0/0,0.0,0.0,0.0,0.0,0.0,0.0,0.0,0.0,0.0,0.0
Cardale Jones,@Bal,BUF,QB,Sun 1:00,0/0,0.0,0.0,0.0,0.0,0.0,0.0,0.0,0.0,0.0,0.0
Kevin Hogan,SD,KAN,QB,Sun 1:00,0/0,0.0,0.0,0.0,0.0,0.0,0.0,0.0,0.0,0.0,0.0
Nate Sudfeld,Pit,WAS,QB,Mon 7:10,0/0,0.0,0.0,0.0,0.0,0.0,0.0,0.0,0.0,0.0,0.0
Jake Rudock,@Ind,DET,QB,Sun 4:25,0/0,0.0,0.0,0.0,0.0,0.0,0.0,0.0,0.0,0.0,0.0
Brandon Allen,GB,JAC,QB,Sun 1:00,0/0,0.0,0.0,0.0,0.0,0.0,0.0,0.0,0.0,0.0,0.0
Jeff Driskel,@NYJ,CIN,QB,Sun 1:00,0/0,0.0,0.0,0.0,0.0,0.0,0.0,0.0,0.0,0.0,0.0
Brandon Doughty,@Sea,MIA,QB,Sun 4:05,0/0,0.0,0.0,0.0,0.0,0.0,0.0,0.0,0.0,0.0,0.0
Taylor Heinicke*,@Ten,MIN,QB,Sun 1:00,0/0,0.0,0.0,0.0,0.0,0.0,0.0,0.0,0.0,0.0,0.0
Stephen Morris,Det,IND,QB,Sun 4:25,0/0,0.0,0.0,0.0,0.0,0.0,0.0,0.0,0.0,0.0,0.0
Todd Gurley,@SF,LAR,RB,Mon 10:20,0/0,0.0,0.0,0.0,20.6,91.7,0.8,2.5,21.1,0.1,16.1
Adrian Peterson,@Ten,MIN,RB,Sun 1:00,0/0,0.0,0.0,0.0,20.0,91.4,0.7,1.9,15.5,0.0,13.8
Lamar Miller,Chi,HOU,RB,Sun 1:00,0/0,0.0,0.0,0.0,18.7,82.0,0.5,2.7,20.6,0.1,13.5
DeAngelo Williams,@Wsh,PIT,RB,Mon 7:10,0/0,0.0,0.0,0.0,17.3,83.7,0.5,3.0,22.2,0.1,13.2
LeSean McCoy,@Bal,BUF,RB,Sun 1:00,0/0,0.0,0.0,0.0,16.7,72.1,0.6,2.7,20.0,0.1,13.1
Ezekiel Elliott,NYG,DAL,RB,Sun 4:25,0/0,0.0,0.0,0.0,16.0,71.9,0.5,2.6,21.8,0.1,12.4
Devonta Freeman,TB,ATL,RB,Sun 1:00,0/0,0.0,0.0,0.0,15.8,59.3,0.5,4.2,34.5,0.2,12.0
Mark Ingram,Oak,NOR,RB,Sun 1:00,0/0,0.0,0.0,0.0,15.1,63.2,0.6,3.2,21.5,0.1,12.0
David Johnson,NE,ARI,RB,Sun 8:30,0/0,0.0,0.0,0.0,14.4,58.4,0.4,3.9,35.5,0.2,11.4
Ryan Mathews,Cle,PHI,RB,Sun 1:00,0/0,0.0,0.0,0.0,14.6,71.0,0.5,1.4,11.4,0.0,10.8
Doug Martin,@Atl,TAM,RB,Sun 1:00,0/0,0.0,0.0,0.0,17.2,78.3,0.4,2.1,16.2,0.1,10.8
Carlos Hyde,LA,SFO,RB,Mon 10:20,0/0,0.0,0.0,0.0,17.7,69.2,0.5,2.0,14.0,0.1,10.3
Spencer Ware,SD,KAN,RB,Sun 1:00,0/0,0.0,0.0,0.0,12.8,60.3,0.6,1.2,9.2,0.0,9.9
DeMarco Murray,Min,TEN,RB,Sun 1:00,0/0,0.0,0.0,0.0,15.0,66.3,0.5,1.8,13.5,0.0,9.9
Frank Gore,Det,IND,RB,Sun 4:25,0/0,0.0,0.0,0.0,14.5,60.3,0.4,2.0,17.6,0.1,9.9
Latavius Murray,@NO,OAK,RB,Sun 1:00,0/0,0.0,0.0,0.0,14.1,66.6,0.4,2.3,18.0,0.1,9.8
C.J. Anderson,Car,DEN,RB,Thu 8:30,0/0,0.0,0.0,0.0,13.9,60.2,0.4,1.6,11.6,0.0,9.5
Jeremy Langford,@Hou,CHI,RB,Sun 1:00,0/0,0.0,0.0,0.0,15.7,61.0,0.4,2.4,19.6,0.1,9.4
Matt Forte,Cin,NYJ,RB,Sun 1:00,0/0,0.0,0.0,0.0,13.4,56.9,0.3,3.2,24.5,0.1,9.1
Eddie Lacy,@Jax,GNB,RB,Sun 1:00,0/0,0.0,0.0,0.0,14.4,59.9,0.4,1.9,15.5,0.1,8.7
Christine Michael,Mia,SEA,RB,Sun 4:05,0/0,0.0,0.0,0.0,13.8,60.4,0.4,1.0,8.7,0.1,8.6
Rashad Jennings,@Dal,NYG,RB,Sun 4:25,0/0,0.0,0.0,0.0,13.0,56.8,0.3,2.1,17.0,0.1,8.4
Ameer Abdullah,@Ind,DET,RB,Sun 4:25,0/0,0.0,0.0,0.0,12.4,55.5,0.3,2.4,19.8,0.1,8.2
Justin Forsett,Buf,BAL,RB,Sun 1:00,0/0,0.0,0.0,0.0,11.6,54.2,0.3,1.6,10.2,0.0,8.0
Jeremy Hill,@NYJ,CIN,RB,Sun 1:00,0/0,0.0,0.0,0.0,14.0,51.7,0.4,1.2,8.5,0.0,7.4
Jonathan Stewart,@Den,CAR,RB,Thu 8:30,0/0,0.0,0.0,0.0,14.4,55.5,0.3,1.2,7.9,0.0,7.0
Melvin Gordon,@KC,SDG,RB,Sun 1:00,0/0,0.0,0.0,0.0,13.9,55.2,0.2,2.2,13.6,0.1,7.0
Isaiah Crowell,@Phi,CLE,RB,Sun 1:00,0/0,0.0,0.0,0.0,12.2,50.5,0.3,1.0,7.7,0.0,7.0
Theo Riddick,@Ind,DET,RB,Sun 4:25,0/0,0.0,0.0,0.0,3.9,16.6,0.1,4.4,40.2,0.2,6.9
Danny Woodhead,@KC,SDG,RB,Sun 1:00,0/0,0.0,0.0,0.0,6.1,25.3,0.1,4.5,38.4,0.2,6.9
Giovani Bernard,@NYJ,CIN,RB,Sun 1:00,0/0,0.0,0.0,0.0,9.3,35.9,0.2,3.1,24.4,0.1,6.7
Charcandrick West,SD,KAN,RB,Sun 1:00,0/0,0.0,0.0,0.0,8.3,35.9,0.4,1.9,16.1,0.1,6.7
Matt Jones,Pit,WAS,RB,Mon 7:10,0/0,0.0,0.0,0.0,11.3,45.1,0.3,1.4,14.0,0.1,6.6
LeGarrette Blount,@Ari,NWE,RB,Sun 8:30,0/0,0.0,0.0,0.0,13.6,56.5,0.3,0.3,1.9,0.0,6.6
Duke Johnson Jr.,@Phi,CLE,RB,Sun 1:00,0/0,0.0,0.0,0.0,8.1,33.7,0.2,3.1,25.6,0.1,6.6
Charles Sims,@Atl,TAM,RB,Sun 1:00,0/0,0.0,0.0,0.0,6.8,28.8,0.1,3.5,30.1,0.1,6.4
Derrick Henry,Min,TEN,RB,Sun 1:00,0/0,0.0,0.0,0.0,9.1,39.0,0.4,1.3,10.4,0.0,6.2
Tevin Coleman,TB,ATL,RB,Sun 1:00,0/0,0.0,0.0,0.0,8.4,33.3,0.3,1.4,10.7,0.0,6.0
Chris Ivory,GB,JAC,RB,Sun 1:00,0/0,0.0,0.0,0.0,10.4,46.5,0.3,1.3,8.9,0.0,5.9
Darren Sproles,Cle,PHI,RB,Sun 1:00,0/0,0.0,0.0,0.0,5.0,24.6,0.2,2.8,26.2,0.1,5.9
Shane Vereen,@Dal,NYG,RB,Sun 4:25,0/0,0.0,0.0,0.0,4.0,17.4,0.1,3.3,30.2,0.2,5.7
Terrance West,Buf,BAL,RB,Sun 1:00,0/0,0.0,0.0,0.0,10.0,42.2,0.3,1.1,7.3,0.0,5.6
T.J. Yeldon,GB,JAC,RB,Sun 1:00,0/0,0.0,0.0,0.0,8.7,36.8,0.2,2.3,17.2,0.1,5.5
Arian Foster,@Sea,MIA,RB,Sun 4:05,0/0,0.0,0.0,0.0,8.9,33.0,0.2,2.3,16.6,0.1,5.3
Bilal Powell,Cin,NYJ,RB,Sun 1:00,0/0,0.0,0.0,0.0,8.5,36.0,0.2,2.5,17.7,0.1,5.3
James Starks,@Jax,GNB,RB,Sun 1:00,0/0,0.0,0.0,0.0,7.6,31.2,0.2,1.3,10.6,0.1,5.2
James White,@Ari,NWE,RB,Sun 8:30,0/0,0.0,0.0,0.0,2.8,10.9,0.1,3.4,30.5,0.1,5.0
Devontae Booker,Car,DEN,RB,Thu 8:30,0/0,0.0,0.0,0.0,8.4,33.5,0.3,1.4,9.9,0.0,4.6
Thomas Rawls,Mia,SEA,RB,Sun 4:05,0/0,0.0,0.0,0.0,7.4,35.5,0.2,0.6,5.3,0.0,4.6
Jerick McKinnon,@Ten,MIN,RB,Sun 1:00,0/0,0.0,0.0,0.0,5.1,23.0,0.1,2.3,18.7,0.1,4.2
Shaun Draughn,LA,SFO,RB,Mon 10:20,0/0,0.0,0.0,0.0,6.0,22.2,0.1,2.5,18.1,0.1,4.2
C.J. Spiller,Oak,NOR,RB,Sun 1:00,0/0,0.0,0.0,0.0,3.3,14.1,0.1,2.9,21.3,0.1,4.1
DeAndre Washington,@NO,OAK,RB,Sun 1:00,0/0,0.0,0.0,0.0,5.0,22.5,0.1,1.7,15.9,0.1,4.1
Ka'Deem Carey,@Hou,CHI,RB,Sun 1:00,0/0,0.0,0.0,0.0,6.6,26.5,0.1,1.5,10.4,0.0,4.0
Chris Thompson,Pit,WAS,RB,Mon 7:10,0/0,0.0,0.0,0.0,2.9,13.0,0.1,2.8,23.6,0.1,4.0
C.J. Prosise,Mia,SEA,RB,Sun 4:05,0/0,0.0,0.0,0.0,4.6,19.8,0.2,1.7,14.9,0.1,3.3
Orleans Darkwa,@Dal,NYG,RB,Sun 4:25,0/0,0.0,0.0,0.0,5.8,24.5,0.2,0.3,2.2,0.0,3.0
Robert Kelley,Pit,WAS,RB,Mon 7:10,0/0,0.0,0.0,0.0,6.9,27.6,0.2,0.3,2.2,0.0,3.0
Alfred Morris,NYG,DAL,RB,Sun 4:25,0/0,0.0,0.0,0.0,6.0,25.9,0.1,0.2,1.8,0.0,2.9
Jay Ajayi,@Sea,MIA,RB,Sun 4:05,0/0,0.0,0.0,0.0,5.7,20.0,0.1,1.4,9.4,0.0,2.8
Chris Johnson,NE,ARI,RB,Sun 8:30,0/0,0.0,0.0,0.0,5.8,24.0,0.1,0.1,1.0,0.0,2.8
Javorius Allen,Buf,BAL,RB,Sun 1:00,0/0,0.0,0.0,0.0,2.6,10.9,0.1,1.9,13.8,0.1,2.8
Benjamin Cunningham,@SF,LAR,RB,Mon 10:20,0/0,0.0,0.0,0.0,2.6,10.9,0.1,1.5,13.6,0.0,2.7
Tim Hightower,Oak,NOR,RB,Sun 1:00,0/0,0.0,0.0,0.0,4.5,17.8,0.2,0.6,4.4,0.0,2.1
Reggie Bush,@Bal,BUF,RB,Sun 1:00,0/0,0.0,0.0,0.0,4.3,17.9,0.1,1.0,7.5,0.0,2.0
Tyler Ervin,Chi,HOU,RB,Sun 1:00,0/0,0.0,0.0,0.0,3.7,15.0,0.1,0.8,5.9,0.0,1.9
Fitzgerald Toussaint,@Wsh,PIT,RB,Mon 7:10,0/0,0.0,0.0,0.0,4.3,17.9,0.1,1.2,8.9,0.0,1.9
Robert Turbin,Det,IND,RB,Sun 4:25,0/0,0.0,0.0,0.0,4.3,17.7,0.1,1.1,9.0,0.1,1.9
Mike Gillislee,@Bal,BUF,RB,Sun 1:00,0/0,0.0,0.0,0.0,3.5,14.3,0.1,0.4,3.0,0.0,1.8
Zach Zenner,@Ind,DET,RB,Sun 4:25,0/0,0.0,0.0,0.0,3.3,14.6,0.1,0.3,2.4,0.0,1.7
Kenjon Barner,Cle,PHI,RB,Sun 1:00,0/0,0.0,0.0,0.0,2.8,12.6,0.1,0.5,3.8,0.0,1.7
Kyle Juszczyk,Buf,BAL,RB,Sun 1:00,0/0,0.0,0.0,0.0,0.1,0.5,0.0,1.6,12.7,0.1,1.7
Brandon Bolden,@Ari,NWE,RB,Sun 8:30,0/0,0.0,0.0,0.0,4.0,15.7,0.1,0.8,5.8,0.0,1.6
Cameron Artis-Payne,@Den,CAR,RB,Thu 8:30,0/0,0.0,0.0,0.0,4.0,14.7,0.1,0.5,2.9,0.0,1.6
Lance Dunbar,NYG,DAL,RB,Sun 4:25,0/0,0.0,0.0,0.0,1.9,8.5,0.0,1.4,12.6,0.1,1.5
Alfred Blue,Chi,HOU,RB,Sun 1:00,0/0,0.0,0.0,0.0,2.9,11.0,0.1,0.3,2.0,0.0,1.5
Mike Tolbert,@Den,CAR,RB,Thu 8:30,0/0,0.0,0.0,0.0,2.9,9.7,0.1,0.9,6.7,0.0,0.8
Andre Ellington,NE,ARI,RB,Sun 8:30,0/0,0.0,0.0,0.0,2.4,9.8,0.1,1.1,9.6,0.0,0.6
Jamize Olawale,@NO,OAK,RB,Sun 1:00,0/0,0.0,0.0,0.0,1.1,5.3,0.0,0.8,6.6,0.1,0.5
Jordan Howard,@Hou,CHI,RB,Sun 1:00,0/0,0.0,0.0,0.0,2.5,9.7,0.1,0.5,3.3,0.0,0.5
Mike Davis,LA,SFO,RB,Mon 10:20,0/0,0.0,0.0,0.0,2.2,8.2,0.1,0.5,3.6,0.0,0.4
Knile Davis,SD,KAN,RB,Sun 1:00,0/0,0.0,0.0,0.0,1.5,6.3,0.1,0.2,1.8,0.0,0.4
Matt Asiata,@Ten,MIN,RB,Sun 1:00,0/0,0.0,0.0,0.0,0.9,3.3,0.0,0.7,5.5,0.0,0.4
Jordan Todman,Det,IND,RB,Sun 4:25,0/0,0.0,0.0,0.0,1.4,6.1,0.0,0.3,2.0,0.0,0.3
Josh Ferguson,Det,IND,RB,Sun 4:25,0/0,0.0,0.0,0.0,1.7,6.7,0.0,0.5,4.1,0.0,0.3
Zach Line,@Ten,MIN,RB,Sun 1:00,0/0,0.0,0.0,0.0,0.4,1.4,0.0,0.4,3.6,0.0,0.3
Alex Collins,Mia,SEA,RB,Sun 4:05,0/0,0.0,0.0,0.0,1.5,6.1,0.0,0.0,0.0,0.0,0.3
Fozzy Whittaker,@Den,CAR,RB,Thu 8:30,0/0,0.0,0.0,0.0,1.2,4.2,0.0,0.5,2.9,0.0,0.2
John Kuhn,Oak,NOR,RB,Sun 1:00,0/0,0.0,0.0,0.0,0.5,1.6,0.0,0.1,1.1,0.0,0.2
Antonio Andrews,Min,TEN,RB,Sun 1:00,0/0,0.0,0.0,0.0,1.3,5.2,0.0,0.2,1.6,0.0,0.2
Jalen Richard,@NO,OAK,RB,Sun 1:00,0/0,0.0,0.0,0.0,1.1,5.1,0.0,0.3,2.3,0.0,0.2
Patrick DiMarco,TB,ATL,RB,Sun 1:00,0/0,0.0,0.0,0.0,0.1,0.4,0.0,0.6,4.2,0.0,0.2
Isaiah Pead,@Sea,MIA,RB,Sun 4:05,0/0,0.0,0.0,0.0,1.5,5.4,0.0,0.6,3.6,0.0,0.2
Ryan Hewitt,@NYJ,CIN,RB,Sun 1:00,0/0,0.0,0.0,0.0,0.0,0.0,0.0,0.7,4.9,0.0,0.2
Paul Perkins,@Dal,NYG,RB,Sun 4:25,0/0,0.0,0.0,0.0,1.3,5.3,0.0,0.1,1.1,0.0,0.2
Kapri Bibbs,Car,DEN,RB,Thu 8:30,0/0,0.0,0.0,0.0,1.3,4.8,0.0,0.2,1.5,0.0,0.2
Marcus Murphy,Oak,NOR,RB,Sun 1:00,0/0,0.0,0.0,0.0,0.0,0.0,0.0,0.0,0.0,0.0,0.2
Jonathan Grimes,Chi,HOU,RB,Sun 1:00,0/0,0.0,0.0,0.0,0.7,2.8,0.0,0.5,3.9,0.0,0.2
Malcolm Brown,@SF,LAR,RB,Mon 10:20,0/0,0.0,0.0,0.0,0.9,3.6,0.0,0.2,1.8,0.0,0.2
Aaron Ripkowski,@Jax,GNB,RB,Sun 1:00,0/0,0.0,0.0,0.0,0.3,0.8,0.0,0.3,2.0,0.0,0.2
James Develin,@Ari,NWE,RB,Sun 8:30,0/0,0.0,0.0,0.0,0.5,1.5,0.0,0.3,1.9,0.0,0.2
George Atkinson III,@Phi,CLE,RB,Sun 1:00,0/0,0.0,0.0,0.0,1.0,3.8,0.0,0.1,0.9,0.0,0.2
Rex Burkhead,@NYJ,CIN,RB,Sun 1:00,0/0,0.0,0.0,0.0,0.5,1.9,0.0,0.5,3.3,0.0,0.2
Dwayne Washington,@Ind,DET,RB,Sun 4:25,0/0,0.0,0.0,0.0,0.5,2.3,0.0,0.3,2.4,0.0,0.2
Terron Ward,TB,ATL,RB,Sun 1:00,0/0,0.0,0.0,0.0,0.5,1.9,0.0,0.3,2.1,0.0,0.1
Anthony Sherman,SD,KAN,RB,Sun 1:00,0/0,0.0,0.0,0.0,0.0,0.0,0.0,0.5,3.6,0.0,0.1
Wendell Smallwood,Cle,PHI,RB,Sun 1:00,0/0,0.0,0.0,0.0,0.5,2.2,0.0,0.2,1.9,0.0,0.1
Michael Burton,@Ind,DET,RB,Sun 4:25,0/0,0.0,0.0,0.0,0.1,0.4,0.0,0.3,2.3,0.0,0.1
Taiwan Jones,@NO,OAK,RB,Sun 1:00,0/0,0.0,0.0,0.0,0.2,1.0,0.0,0.3,2.3,0.0,0.1
Corey Grant,GB,JAC,RB,Sun 1:00,0/0,0.0,0.0,0.0,0.2,0.9,0.0,0.0,0.0,0.0,0.1
Jonathan Williams,@Bal,BUF,RB,Sun 1:00,0/0,0.0,0.0,0.0,0.6,2.1,0.0,0.0,0.0,0.0,0.1
Jhurell Pressley,@Jax,GNB,RB,Sun 1:00,0/0,0.0,0.0,0.0,0.8,2.9,0.0,0.0,0.0,0.0,0.1
Jalston Fowler,Min,TEN,RB,Sun 1:00,0/0,0.0,0.0,0.0,0.1,0.5,0.0,0.2,1.6,0.0,0.1
Kenyan Drake,@Sea,MIA,RB,Sun 4:05,0/0,0.0,0.0,0.0,0.6,1.9,0.0,0.3,1.8,0.0,0.1
Daryl Richardson,@Wsh,PIT,RB,Mon 7:10,0/0,0.0,0.0,0.0,0.7,2.9,0.0,0.0,0.0,0.0,0.1
Cory Harkey,@SF,LAR,RB,Mon 10:20,0/0,0.0,0.0,0.0,0.0,0.0,0.0,0.4,3.5,0.0,0.1
Malcolm Johnson,@Phi,CLE,RB,Sun 1:00,0/0,0.0,0.0,0.0,0.1,0.4,0.0,0.2,1.8,0.0,0.1
Jay Prosch,Chi,HOU,RB,Sun 1:00,0/0,0.0,0.0,0.0,0.3,1.0,0.0,0.0,0.0,0.0,0.1
Daniel Lasco,Oak,NOR,RB,Sun 1:00,0/0,0.0,0.0,0.0,0.3,1.0,0.0,0.2,1.1,0.0,0.1
Denard Robinson,GB,JAC,RB,Sun 1:00,0/0,0.0,0.0,0.0,0.4,1.7,0.0,0.1,0.9,0.0,0.1
D.J. Foster,@Ari,NWE,RB,Sun 8:30,0/0,0.0,0.0,0.0,0.2,0.9,0.0,0.3,1.9,0.0,0.1
Bobby Rainey,@Dal,NYG,RB,Sun 4:25,0/0,0.0,0.0,0.0,0.1,0.5,0.0,0.0,0.0,0.0,0.1
Roosevelt Nix,@Wsh,PIT,RB,Mon 7:10,0/0,0.0,0.0,0.0,0.0,0.0,0.0,0.1,1.1,0.0,0.1
Chase Reynolds,@SF,LAR,RB,Mon 10:20,0/0,0.0,0.0,0.0,0.3,1.1,0.0,0.0,0.0,0.0,0.1
Damien Williams,@Sea,MIA,RB,Sun 4:05,0/0,0.0,0.0,0.0,0.2,0.6,0.0,0.3,1.8,0.0,0.1
Stepfan Taylor,NE,ARI,RB,Sun 8:30,0/0,0.0,0.0,0.0,0.1,0.4,0.0,0.1,1.0,0.0,0.0
Derek Watt,@KC,SDG,RB,Sun 1:00,0/0,0.0,0.0,0.0,0.0,0.0,0.0,0.1,1.0,0.0,0.0
Andre Williams,@KC,SDG,RB,Sun 1:00,0/0,0.0,0.0,0.0,0.4,1.7,0.0,0.0,0.0,0.0,0.0
Andy Janovich,Car,DEN,RB,Thu 8:30,0/0,0.0,0.0,0.0,0.1,0.4,0.0,0.0,0.0,0.0,0.0
Darius Jackson,NYG,DAL,RB,Sun 4:25,0/0,0.0,0.0,0.0,0.3,1.1,0.0,0.0,0.0,0.0,0.0
DuJuan Harris,LA,SFO,RB,Mon 10:20,0/0,0.0,0.0,0.0,0.0,0.0,0.0,0.2,1.8,0.0,0.0
Steven Jackson,@Ari,NWE,RB,Sun 8:30,0/0,0.0,0.0,0.0,0.0,0.0,0.0,0.0,0.0,0.0,0.0
Fred Jackson,Mia,SEA,RB,Sun 4:05,0/0,0.0,0.0,0.0,0.0,0.0,0.0,0.0,0.0,0.0,0.0
Marshawn Lynch,Mia,SEA,RB,Sun 4:05,0/0,0.0,0.0,0.0,0.0,0.0,0.0,0.0,0.0,0.0,0.0
Ahmad Bradshaw,Det,IND,RB,Sun 4:25,0/0,0.0,0.0,0.0,0.0,0.0,0.0,0.0,0.0,0.0,0.0
Pierre Thomas,Pit,WAS,RB,Mon 7:10,0/0,0.0,0.0,0.0,0.0,0.0,0.0,0.0,0.0,0.0,0.0
Darren McFadden*,NYG,DAL,RB,Sun 4:25,0/0,0.0,0.0,0.0,0.0,0.0,0.0,0.0,0.0,0.0,0.0
Ray Rice,** BYE **,FA,RB,0/0,0,0.0,0.0,0.0,0.0,0.0,0.0,0.0,0.0,,
Jamaal Charles,SD,KAN,RB,Sun 1:00,0/0,0.0,0.0,0.0,0.0,0.0,0.0,0.0,0.0,0.0,0.0
Jerome Felton,@Bal,BUF,RB,Sun 1:00,0/0,0.0,0.0,0.0,0.0,0.0,0.0,0.0,0.0,0.0,0.0
Marcel Reece,@NO,OAK,RB,Sun 1:00,0/0,0.0,0.0,0.0,0.0,0.0,0.0,0.0,0.0,0.0,0.0
Donald Brown,@Ari,NWE,RB,Sun 8:30,0/0,0.0,0.0,0.0,0.0,0.0,0.0,0.0,0.0,0.0,0.0
Jorvorskie Lane,@Atl,TAM,RB,Sun 1:00,0/0,0.0,0.0,0.0,0.0,0.0,0.0,0.0,0.0,0.0,0.0
Knowshon Moreno,** BYE **,FA,RB,0/0,0,0.0,0.0,0.0,0.0,0.0,0.0,0.0,0.0,,
Cedric Peerman*,@NYJ,CIN,RB,Sun 1:00,0/0,0.0,0.0,0.0,0.0,0.0,0.0,0.0,0.0,0.0,0.0
Marcus Thigpen,@Bal,BUF,RB,Sun 1:00,0/0,0.0,0.0,0.0,0.0,0.0,0.0,0.0,0.0,0.0,0.0
Darrel Young,@Hou,CHI,RB,Sun 1:00,0/0,0.0,0.0,0.0,0.0,0.0,0.0,0.0,0.0,0.0,0.0
Antone Smith,Cin,NYJ,RB,Sun 1:00,0/0,0.0,0.0,0.0,0.0,0.0,0.0,0.0,0.0,0.0,0.0
Dexter McCluster,Min,TEN,RB,Sun 1:00,0/0,0.0,0.0,0.0,0.0,0.0,0.0,0.0,0.0,0.0,0.0
Ben Tate,@Wsh,PIT,RB,Mon 7:10,0/0,0.0,0.0,0.0,0.0,0.0,0.0,0.0,0.0,0.0,0.0
Toby Gerhart,GB,JAC,RB,Sun 1:00,0/0,0.0,0.0,0.0,0.0,0.0,0.0,0.0,0.0,0.0,0.0
Boobie Dixon,@Bal,BUF,RB,Sun 1:00,0/0,0.0,0.0,0.0,0.0,0.0,0.0,0.0,0.0,0.0,0.0
Joique Bell,@Ind,DET,RB,Sun 4:25,0/0,0.0,0.0,0.0,0.0,0.0,0.0,0.0,0.0,0.0,0.0
Tyler Clutts,NYG,DAL,RB,Sun 4:25,0/0,0.0,0.0,0.0,0.0,0.0,0.0,0.0,0.0,0.0,0.0
Stevan Ridley,Det,IND,RB,Sun 4:25,0/0,0.0,0.0,0.0,0.0,0.0,0.0,0.0,0.0,0.0,0.0
Ryan Williams,NYG,DAL,RB,Sun 4:25,0/0,0.0,0.0,0.0,0.0,0.0,0.0,0.0,0.0,0.0,0.0
Daniel Thomas,@Sea,MIA,RB,Sun 4:05,0/0,0.0,0.0,0.0,0.0,0.0,0.0,0.0,0.0,0.0,0.0
Kendall Hunter,Oak,NOR,RB,Sun 1:00,0/0,0.0,0.0,0.0,0.0,0.0,0.0,0.0,0.0,0.0,0.0
Roy Helu Jr.*,@NO,OAK,RB,Sun 1:00,0/0,0.0,0.0,0.0,0.0,0.0,0.0,0.0,0.0,0.0,0.0
Jacquizz Rodgers,@Hou,CHI,RB,Sun 1:00,0/0,0.0,0.0,0.0,0.0,0.0,0.0,0.0,0.0,0.0,0.0
Dion Lewis*,@Ari,NWE,RB,Sun 8:30,0/0,0.0,0.0,0.0,0.0,0.0,0.0,0.0,0.0,0.0,0.0
Will Johnson*,@Dal,NYG,RB,Sun 4:25,0/0,0.0,0.0,0.0,0.0,0.0,0.0,0.0,0.0,0.0,0.0
Trent Richardson,Buf,BAL,RB,Sun 1:00,0/0,0.0,0.0,0.0,0.0,0.0,0.0,0.0,0.0,0.0,0.0
Chris Polk,Chi,HOU,RB,Sun 1:00,0/0,0.0,0.0,0.0,0.0,0.0,0.0,0.0,0.0,0.0,0.0
LaMike James,@Sea,MIA,RB,Sun 4:05,0/0,0.0,0.0,0.0,0.0,0.0,0.0,0.0,0.0,0.0,0.0
Bernard Pierce,Cin,NYJ,RB,Sun 1:00,0/0,0.0,0.0,0.0,0.0,0.0,0.0,0.0,0.0,0.0,0.0
Ronnie Hillman,Car,DEN,RB,Thu 8:30,0/0,0.0,0.0,0.0,0.0,0.0,0.0,0.0,0.0,0.0,0.0
Cyrus Gray,TB,ATL,RB,Sun 1:00,0/0,0.0,0.0,0.0,0.0,0.0,0.0,0.0,0.0,0.0,0.0
Vick Ballard,Oak,NOR,RB,Sun 1:00,0/0,0.0,0.0,0.0,0.0,0.0,0.0,0.0,0.0,0.0,0.0
Daniel Herron,@Bal,BUF,RB,Sun 1:00,0/0,0.0,0.0,0.0,0.0,0.0,0.0,0.0,0.0,0.0,0.0
Bryce Brown,Mia,SEA,RB,Sun 4:05,0/0,0.0,0.0,0.0,0.0,0.0,0.0,0.0,0.0,0.0,0.0
Joe Banyard,GB,JAC,RB,Sun 1:00,0/0,0.0,0.0,0.0,0.0,0.0,0.0,0.0,0.0,0.0,0.0
Derrick Coleman,Mia,SEA,RB,Sun 4:05,0/0,0.0,0.0,0.0,0.0,0.0,0.0,0.0,0.0,0.0,0.0
Jonas Gray,GB,JAC,RB,Sun 1:00,0/0,0.0,0.0,0.0,0.0,0.0,0.0,0.0,0.0,0.0,0.0
Travaris Cadet,Oak,NOR,RB,Sun 1:00,0/0,0.0,0.0,0.0,0.0,0.0,0.0,0.0,0.0,0.0,0.0
Montee Ball,** BYE **,FA,RB,0/0,0,0.0,0.0,0.0,0.0,0.0,0.0,0.0,0.0,,
Le'Veon Bell,@Wsh,PIT,RB,Mon 7:10,0/0,0.0,0.0,0.0,0.0,0.0,0.0,0.0,0.0,0.0,0.0
Mike James,@Atl,TAM,RB,Sun 1:00,0/0,0.0,0.0,0.0,0.0,0.0,0.0,0.0,0.0,0.0,0.0
Tommy Bohanon,Cin,NYJ,RB,Sun 1:00,0/0,0.0,0.0,0.0,0.0,0.0,0.0,0.0,0.0,0.0,0.0
Zac Stacy,Cin,NYJ,RB,Sun 1:00,0/0,0.0,0.0,0.0,0.0,0.0,0.0,0.0,0.0,0.0,0.0
Joseph Randle,** BYE **,FA,RB,0/0,0,0.0,0.0,0.0,0.0,0.0,0.0,0.0,0.0,,
Kerwynn Williams,NE,ARI,RB,Sun 8:30,0/0,0.0,0.0,0.0,0.0,0.0,0.0,0.0,0.0,0.0,0.0
Kendall Gaskins,LA,SFO,RB,Mon 10:20,0/0,0.0,0.0,0.0,0.0,0.0,0.0,0.0,0.0,0.0,0.0
Steven Miller,@Ind,DET,RB,Sun 4:25,0/0,0.0,0.0,0.0,0.0,0.0,0.0,0.0,0.0,0.0,0.0
George Winn,@Ind,DET,RB,Sun 4:25,0/0,0.0,0.0,0.0,0.0,0.0,0.0,0.0,0.0,0.0,0.0
Khiry Robinson,Cin,NYJ,RB,Sun 1:00,0/0,0.0,0.0,0.0,0.0,0.0,0.0,0.0,0.0,0.0,0.0
Dri Archer,@Bal,BUF,RB,Sun 1:00,0/0,0.0,0.0,0.0,0.0,0.0,0.0,0.0,0.0,0.0,0.0
Tre Mason*,@SF,LAR,RB,Mon 10:20,0/0,0.0,0.0,0.0,0.0,0.0,0.0,0.0,0.0,0.0,0.0
Bishop Sankey,Min,TEN,RB,Sun 1:00,0/0,0.0,0.0,0.0,0.0,0.0,0.0,0.0,0.0,0.0,0.0
Tyler Gaffney*,@Ari,NWE,RB,Sun 8:30,0/0,0.0,0.0,0.0,0.0,0.0,0.0,0.0,0.0,0.0,0.0
Storm Johnson,@Atl,TAM,RB,Sun 1:00,0/0,0.0,0.0,0.0,0.0,0.0,0.0,0.0,0.0,0.0,0.0
Lache Seastrunk,Cin,NYJ,RB,Sun 1:00,0/0,0.0,0.0,0.0,0.0,0.0,0.0,0.0,0.0,0.0,0.0
Lorenzo Taliaferro*,Buf,BAL,RB,Sun 1:00,0/0,0.0,0.0,0.0,0.0,0.0,0.0,0.0,0.0,0.0,0.0
Marion Grice,NE,ARI,RB,Sun 8:30,0/0,0.0,0.0,0.0,0.0,0.0,0.0,0.0,0.0,0.0,0.0
Juwan Thompson,Car,DEN,RB,Thu 8:30,0/0,0.0,0.0,0.0,0.0,0.0,0.0,0.0,0.0,0.0,0.0
Branden Oliver*,@KC,SDG,RB,Sun 1:00,0/0,0.0,0.0,0.0,0.0,0.0,0.0,0.0,0.0,0.0,0.0
Darrin Reaves,SD,KAN,RB,Sun 1:00,0/0,0.0,0.0,0.0,0.0,0.0,0.0,0.0,0.0,0.0,0.0
Silas Redd,Pit,WAS,RB,Mon 7:10,0/0,0.0,0.0,0.0,0.0,0.0,0.0,0.0,0.0,0.0,0.0
Trey Watts,@SF,LAR,RB,Mon 10:20,0/0,0.0,0.0,0.0,0.0,0.0,0.0,0.0,0.0,0.0,0.0
Austin Johnson,Oak,NOR,RB,Sun 1:00,0/0,0.0,0.0,0.0,0.0,0.0,0.0,0.0,0.0,0.0,0.0
Senorise Perry,@Hou,CHI,RB,Sun 1:00,0/0,0.0,0.0,0.0,0.0,0.0,0.0,0.0,0.0,0.0,0.0
Glenn Winston*,@Phi,CLE,RB,Sun 1:00,0/0,0.0,0.0,0.0,0.0,0.0,0.0,0.0,0.0,0.0,0.0
Joey Iosefa,@Ari,NWE,RB,Sun 8:30,0/0,0.0,0.0,0.0,0.0,0.0,0.0,0.0,0.0,0.0,0.0
David Cobb,Min,TEN,RB,Sun 1:00,0/0,0.0,0.0,0.0,0.0,0.0,0.0,0.0,0.0,0.0,0.0
Karlos Williams,@Bal,BUF,RB,Sun 1:00,0/0,0.0,0.0,0.0,0.0,0.0,0.0,0.0,0.0,0.0,0.0
Kenny Hilliard,Chi,HOU,RB,Sun 1:00,0/0,0.0,0.0,0.0,0.0,0.0,0.0,0.0,0.0,0.0,0.0
Josh Robinson,Det,IND,RB,Sun 4:25,0/0,0.0,0.0,0.0,0.0,0.0,0.0,0.0,0.0,0.0,0.0
Tyler Varga,Det,IND,RB,Sun 4:25,0/0,0.0,0.0,0.0,0.0,0.0,0.0,0.0,0.0,0.0,0.0
Michael Dyer,@NO,OAK,RB,Sun 1:00,0/0,0.0,0.0,0.0,0.0,0.0,0.0,0.0,0.0,0.0,0.0
John Crockett*,@Jax,GNB,RB,Sun 1:00,0/0,0.0,0.0,0.0,0.0,0.0,0.0,0.0,0.0,0.0,0.0
Terrence Magee,@SF,LAR,RB,Mon 10:20,0/0,0.0,0.0,0.0,0.0,0.0,0.0,0.0,0.0,0.0,0.0
Gus Johnson,@KC,SDG,RB,Sun 1:00,0/0,0.0,0.0,0.0,0.0,0.0,0.0,0.0,0.0,0.0,0.0
Jarryd Hayne,LA,SFO,RB,Mon 10:20,0/0,0.0,0.0,0.0,0.0,0.0,0.0,0.0,0.0,0.0,0.0
Brandon Wegher,@Den,CAR,RB,Thu 8:30,0/0,0.0,0.0,0.0,0.0,0.0,0.0,0.0,0.0,0.0,0.0
Alonzo Harris,@Jax,GNB,RB,Sun 1:00,0/0,0.0,0.0,0.0,0.0,0.0,0.0,0.0,0.0,0.0,0.0
Nikita Whitlock*,@Dal,NYG,RB,Sun 4:25,0/0,0.0,0.0,0.0,0.0,0.0,0.0,0.0,0.0,0.0,0.0
Raheem Mostert,@Phi,CLE,RB,Sun 1:00,0/0,0.0,0.0,0.0,0.0,0.0,0.0,0.0,0.0,0.0,0.0
Rod Smith,NYG,DAL,RB,Sun 4:25,0/0,0.0,0.0,0.0,0.0,0.0,0.0,0.0,0.0,0.0,0.0
Trey Williams,Det,IND,RB,Sun 4:25,0/0,0.0,0.0,0.0,0.0,0.0,0.0,0.0,0.0,0.0,0.0
Akeem Hunt,Chi,HOU,RB,Sun 1:00,0/0,0.0,0.0,0.0,0.0,0.0,0.0,0.0,0.0,0.0,0.0
Kenneth Dixon*,Buf,BAL,RB,Sun 1:00,0/0,0.0,0.0,0.0,0.0,0.0,0.0,0.0,0.0,0.0,0.0
Kelvin Taylor,LA,SFO,RB,Mon 10:20,0/0,0.0,0.0,0.0,0.0,0.0,0.0,0.0,0.0,0.0,0.0
Keith Marshall*,Pit,WAS,RB,Mon 7:10,0/0,0.0,0.0,0.0,0.0,0.0,0.0,0.0,0.0,0.0,0.0
Zac Brooks,Mia,SEA,RB,Sun 4:05,0/0,0.0,0.0,0.0,0.0,0.0,0.0,0.0,0.0,0.0,0.0
Terrell Watson,@Phi,CLE,RB,Sun 1:00,0/0,0.0,0.0,0.0,0.0,0.0,0.0,0.0,0.0,0.0,0.0
Brandon Wilds,TB,ATL,RB,Sun 1:00,0/0,0.0,0.0,0.0,0.0,0.0,0.0,0.0,0.0,0.0,0.0
Byron Marshall,Cle,PHI,RB,Sun 1:00,0/0,0.0,0.0,0.0,0.0,0.0,0.0,0.0,0.0,0.0,0.0
James Wilder Jr.,@Bal,BUF,RB,Sun 1:00,0/0,0.0,0.0,0.0,0.0,0.0,0.0,0.0,0.0,0.0,0.0
Dreamius Smith,@KC,SDG,RB,Sun 1:00,0/0,0.0,0.0,0.0,0.0,0.0,0.0,0.0,0.0,0.0,0.0
Devon Johnson*,@Den,CAR,RB,Thu 8:30,0/0,0.0,0.0,0.0,0.0,0.0,0.0,0.0,0.0,0.0,0.0
Antonio Brown,@Wsh,PIT,WR,Mon 7:10,0/0,0.0,0.0,0.0,0.2,1.5,0.0,8.8,118.4,0.6,14.9
Odell Beckham Jr.,@Dal,NYG,WR,Sun 4:25,0/0,0.0,0.0,0.0,0.0,0.0,0.0,6.7,100.8,0.6,13.6
Julio Jones,TB,ATL,WR,Sun 1:00,0/0,0.0,0.0,0.0,0.0,0.0,0.0,7.7,109.5,0.5,12.9
DeAndre Hopkins,Chi,HOU,WR,Sun 1:00,0/0,0.0,0.0,0.0,0.0,0.0,0.0,6.0,87.4,0.5,11.0
Allen Robinson,GB,JAC,WR,Sun 1:00,0/0,0.0,0.0,0.0,0.0,0.0,0.0,5.3,82.6,0.5,11.0
Dez Bryant,NYG,DAL,WR,Sun 4:25,0/0,0.0,0.0,0.0,0.0,0.0,0.0,5.1,72.2,0.6,10.6
Sammy Watkins,@Bal,BUF,WR,Sun 1:00,0/0,0.0,0.0,0.0,0.1,0.9,0.0,4.6,73.2,0.5,10.1
Amari Cooper,@NO,OAK,WR,Sun 1:00,0/0,0.0,0.0,0.0,0.2,1.5,0.0,5.6,79.2,0.5,10.1
A.J. Green,@NYJ,CIN,WR,Sun 1:00,0/0,0.0,0.0,0.0,0.0,0.0,0.0,5.5,78.1,0.5,10.0
Jordy Nelson,@Jax,GNB,WR,Sun 1:00,0/0,0.0,0.0,0.0,0.0,0.0,0.0,4.7,72.5,0.5,9.9
Brandon Marshall,Cin,NYJ,WR,Sun 1:00,0/0,0.0,0.0,0.0,0.0,0.0,0.0,6.0,72.5,0.5,9.9
T.Y. Hilton,Det,IND,WR,Sun 4:25,0/0,0.0,0.0,0.0,0.1,0.8,0.0,4.7,74.8,0.5,9.8
Mike Evans,@Atl,TAM,WR,Sun 1:00,0/0,0.0,0.0,0.0,0.0,0.0,0.0,5.1,76.7,0.5,9.8
Alshon Jeffery,@Hou,CHI,WR,Sun 1:00,0/0,0.0,0.0,0.0,0.0,0.0,0.0,5.6,75.2,0.4,9.3
Donte Moncrief,Det,IND,WR,Sun 4:25,0/0,0.0,0.0,0.0,0.0,0.0,0.0,4.8,61.0,0.5,9.2
Keenan Allen,@KC,SDG,WR,Sun 1:00,0/0,0.0,0.0,0.0,0.0,0.0,0.0,6.9,75.7,0.3,9.1
DeSean Jackson,Pit,WAS,WR,Mon 7:10,0/0,0.0,0.0,0.0,0.0,0.0,0.0,3.9,70.3,0.3,9.1
Michael Crabtree,@NO,OAK,WR,Sun 1:00,0/0,0.0,0.0,0.0,0.0,0.0,0.0,4.9,61.1,0.5,9.0
Doug Baldwin,Mia,SEA,WR,Sun 4:05,0/0,0.0,0.0,0.0,0.0,0.0,0.0,4.5,60.9,0.5,9.0
Randall Cobb,@Jax,GNB,WR,Sun 1:00,0/0,0.0,0.0,0.0,1.0,4.5,0.0,5.3,64.6,0.5,9.0
Eric Decker,Cin,NYJ,WR,Sun 1:00,0/0,0.0,0.0,0.0,0.0,0.0,0.0,5.3,64.8,0.5,8.9
Brandin Cooks,Oak,NOR,WR,Sun 1:00,0/0,0.0,0.0,0.0,0.5,3.1,0.0,5.4,65.0,0.4,8.8
Larry Fitzgerald,NE,ARI,WR,Sun 8:30,0/0,0.0,0.0,0.0,0.0,0.0,0.0,5.7,64.9,0.5,8.7
Michael Floyd,NE,ARI,WR,Sun 8:30,0/0,0.0,0.0,0.0,0.0,0.0,0.0,4.1,64.5,0.4,8.7
John Brown,NE,ARI,WR,Sun 8:30,0/0,0.0,0.0,0.0,0.2,1.5,0.0,4.4,65.7,0.4,8.4
Demaryius Thomas,Car,DEN,WR,Thu 8:30,0/0,0.0,0.0,0.0,0.0,0.0,0.0,5.4,63.3,0.4,8.4
Marvin Jones,@Ind,DET,WR,Sun 4:25,0/0,0.0,0.0,0.0,0.0,0.0,0.0,4.7,68.7,0.4,8.3
Golden Tate,@Ind,DET,WR,Sun 4:25,0/0,0.0,0.0,0.0,0.4,2.9,0.0,5.6,68.7,0.3,8.2
Jordan Matthews,Cle,PHI,WR,Sun 1:00,0/0,0.0,0.0,0.0,0.0,0.0,0.0,4.6,60.1,0.4,8.2
Jeremy Maclin,SD,KAN,WR,Sun 1:00,0/0,0.0,0.0,0.0,0.3,1.7,0.0,4.8,67.8,0.3,8.0
Jarvis Landry,@Sea,MIA,WR,Sun 4:05,0/0,0.0,0.0,0.0,0.8,2.8,0.0,7.2,65.2,0.3,7.9
Tyler Lockett,Mia,SEA,WR,Sun 4:05,0/0,0.0,0.0,0.0,0.3,2.0,0.0,3.3,50.4,0.4,7.9
Emmanuel Sanders,Car,DEN,WR,Thu 8:30,0/0,0.0,0.0,0.0,0.3,1.6,0.0,4.8,61.4,0.3,7.7
Pierre Garcon,Pit,WAS,WR,Mon 7:10,0/0,0.0,0.0,0.0,0.0,0.0,0.0,4.4,53.1,0.4,7.3
Julian Edelman,@Ari,NWE,WR,Sun 8:30,0/0,0.0,0.0,0.0,0.5,2.9,0.0,5.2,54.8,0.3,7.1
Sterling Shepard,@Dal,NYG,WR,Sun 4:25,0/0,0.0,0.0,0.0,0.0,0.0,0.0,4.5,56.9,0.3,6.9
Vincent Jackson,@Atl,TAM,WR,Sun 1:00,0/0,0.0,0.0,0.0,0.0,0.0,0.0,3.3,51.5,0.3,6.8
Tavon Austin,@SF,LAR,WR,Mon 10:20,0/0,0.0,0.0,0.0,3.2,16.5,0.1,4.2,44.2,0.2,6.8
Willie Snead,Oak,NOR,WR,Sun 1:00,0/0,0.0,0.0,0.0,0.0,0.0,0.0,4.2,53.0,0.3,6.7
Torrey Smith,LA,SFO,WR,Mon 10:20,0/0,0.0,0.0,0.0,0.0,0.0,0.0,3.4,56.5,0.3,6.7
Steve Smith Sr.,Buf,BAL,WR,Sun 1:00,0/0,0.0,0.0,0.0,0.0,0.0,0.0,3.7,50.2,0.3,6.6
Corey Coleman,@Phi,CLE,WR,Sun 1:00,0/0,0.0,0.0,0.0,0.2,1.5,0.0,4.4,55.6,0.2,6.6
Stefon Diggs,@Ten,MIN,WR,Sun 1:00,0/0,0.0,0.0,0.0,0.3,1.8,0.0,4.2,55.0,0.3,6.6
Michael Thomas,Oak,NOR,WR,Sun 1:00,0/0,0.0,0.0,0.0,0.0,0.0,0.0,3.6,47.5,0.4,6.4
Kenny Britt,@SF,LAR,WR,Mon 10:20,0/0,0.0,0.0,0.0,0.0,0.0,0.0,2.9,50.3,0.2,6.3
Kelvin Benjamin,@Den,CAR,WR,Thu 8:30,0/0,0.0,0.0,0.0,0.0,0.0,0.0,3.5,42.7,0.4,6.3
Kenny Stills,@Sea,MIA,WR,Sun 4:05,0/0,0.0,0.0,0.0,0.0,0.0,0.0,3.8,52.2,0.2,6.2
Phillip Dorsett,Det,IND,WR,Sun 4:25,0/0,0.0,0.0,0.0,0.4,2.3,0.0,3.1,40.8,0.3,6.1
Mike Wallace,Buf,BAL,WR,Sun 1:00,0/0,0.0,0.0,0.0,0.1,0.8,0.0,3.4,42.7,0.3,6.0
Mohamed Sanu,TB,ATL,WR,Sun 1:00,0/0,0.0,0.0,0.0,0.4,2.4,0.0,4.0,48.2,0.3,6.0
Will Fuller,Chi,HOU,WR,Sun 1:00,0/0,0.0,0.0,0.0,0.1,0.9,0.0,3.1,49.3,0.3,6.0
Allen Hurns,GB,JAC,WR,Sun 1:00,0/0,0.0,0.0,0.0,0.0,0.0,0.0,3.5,47.9,0.3,5.8
Terrance Williams,NYG,DAL,WR,Sun 4:25,0/0,0.0,0.0,0.0,0.0,0.0,0.0,2.6,42.2,0.3,5.7
Markus Wheaton,@Wsh,PIT,WR,Mon 7:10,0/0,0.0,0.0,0.0,0.0,0.0,0.0,3.6,49.9,0.3,5.7
Chris Conley,SD,KAN,WR,Sun 1:00,0/0,0.0,0.0,0.0,0.0,0.0,0.0,3.5,41.3,0.3,5.7
Terrelle Pryor,@Phi,CLE,WR,Sun 1:00,0/0,0.0,0.0,0.0,0.2,1.5,0.0,3.3,46.3,0.3,5.6
Travis Benjamin,@KC,SDG,WR,Sun 1:00,0/0,0.0,0.0,0.0,0.0,0.0,0.0,3.4,49.1,0.2,5.5
Kevin White,@Hou,CHI,WR,Sun 1:00,0/0,0.0,0.0,0.0,0.0,0.0,0.0,3.7,49.6,0.2,5.5
Eli Rogers,@Wsh,PIT,WR,Mon 7:10,0/0,0.0,0.0,0.0,0.0,0.0,0.0,3.9,42.8,0.2,5.4
Anquan Boldin,@Ind,DET,WR,Sun 4:25,0/0,0.0,0.0,0.0,0.0,0.0,0.0,3.4,46.7,0.2,5.4
Tajae Sharpe,Min,TEN,WR,Sun 1:00,0/0,0.0,0.0,0.0,0.0,0.0,0.0,3.4,41.7,0.2,5.1
Jermaine Kearse,Mia,SEA,WR,Sun 4:05,0/0,0.0,0.0,0.0,0.0,0.0,0.0,2.2,32.6,0.3,4.9
Devin Funchess,@Den,CAR,WR,Thu 8:30,0/0,0.0,0.0,0.0,0.0,0.0,0.0,3.1,38.5,0.3,4.9
Chris Hogan,@Ari,NWE,WR,Sun 8:30,0/0,0.0,0.0,0.0,0.1,0.7,0.0,3.4,37.6,0.3,4.6
Kamar Aiken,Buf,BAL,WR,Sun 1:00,0/0,0.0,0.0,0.0,0.0,0.0,0.0,3.2,38.0,0.3,4.5
Robert Woods,@Bal,BUF,WR,Sun 1:00,0/0,0.0,0.0,0.0,0.1,0.9,0.0,2.9,34.8,0.2,4.5
Jamison Crowder,Pit,WAS,WR,Mon 7:10,0/0,0.0,0.0,0.0,0.1,0.7,0.0,3.6,34.5,0.2,4.5
Tyler Boyd,@NYJ,CIN,WR,Sun 1:00,0/0,0.0,0.0,0.0,0.5,3.1,0.0,2.8,35.6,0.2,4.4
Ted Ginn Jr.,@Den,CAR,WR,Thu 8:30,0/0,0.0,0.0,0.0,0.3,1.7,0.0,2.3,31.5,0.2,4.3
Charles Johnson,@Ten,MIN,WR,Sun 1:00,0/0,0.0,0.0,0.0,0.0,0.0,0.0,2.5,37.4,0.2,4.2
Victor Cruz,@Dal,NYG,WR,Sun 4:25,0/0,0.0,0.0,0.0,0.0,0.0,0.0,2.4,34.1,0.2,4.2
Quinton Patton,LA,SFO,WR,Mon 10:20,0/0,0.0,0.0,0.0,0.0,0.0,0.0,3.1,34.3,0.2,4.1
Rishard Matthews,Min,TEN,WR,Sun 1:00,0/0,0.0,0.0,0.0,0.0,0.0,0.0,3.1,38.4,0.2,4.1
Braxton Miller,Chi,HOU,WR,Sun 1:00,0/0,0.0,0.0,0.0,0.6,3.6,0.0,2.9,32.1,0.2,4.1
Brandon LaFell,@NYJ,CIN,WR,Sun 1:00,0/0,0.0,0.0,0.0,0.0,0.0,0.0,2.4,30.9,0.2,4.1
Andrew Hawkins,@Phi,CLE,WR,Sun 1:00,0/0,0.0,0.0,0.0,0.1,0.8,0.0,2.8,31.8,0.1,3.7
Davante Adams,@Jax,GNB,WR,Sun 1:00,0/0,0.0,0.0,0.0,0.0,0.0,0.0,2.3,27.2,0.2,3.4
Seth Roberts,@NO,OAK,WR,Sun 1:00,0/0,0.0,0.0,0.0,0.0,0.0,0.0,2.3,29.4,0.2,3.4
Quincy Enunwa,Cin,NYJ,WR,Sun 1:00,0/0,0.0,0.0,0.0,0.0,0.0,0.0,2.1,23.6,0.2,3.2
Jaelen Strong,Chi,HOU,WR,Sun 1:00,0/0,0.0,0.0,0.0,0.0,0.0,0.0,1.9,24.0,0.2,3.1
Dorial Green-Beckham,Cle,PHI,WR,Sun 1:00,0/0,0.0,0.0,0.0,0.0,0.0,0.0,1.6,25.6,0.2,3.1
Marqise Lee,GB,JAC,WR,Sun 1:00,0/0,0.0,0.0,0.0,0.4,2.8,0.0,2.1,22.6,0.2,3.0
Andre Johnson,Min,TEN,WR,Sun 1:00,0/0,0.0,0.0,0.0,0.0,0.0,0.0,2.3,28.6,0.2,3.0
Cole Beasley,NYG,DAL,WR,Sun 4:25,0/0,0.0,0.0,0.0,0.0,0.0,0.0,3.0,29.4,0.2,3.0
Tyrell Williams,@KC,SDG,WR,Sun 1:00,0/0,0.0,0.0,0.0,0.0,0.0,0.0,2.2,27.2,0.2,3.0
Sammie Coates,@Wsh,PIT,WR,Mon 7:10,0/0,0.0,0.0,0.0,0.0,0.0,0.0,1.7,21.9,0.1,2.9
Albert Wilson,SD,KAN,WR,Sun 1:00,0/0,0.0,0.0,0.0,0.3,1.7,0.0,1.9,24.3,0.1,2.8
Nelson Agholor,Cle,PHI,WR,Sun 1:00,0/0,0.0,0.0,0.0,0.0,0.0,0.0,1.7,22.8,0.1,2.8
J.J. Nelson,NE,ARI,WR,Sun 8:30,0/0,0.0,0.0,0.0,0.1,0.7,0.0,1.2,21.8,0.1,2.8
Rod Streater,LA,SFO,WR,Mon 10:20,0/0,0.0,0.0,0.0,0.0,0.0,0.0,1.9,25.7,0.1,2.8
Eddie Royal,@Hou,CHI,WR,Sun 1:00,0/0,0.0,0.0,0.0,0.1,0.8,0.0,2.4,23.2,0.1,2.7
Leonte Carroo,@Sea,MIA,WR,Sun 4:05,0/0,0.0,0.0,0.0,0.0,0.0,0.0,2.2,28.3,0.1,2.7
Bradley Marquez,@SF,LAR,WR,Mon 10:20,0/0,0.0,0.0,0.0,0.0,0.0,0.0,2.0,23.2,0.1,2.6
Laquon Treadwell,@Ten,MIN,WR,Sun 1:00,0/0,0.0,0.0,0.0,0.0,0.0,0.0,1.5,21.8,0.1,2.6
Adam Humphries,@Atl,TAM,WR,Sun 1:00,0/0,0.0,0.0,0.0,0.0,0.0,0.0,1.9,17.6,0.1,1.9
Paul Richardson,Mia,SEA,WR,Sun 4:05,0/0,0.0,0.0,0.0,0.0,0.0,0.0,1.1,14.0,0.1,1.8
Rashad Greene,GB,JAC,WR,Sun 1:00,0/0,0.0,0.0,0.0,0.0,0.0,0.0,1.2,10.3,0.1,1.8
Quan Bray,Det,IND,WR,Sun 4:25,0/0,0.0,0.0,0.0,0.0,0.0,0.0,0.8,10.7,0.1,1.7
Jared Abbrederis,@Jax,GNB,WR,Sun 1:00,0/0,0.0,0.0,0.0,0.0,0.0,0.0,1.0,12.9,0.1,1.7
Jordan Norwood,Car,DEN,WR,Thu 8:30,0/0,0.0,0.0,0.0,0.0,0.0,0.0,1.2,14.2,0.1,1.7
Ryan Grant,Pit,WAS,WR,Mon 7:10,0/0,0.0,0.0,0.0,0.0,0.0,0.0,1.1,14.5,0.1,1.6
Adam Thielen,@Ten,MIN,WR,Sun 1:00,0/0,0.0,0.0,0.0,0.1,0.9,0.0,1.4,18.5,0.1,1.6
Harry Douglas,Min,TEN,WR,Sun 1:00,0/0,0.0,0.0,0.0,0.0,0.0,0.0,1.2,15.3,0.1,1.6
Breshad Perriman,Buf,BAL,WR,Sun 1:00,0/0,0.0,0.0,0.0,0.0,0.0,0.0,1.0,14.3,0.1,1.6
Jeremy Kerley,LA,SFO,WR,Mon 10:20,0/0,0.0,0.0,0.0,0.0,0.0,0.0,1.7,19.3,0.1,1.6
Jakeem Grant,@Sea,MIA,WR,Sun 4:05,0/0,0.0,0.0,0.0,0.0,0.0,0.0,1.3,15.0,0.1,1.6
Marquise Goodwin,@Bal,BUF,WR,Sun 1:00,0/0,0.0,0.0,0.0,0.0,0.0,0.0,0.9,15.0,0.1,1.6
Justin Hardy,TB,ATL,WR,Sun 1:00,0/0,0.0,0.0,0.0,0.0,0.0,0.0,1.4,14.0,0.1,1.6
Josh Huff,Cle,PHI,WR,Sun 1:00,0/0,0.0,0.0,0.0,0.0,0.0,0.0,1.0,11.2,0.1,1.6
Brian Quick,@SF,LAR,WR,Mon 10:20,0/0,0.0,0.0,0.0,0.0,0.0,0.0,1.1,16.6,0.1,1.5
Malcolm Mitchell,@Ari,NWE,WR,Sun 8:30,0/0,0.0,0.0,0.0,0.0,0.0,0.0,1.1,13.5,0.1,1.5
Rashard Higgins,@Phi,CLE,WR,Sun 1:00,0/0,0.0,0.0,0.0,0.0,0.0,0.0,1.1,14.7,0.1,1.5
Dontrelle Inman,@KC,SDG,WR,Sun 1:00,0/0,0.0,0.0,0.0,0.0,0.0,0.0,0.9,11.3,0.1,1.4
Aaron Burbridge,LA,SFO,WR,Mon 10:20,0/0,0.0,0.0,0.0,0.0,0.0,0.0,1.0,12.7,0.1,1.4
Lucky Whitehead,NYG,DAL,WR,Sun 4:25,0/0,0.0,0.0,0.0,1.1,4.7,0.0,0.4,4.9,0.0,0.5
Brice Butler,NYG,DAL,WR,Sun 4:25,0/0,0.0,0.0,0.0,0.0,0.0,0.0,0.8,9.9,0.1,0.5
Ty Montgomery,@Jax,GNB,WR,Sun 1:00,0/0,0.0,0.0,0.0,0.3,1.6,0.0,0.6,8.3,0.1,0.5
Tavarres King,@Dal,NYG,WR,Sun 4:25,0/0,0.0,0.0,0.0,0.0,0.0,0.0,0.7,9.1,0.1,0.4
Greg Salas,@Bal,BUF,WR,Sun 1:00,0/0,0.0,0.0,0.0,0.0,0.0,0.0,0.7,7.8,0.1,0.4
Cordarrelle Patterson,@Ten,MIN,WR,Sun 1:00,0/0,0.0,0.0,0.0,0.3,1.8,0.0,0.4,4.9,0.0,0.4
Danny Amendola,@Ari,NWE,WR,Sun 8:30,0/0,0.0,0.0,0.0,0.1,0.7,0.0,0.6,7.9,0.0,0.4
Corey Brown,@Den,CAR,WR,Thu 8:30,0/0,0.0,0.0,0.0,0.3,1.7,0.0,0.7,9.0,0.1,0.4
Dwayne Harris,@Dal,NYG,WR,Sun 4:25,0/0,0.0,0.0,0.0,0.1,0.8,0.0,0.2,3.0,0.0,0.3
Chris Moore,Buf,BAL,WR,Sun 1:00,0/0,0.0,0.0,0.0,0.0,0.0,0.0,0.6,7.5,0.0,0.3
Andre Roberts,@Ind,DET,WR,Sun 4:25,0/0,0.0,0.0,0.0,0.0,0.0,0.0,0.5,6.4,0.0,0.3
Jeff Janis,@Jax,GNB,WR,Sun 1:00,0/0,0.0,0.0,0.0,0.0,0.0,0.0,0.4,5.5,0.0,0.3
Jalin Marshall,Cin,NYJ,WR,Sun 1:00,0/0,0.0,0.0,0.0,0.0,0.0,0.0,0.2,2.3,0.0,0.3
Trevor Davis,@Jax,GNB,WR,Sun 1:00,0/0,0.0,0.0,0.0,0.0,0.0,0.0,0.4,5.5,0.0,0.3
Cody Latimer,Car,DEN,WR,Thu 8:30,0/0,0.0,0.0,0.0,0.1,0.8,0.0,0.8,7.9,0.0,0.3
Andre Holmes,@NO,OAK,WR,Sun 1:00,0/0,0.0,0.0,0.0,0.0,0.0,0.0,0.4,6.0,0.0,0.3
Taylor Gabriel,TB,ATL,WR,Sun 1:00,0/0,0.0,0.0,0.0,0.0,0.0,0.0,0.5,5.8,0.0,0.3
Tyreek Hill,SD,KAN,WR,Sun 1:00,0/0,0.0,0.0,0.0,0.0,0.0,0.0,0.2,2.5,0.0,0.3
Deonte Thompson,@Hou,CHI,WR,Sun 1:00,0/0,0.0,0.0,0.0,0.0,0.0,0.0,0.2,2.3,0.0,0.3
Darrius Heyward-Bey,@Wsh,PIT,WR,Mon 7:10,0/0,0.0,0.0,0.0,0.0,0.0,0.0,0.5,6.1,0.0,0.3
Rashad Ross,Pit,WAS,WR,Mon 7:10,0/0,0.0,0.0,0.0,0.0,0.0,0.0,0.2,2.9,0.0,0.2
Justin Hunter,@Sea,MIA,WR,Sun 4:05,0/0,0.0,0.0,0.0,0.0,0.0,0.0,0.7,7.5,0.0,0.2
Devin Hester,Buf,BAL,WR,Sun 1:00,0/0,0.0,0.0,0.0,0.0,0.0,0.0,0.0,0.0,0.0,0.2
Aldrick Robinson,TB,ATL,WR,Sun 1:00,0/0,0.0,0.0,0.0,0.0,0.0,0.0,0.5,5.8,0.0,0.2
De'Anthony Thomas,SD,KAN,WR,Sun 1:00,0/0,0.0,0.0,0.0,0.3,1.7,0.0,0.2,2.5,0.0,0.2
Alex Erickson,@NYJ,CIN,WR,Sun 1:00,0/0,0.0,0.0,0.0,0.0,0.0,0.0,0.1,1.1,0.0,0.2
Cecil Shorts III,@Atl,TAM,WR,Sun 1:00,0/0,0.0,0.0,0.0,0.0,0.0,0.0,0.4,4.9,0.0,0.2
Demarcus Robinson,SD,KAN,WR,Sun 1:00,0/0,0.0,0.0,0.0,0.0,0.0,0.0,0.4,5.0,0.0,0.2
Eric Weems,TB,ATL,WR,Sun 1:00,0/0,0.0,0.0,0.0,0.0,0.0,0.0,0.1,1.5,0.0,0.1
Jarius Wright,@Ten,MIN,WR,Sun 1:00,0/0,0.0,0.0,0.0,0.0,0.0,0.0,0.4,4.9,0.0,0.1
Walter Powell,@Bal,BUF,WR,Sun 1:00,0/0,0.0,0.0,0.0,0.0,0.0,0.0,0.2,3.1,0.0,0.1
Brandon Coleman,Oak,NOR,WR,Sun 1:00,0/0,0.0,0.0,0.0,0.0,0.0,0.0,0.2,3.1,0.0,0.1
Jaron Brown,NE,ARI,WR,Sun 8:30,0/0,0.0,0.0,0.0,0.0,0.0,0.0,0.2,2.8,0.0,0.1
Keith Mumphery,Chi,HOU,WR,Sun 1:00,0/0,0.0,0.0,0.0,0.0,0.0,0.0,0.2,2.6,0.0,0.1
Brandon Tate,@Bal,BUF,WR,Sun 1:00,0/0,0.0,0.0,0.0,0.0,0.0,0.0,0.0,0.0,0.0,0.1
Russell Shepard,@Atl,TAM,WR,Sun 1:00,0/0,0.0,0.0,0.0,0.0,0.0,0.0,0.1,1.2,0.0,0.1
Isaiah Burse,@KC,SDG,WR,Sun 1:00,0/0,0.0,0.0,0.0,0.0,0.0,0.0,0.1,1.4,0.0,0.1
James Wright,@NYJ,CIN,WR,Sun 1:00,0/0,0.0,0.0,0.0,0.0,0.0,0.0,0.2,2.3,0.0,0.1
Brenton Bersin,@Den,CAR,WR,Thu 8:30,0/0,0.0,0.0,0.0,0.0,0.0,0.0,0.2,2.0,0.0,0.1
Damiere Byrd,@Den,CAR,WR,Thu 8:30,0/0,0.0,0.0,0.0,0.0,0.0,0.0,0.2,2.0,0.0,0.1
Jordan Payton,@Phi,CLE,WR,Sun 1:00,0/0,0.0,0.0,0.0,0.0,0.0,0.0,0.2,2.5,0.0,0.1
Ricardo Louis,@Phi,CLE,WR,Sun 1:00,0/0,0.0,0.0,0.0,0.0,0.0,0.0,0.2,2.5,0.0,0.1
Marc Mariani,Min,TEN,WR,Sun 1:00,0/0,0.0,0.0,0.0,0.0,0.0,0.0,0.0,0.0,0.0,0.1
Joshua Bellamy,@Hou,CHI,WR,Sun 1:00,0/0,0.0,0.0,0.0,0.0,0.0,0.0,0.2,2.3,0.0,0.1
Cameron Meredith,@Hou,CHI,WR,Sun 1:00,0/0,0.0,0.0,0.0,0.0,0.0,0.0,0.2,2.3,0.0,0.1
Roger Lewis,@Dal,NYG,WR,Sun 4:25,0/0,0.0,0.0,0.0,0.0,0.0,0.0,0.1,1.5,0.0,0.1
Bryan Walters,GB,JAC,WR,Sun 1:00,0/0,0.0,0.0,0.0,0.0,0.0,0.0,0.1,1.2,0.0,0.0
Cody Core,@NYJ,CIN,WR,Sun 1:00,0/0,0.0,0.0,0.0,0.0,0.0,0.0,0.1,1.1,0.0,0.0
Kendall Wright*,Min,TEN,WR,Sun 1:00,0/0,0.0,0.0,0.0,0.3,1.8,0.0,0.0,0.0,0.0,0.0
Pharoh Cooper,@SF,LAR,WR,Mon 10:20,0/0,0.0,0.0,0.0,0.0,0.0,0.0,0.0,0.0,0.0,0.0
Michael Thomas,@SF,LAR,WR,Mon 10:20,0/0,0.0,0.0,0.0,0.0,0.0,0.0,0.0,0.0,0.0,0.0
Jerricho Cotchery,@Den,CAR,WR,Thu 8:30,0/0,0.0,0.0,0.0,0.0,0.0,0.0,0.0,0.0,0.0,0.0
Wes Welker,@SF,LAR,WR,Mon 10:20,0/0,0.0,0.0,0.0,0.0,0.0,0.0,0.0,0.0,0.0,0.0
Roddy White,TB,ATL,WR,Sun 1:00,0/0,0.0,0.0,0.0,0.0,0.0,0.0,0.0,0.0,0.0,0.0
Joshua Cribbs,Det,IND,WR,Sun 4:25,0/0,0.0,0.0,0.0,0.0,0.0,0.0,0.0,0.0,0.0,0.0
Nate Washington,@Ari,NWE,WR,Sun 8:30,0/0,0.0,0.0,0.0,0.0,0.0,0.0,0.0,0.0,0.0,0.0
Lance Moore,TB,ATL,WR,Sun 1:00,0/0,0.0,0.0,0.0,0.0,0.0,0.0,0.0,0.0,0.0,0.0
Greg Jennings,@Sea,MIA,WR,Sun 4:05,0/0,0.0,0.0,0.0,0.0,0.0,0.0,0.0,0.0,0.0,0.0
Derek Hagan,Min,TEN,WR,Sun 1:00,0/0,0.0,0.0,0.0,0.0,0.0,0.0,0.0,0.0,0.0,0.0
Jason Avant,SD,KAN,WR,Sun 1:00,0/0,0.0,0.0,0.0,0.0,0.0,0.0,0.0,0.0,0.0,0.0
Marques Colston,Oak,NOR,WR,Sun 1:00,0/0,0.0,0.0,0.0,0.0,0.0,0.0,0.0,0.0,0.0,0.0
Miles Austin,Cle,PHI,WR,Sun 1:00,0/0,0.0,0.0,0.0,0.0,0.0,0.0,0.0,0.0,0.0,0.0
Calvin Johnson,@Ind,DET,WR,Sun 4:25,0/0,0.0,0.0,0.0,0.0,0.0,0.0,0.0,0.0,0.0,0.0
Dwayne Bowe,@Phi,CLE,WR,Sun 1:00,0/0,0.0,0.0,0.0,0.0,0.0,0.0,0.0,0.0,0.0,0.0
Jacoby Jones,@Wsh,PIT,WR,Mon 7:10,0/0,0.0,0.0,0.0,0.0,0.0,0.0,0.0,0.0,0.0,0.0
James Jones,@KC,SDG,WR,Sun 1:00,0/0,0.0,0.0,0.0,0.0,0.0,0.0,0.0,0.0,0.0,0.0
Jerome Simpson,LA,SFO,WR,Mon 10:20,0/0,0.0,0.0,0.0,0.0,0.0,0.0,0.0,0.0,0.0,0.0
Andre Jerome Caldwell,@Ind,DET,WR,Sun 4:25,0/0,0.0,0.0,0.0,0.0,0.0,0.0,0.0,0.0,0.0,0.0
Matthew Slater,@Ari,NWE,WR,Sun 8:30,0/0,0.0,0.0,0.0,0.0,0.0,0.0,0.0,0.0,0.0,0.0
Stevie Johnson*,@KC,SDG,WR,Sun 1:00,0/0,0.0,0.0,0.0,0.0,0.0,0.0,0.0,0.0,0.0,0.0
Brandon Gibson,@Ari,NWE,WR,Sun 8:30,0/0,0.0,0.0,0.0,0.0,0.0,0.0,0.0,0.0,0.0,0.0
Brian Hartline,@Phi,CLE,WR,Sun 1:00,0/0,0.0,0.0,0.0,0.0,0.0,0.0,0.0,0.0,0.0,0.0
Percy Harvin,@Bal,BUF,WR,Sun 1:00,0/0,0.0,0.0,0.0,0.0,0.0,0.0,0.0,0.0,0.0,0.0
Louis Murphy*,@Atl,TAM,WR,Sun 1:00,0/0,0.0,0.0,0.0,0.0,0.0,0.0,0.0,0.0,0.0,0.0
Hakeem Nicks,Oak,NOR,WR,Sun 1:00,0/0,0.0,0.0,0.0,0.0,0.0,0.0,0.0,0.0,0.0,0.0
Kevin Ogletree,@Dal,NYG,WR,Sun 4:25,0/0,0.0,0.0,0.0,0.0,0.0,0.0,0.0,0.0,0.0,0.0
Arrelious Benn,GB,JAC,WR,Sun 1:00,0/0,0.0,0.0,0.0,0.0,0.0,0.0,0.0,0.0,0.0,0.0
Marcus Easley*,@Bal,BUF,WR,Sun 1:00,0/0,0.0,0.0,0.0,0.0,0.0,0.0,0.0,0.0,0.0,0.0
Riley Cooper,Cle,PHI,WR,Sun 1:00,0/0,0.0,0.0,0.0,0.0,0.0,0.0,0.0,0.0,0.0,0.0
Kyle Williams,Cin,NYJ,WR,Sun 1:00,0/0,0.0,0.0,0.0,0.0,0.0,0.0,0.0,0.0,0.0,0.0
Mike Williams,SD,KAN,WR,Sun 1:00,0/0,0.0,0.0,0.0,0.0,0.0,0.0,0.0,0.0,0.0,0.0
Seyi Ajirotutu,Cle,PHI,WR,Sun 1:00,0/0,0.0,0.0,0.0,0.0,0.0,0.0,0.0,0.0,0.0,0.0
Marlon Moore*,@Phi,CLE,WR,Sun 1:00,0/0,0.0,0.0,0.0,0.0,0.0,0.0,0.0,0.0,0.0,0.0
Preston Parker,** BYE **,FA,WR,0/0,0,0.0,0.0,0.0,0.0,0.0,0.0,0.0,0.0,,
Danario Alexander,@KC,SDG,WR,Sun 1:00,0/0,0.0,0.0,0.0,0.0,0.0,0.0,0.0,0.0,0.0,0.0
Leonard Hankerson,@Bal,BUF,WR,Sun 1:00,0/0,0.0,0.0,0.0,0.0,0.0,0.0,0.0,0.0,0.0,0.0
Greg Little,@Bal,BUF,WR,Sun 1:00,0/0,0.0,0.0,0.0,0.0,0.0,0.0,0.0,0.0,0.0,0.0
Vincent Brown,Oak,NOR,WR,Sun 1:00,0/0,0.0,0.0,0.0,0.0,0.0,0.0,0.0,0.0,0.0,0.0
Denarius Moore,@Bal,BUF,WR,Sun 1:00,0/0,0.0,0.0,0.0,0.0,0.0,0.0,0.0,0.0,0.0,0.0
Ricardo Lockette,Mia,SEA,WR,Sun 4:05,0/0,0.0,0.0,0.0,0.0,0.0,0.0,0.0,0.0,0.0,0.0
Joe Morgan,Buf,BAL,WR,Sun 1:00,0/0,0.0,0.0,0.0,0.0,0.0,0.0,0.0,0.0,0.0,0.0
Jeremy Ross,Cin,NYJ,WR,Sun 1:00,0/0,0.0,0.0,0.0,0.0,0.0,0.0,0.0,0.0,0.0,0.0
Justin Blackmon,GB,JAC,WR,Sun 1:00,0/0,0.0,0.0,0.0,0.0,0.0,0.0,0.0,0.0,0.0,0.0
Stephen Hill,@Den,CAR,WR,Thu 8:30,0/0,0.0,0.0,0.0,0.0,0.0,0.0,0.0,0.0,0.0,0.0
Rueben Randle,Cle,PHI,WR,Sun 1:00,0/0,0.0,0.0,0.0,0.0,0.0,0.0,0.0,0.0,0.0,0.0
Keshawn Martin,@Ari,NWE,WR,Sun 8:30,0/0,0.0,0.0,0.0,0.0,0.0,0.0,0.0,0.0,0.0,0.0
T.J. Graham,Cle,PHI,WR,Sun 1:00,0/0,0.0,0.0,0.0,0.0,0.0,0.0,0.0,0.0,0.0,0.0
Nick Toon,@SF,LAR,WR,Mon 10:20,0/0,0.0,0.0,0.0,0.0,0.0,0.0,0.0,0.0,0.0,0.0
DeVier Posey,Car,DEN,WR,Thu 8:30,0/0,0.0,0.0,0.0,0.0,0.0,0.0,0.0,0.0,0.0,0.0
LaVon Brazill,Det,IND,WR,Sun 4:25,0/0,0.0,0.0,0.0,0.0,0.0,0.0,0.0,0.0,0.0,0.0
Chris Givens,Cle,PHI,WR,Sun 1:00,0/0,0.0,0.0,0.0,0.0,0.0,0.0,0.0,0.0,0.0,0.0
Kashif Moore,SD,KAN,WR,Sun 1:00,0/0,0.0,0.0,0.0,0.0,0.0,0.0,0.0,0.0,0.0,0.0
Nathan Palmer,@NO,OAK,WR,Sun 1:00,0/0,0.0,0.0,0.0,0.0,0.0,0.0,0.0,0.0,0.0,0.0
Chris Owusu,Cin,NYJ,WR,Sun 1:00,0/0,0.0,0.0,0.0,0.0,0.0,0.0,0.0,0.0,0.0,0.0
Brian Tyms,Det,IND,WR,Sun 4:25,0/0,0.0,0.0,0.0,0.0,0.0,0.0,0.0,0.0,0.0,0.0
Jeff Fuller*,Mia,SEA,WR,Sun 4:05,0/0,0.0,0.0,0.0,0.0,0.0,0.0,0.0,0.0,0.0,0.0
Jarrett Boykin,@Bal,BUF,WR,Sun 1:00,0/0,0.0,0.0,0.0,0.0,0.0,0.0,0.0,0.0,0.0,0.0
Griff Whalen,@Sea,MIA,WR,Sun 4:05,0/0,0.0,0.0,0.0,0.0,0.0,0.0,0.0,0.0,0.0,0.0
LaRon Byrd*,@Den,CAR,WR,Thu 8:30,0/0,0.0,0.0,0.0,0.0,0.0,0.0,0.0,0.0,0.0,0.0
Brittan Golden,NE,ARI,WR,Sun 8:30,0/0,0.0,0.0,0.0,0.0,0.0,0.0,0.0,0.0,0.0,0.0
Damaris Johnson,Min,TEN,WR,Sun 1:00,0/0,0.0,0.0,0.0,0.0,0.0,0.0,0.0,0.0,0.0,0.0
Josh Gordon,@Phi,CLE,WR,Sun 1:00,0/0,0.0,0.0,0.0,0.0,0.0,0.0,0.0,0.0,0.0,0.0
Stedman Bailey*,@SF,LAR,WR,Mon 10:20,0/0,0.0,0.0,0.0,0.0,0.0,0.0,0.0,0.0,0.0,0.0
Aaron Dobson,@Ari,NWE,WR,Sun 8:30,0/0,0.0,0.0,0.0,0.0,0.0,0.0,0.0,0.0,0.0,0.0
B.J. Daniels,@Hou,CHI,WR,Sun 1:00,0/0,0.0,0.0,0.0,0.0,0.0,0.0,0.0,0.0,0.0,0.0
Cobi Hamilton,@Wsh,PIT,WR,Mon 7:10,0/0,0.0,0.0,0.0,0.0,0.0,0.0,0.0,0.0,0.0,0.0
Josh Boyce,@Phi,CLE,WR,Sun 1:00,0/0,0.0,0.0,0.0,0.0,0.0,0.0,0.0,0.0,0.0,0.0
Chris Harper,@Dal,NYG,WR,Sun 4:25,0/0,0.0,0.0,0.0,0.0,0.0,0.0,0.0,0.0,0.0,0.0
Corey Fuller*,@Ind,DET,WR,Sun 4:25,0/0,0.0,0.0,0.0,0.0,0.0,0.0,0.0,0.0,0.0,0.0
Marquess Wilson*,@Hou,CHI,WR,Sun 1:00,0/0,0.0,0.0,0.0,0.0,0.0,0.0,0.0,0.0,0.0,0.0
Da'Rick Rogers,SD,KAN,WR,Sun 1:00,0/0,0.0,0.0,0.0,0.0,0.0,0.0,0.0,0.0,0.0,0.0
Ryan Spadola*,@Ind,DET,WR,Sun 4:25,0/0,0.0,0.0,0.0,0.0,0.0,0.0,0.0,0.0,0.0,0.0
Nick Williams,TB,ATL,WR,Sun 1:00,0/0,0.0,0.0,0.0,0.0,0.0,0.0,0.0,0.0,0.0,0.0
Rodney Smith,NYG,DAL,WR,Sun 4:25,0/0,0.0,0.0,0.0,0.0,0.0,0.0,0.0,0.0,0.0,0.0
Kenbrell Thompkins,Cin,NYJ,WR,Sun 1:00,0/0,0.0,0.0,0.0,0.0,0.0,0.0,0.0,0.0,0.0,0.0
Myles White,@Dal,NYG,WR,Sun 4:25,0/0,0.0,0.0,0.0,0.0,0.0,0.0,0.0,0.0,0.0,0.0
Marlon Brown,Buf,BAL,WR,Sun 1:00,0/0,0.0,0.0,0.0,0.0,0.0,0.0,0.0,0.0,0.0,0.0
Shaq Evans*,GB,JAC,WR,Sun 1:00,0/0,0.0,0.0,0.0,0.0,0.0,0.0,0.0,0.0,0.0,0.0
Jeremy Gallon,@Ari,NWE,WR,Sun 8:30,0/0,0.0,0.0,0.0,0.0,0.0,0.0,0.0,0.0,0.0,0.0
Kevin Norwood*,@Den,CAR,WR,Thu 8:30,0/0,0.0,0.0,0.0,0.0,0.0,0.0,0.0,0.0,0.0,0.0
Martavis Bryant,@Wsh,PIT,WR,Mon 7:10,0/0,0.0,0.0,0.0,0.0,0.0,0.0,0.0,0.0,0.0,0.0
Jalen Saunders,@Ari,NWE,WR,Sun 8:30,0/0,0.0,0.0,0.0,0.0,0.0,0.0,0.0,0.0,0.0,0.0
Bruce Ellington*,LA,SFO,WR,Mon 10:20,0/0,0.0,0.0,0.0,0.0,0.0,0.0,0.0,0.0,0.0,0.0
Devin Street,NYG,DAL,WR,Sun 4:25,0/0,0.0,0.0,0.0,0.0,0.0,0.0,0.0,0.0,0.0,0.0
Corey Washington,TB,ATL,WR,Sun 1:00,0/0,0.0,0.0,0.0,0.0,0.0,0.0,0.0,0.0,0.0,0.0
Robert Herron,@NO,OAK,WR,Sun 1:00,0/0,0.0,0.0,0.0,0.0,0.0,0.0,0.0,0.0,0.0,0.0
Michael Campanaro*,Buf,BAL,WR,Sun 1:00,0/0,0.0,0.0,0.0,0.0,0.0,0.0,0.0,0.0,0.0,0.0
Frankie Hammond,SD,KAN,WR,Sun 1:00,0/0,0.0,0.0,0.0,0.0,0.0,0.0,0.0,0.0,0.0,0.0
TJ Jones,@Ind,DET,WR,Sun 4:25,0/0,0.0,0.0,0.0,0.0,0.0,0.0,0.0,0.0,0.0,0.0
Jeremy Butler,Buf,BAL,WR,Sun 1:00,0/0,0.0,0.0,0.0,0.0,0.0,0.0,0.0,0.0,0.0,0.0
Damian Copeland,@Ind,DET,WR,Sun 4:25,0/0,0.0,0.0,0.0,0.0,0.0,0.0,0.0,0.0,0.0,0.0
Jonathan Krause,@Atl,TAM,WR,Sun 1:00,0/0,0.0,0.0,0.0,0.0,0.0,0.0,0.0,0.0,0.0,0.0
Freddie Martino,@Atl,TAM,WR,Sun 1:00,0/0,0.0,0.0,0.0,0.0,0.0,0.0,0.0,0.0,0.0,0.0
Kevin Smith*,Mia,SEA,WR,Sun 4:05,0/0,0.0,0.0,0.0,0.0,0.0,0.0,0.0,0.0,0.0,0.0
Andre Debose,Det,IND,WR,Sun 4:25,0/0,0.0,0.0,0.0,0.0,0.0,0.0,0.0,0.0,0.0,0.0
DiAndre Campbell,LA,SFO,WR,Mon 10:20,0/0,0.0,0.0,0.0,0.0,0.0,0.0,0.0,0.0,0.0,0.0
Issac Blakeney,@Wsh,PIT,WR,Mon 7:10,0/0,0.0,0.0,0.0,0.0,0.0,0.0,0.0,0.0,0.0,0.0
Geremy Davis,@Dal,NYG,WR,Sun 4:25,0/0,0.0,0.0,0.0,0.0,0.0,0.0,0.0,0.0,0.0,0.0
Da'Ron Brown,SD,KAN,WR,Sun 1:00,0/0,0.0,0.0,0.0,0.0,0.0,0.0,0.0,0.0,0.0,0.0
Kenny Bell,@Atl,TAM,WR,Sun 1:00,0/0,0.0,0.0,0.0,0.0,0.0,0.0,0.0,0.0,0.0,0.0
Dres Anderson,LA,SFO,WR,Mon 10:20,0/0,0.0,0.0,0.0,0.0,0.0,0.0,0.0,0.0,0.0,0.0
DeAndrew White,LA,SFO,WR,Mon 10:20,0/0,0.0,0.0,0.0,0.0,0.0,0.0,0.0,0.0,0.0,0.0
Kaelin Clay*,Buf,BAL,WR,Sun 1:00,0/0,0.0,0.0,0.0,0.0,0.0,0.0,0.0,0.0,0.0,0.0
Tre McBride,Min,TEN,WR,Sun 1:00,0/0,0.0,0.0,0.0,0.0,0.0,0.0,0.0,0.0,0.0,0.0
Dezmin Lewis,@Bal,BUF,WR,Sun 1:00,0/0,0.0,0.0,0.0,0.0,0.0,0.0,0.0,0.0,0.0,0.0
Devin Smith*,Cin,NYJ,WR,Sun 1:00,0/0,0.0,0.0,0.0,0.0,0.0,0.0,0.0,0.0,0.0,0.0
Evan Spencer,@Atl,TAM,WR,Sun 1:00,0/0,0.0,0.0,0.0,0.0,0.0,0.0,0.0,0.0,0.0,0.0
DeVante Parker,@Sea,MIA,WR,Sun 4:05,0/0,0.0,0.0,0.0,0.0,0.0,0.0,0.0,0.0,0.0,0.0
Vince Mayle,NYG,DAL,WR,Sun 4:25,0/0,0.0,0.0,0.0,0.0,0.0,0.0,0.0,0.0,0.0,0.0
Mario Alford*,@NYJ,CIN,WR,Sun 1:00,0/0,0.0,0.0,0.0,0.0,0.0,0.0,0.0,0.0,0.0,0.0
DeAndre Smelter,LA,SFO,WR,Mon 10:20,0/0,0.0,0.0,0.0,0.0,0.0,0.0,0.0,0.0,0.0,0.0
Duron Carter,Det,IND,WR,Sun 4:25,0/0,0.0,0.0,0.0,0.0,0.0,0.0,0.0,0.0,0.0,0.0
Antwan Goodley,Mia,SEA,WR,Sun 4:05,0/0,0.0,0.0,0.0,0.0,0.0,0.0,0.0,0.0,0.0,0.0
Chris Matthews*,Buf,BAL,WR,Sun 1:00,0/0,0.0,0.0,0.0,0.0,0.0,0.0,0.0,0.0,0.0,0.0
Seantavius Jones,SD,KAN,WR,Sun 1:00,0/0,0.0,0.0,0.0,0.0,0.0,0.0,0.0,0.0,0.0,0.0
Bennie Fowler*,Car,DEN,WR,Thu 8:30,0/0,0.0,0.0,0.0,0.0,0.0,0.0,0.0,0.0,0.0,0.0
Matt Hazel,@Sea,MIA,WR,Sun 4:05,0/0,0.0,0.0,0.0,0.0,0.0,0.0,0.0,0.0,0.0,0.0
Chris Harper,@Ari,NWE,WR,Sun 8:30,0/0,0.0,0.0,0.0,0.0,0.0,0.0,0.0,0.0,0.0,0.0
Tyler Murphy,@Sea,MIA,WR,Sun 4:05,0/0,0.0,0.0,0.0,0.0,0.0,0.0,0.0,0.0,0.0,0.0
Donteea Dye,@Atl,TAM,WR,Sun 1:00,0/0,0.0,0.0,0.0,0.0,0.0,0.0,0.0,0.0,0.0,0.0
Javontee Herndon*,@KC,SDG,WR,Sun 1:00,0/0,0.0,0.0,0.0,0.0,0.0,0.0,0.0,0.0,0.0,0.0
Daniel Brown,Buf,BAL,WR,Sun 1:00,0/0,0.0,0.0,0.0,0.0,0.0,0.0,0.0,0.0,0.0,0.0
Eric Rogers*,LA,SFO,WR,Mon 10:20,0/0,0.0,0.0,0.0,0.0,0.0,0.0,0.0,0.0,0.0,0.0
Josh Doctson,Pit,WAS,WR,Mon 7:10,0/0,0.0,0.0,0.0,0.0,0.0,0.0,0.0,0.0,0.0,0.0
Moritz Bohringer,@Ten,MIN,WR,Sun 1:00,0/0,0.0,0.0,0.0,0.0,0.0,0.0,0.0,0.0,0.0,0.0
Keenan Reynolds,Buf,BAL,WR,Sun 1:00,0/0,0.0,0.0,0.0,0.0,0.0,0.0,0.0,0.0,0.0,0.0
Kolby Listenbee*,@Bal,BUF,WR,Sun 1:00,0/0,0.0,0.0,0.0,0.0,0.0,0.0,0.0,0.0,0.0,0.0
Devin Lucien,@Ari,NWE,WR,Sun 8:30,0/0,0.0,0.0,0.0,0.0,0.0,0.0,0.0,0.0,0.0,0.0
Demarcus Ayers,@Wsh,PIT,WR,Mon 7:10,0/0,0.0,0.0,0.0,0.0,0.0,0.0,0.0,0.0,0.0,0.0
Daniel Braverman,@Hou,CHI,WR,Sun 1:00,0/0,0.0,0.0,0.0,0.0,0.0,0.0,0.0,0.0,0.0,0.0
Devin Lewis Fuller,TB,ATL,WR,Sun 1:00,0/0,0.0,0.0,0.0,0.0,0.0,0.0,0.0,0.0,0.0,0.0
Charone Peake,Cin,NYJ,WR,Sun 1:00,0/0,0.0,0.0,0.0,0.0,0.0,0.0,0.0,0.0,0.0,0.0
Kenny Lawler,Mia,SEA,WR,Sun 4:05,0/0,0.0,0.0,0.0,0.0,0.0,0.0,0.0,0.0,0.0,0.0
Max McCaffrey,@NO,OAK,WR,Sun 1:00,0/0,0.0,0.0,0.0,0.0,0.0,0.0,0.0,0.0,0.0,0.0
Kasen Williams,Mia,SEA,WR,Sun 4:05,0/0,0.0,0.0,0.0,0.0,0.0,0.0,0.0,0.0,0.0,0.0
Reggie Bell,Oak,NOR,WR,Sun 1:00,0/0,0.0,0.0,0.0,0.0,0.0,0.0,0.0,0.0,0.0,0.0
Jake Kumerow,@NYJ,CIN,WR,Sun 1:00,0/0,0.0,0.0,0.0,0.0,0.0,0.0,0.0,0.0,0.0,0.0
Marquez North*,@SF,LAR,WR,Mon 10:20,0/0,0.0,0.0,0.0,0.0,0.0,0.0,0.0,0.0,0.0,0.0
Andy Jones,NYG,DAL,WR,Sun 4:25,0/0,0.0,0.0,0.0,0.0,0.0,0.0,0.0,0.0,0.0,0.0
Xavier Rush,Cle,PHI,WR,Sun 1:00,0/0,0.0,0.0,0.0,0.0,0.0,0.0,0.0,0.0,0.0,0.0
Dom Williams,@KC,SDG,WR,Sun 1:00,0/0,0.0,0.0,0.0,0.0,0.0,0.0,0.0,0.0,0.0,0.0
R.J. Harris,Oak,NOR,WR,Sun 1:00,0/0,0.0,0.0,0.0,0.0,0.0,0.0,0.0,0.0,0.0,0.0
Jordan Taylor,Car,DEN,WR,Thu 8:30,0/0,0.0,0.0,0.0,0.0,0.0,0.0,0.0,0.0,0.0,0.0
Bernard Reedy,@Atl,TAM,WR,Sun 1:00,0/0,0.0,0.0,0.0,0.0,0.0,0.0,0.0,0.0,0.0,0.0
Paul McRoberts,@SF,LAR,WR,Mon 10:20,0/0,0.0,0.0,0.0,0.0,0.0,0.0,0.0,0.0,0.0,0.0
Wendall Williams,Chi,HOU,WR,Sun 1:00,0/0,0.0,0.0,0.0,0.0,0.0,0.0,0.0,0.0,0.0,0.0
Anthony Dable,@Dal,NYG,WR,Sun 4:25,0/0,0.0,0.0,0.0,0.0,0.0,0.0,0.0,0.0,0.0,0.0
Darius Jennings,@Phi,CLE,WR,Sun 1:00,0/0,0.0,0.0,0.0,0.0,0.0,0.0,0.0,0.0,0.0,0.0
Devon Cajuste,LA,SFO,WR,Mon 10:20,0/0,0.0,0.0,0.0,0.0,0.0,0.0,0.0,0.0,0.0,0.0
Mitch Mathews,SD,KAN,WR,Sun 1:00,0/0,0.0,0.0,0.0,0.0,0.0,0.0,0.0,0.0,0.0,0.0
Keyarris Garrett,@Den,CAR,WR,Thu 8:30,0/0,0.0,0.0,0.0,0.0,0.0,0.0,0.0,0.0,0.0,0.0
Jordan Reed,Pit,WAS,TE,Mon 7:10,0/0,0.0,0.0,0.0,0.0,0.0,0.0,5.8,61.3,0.6,9.5
Rob Gronkowski,@Ari,NWE,TE,Sun 8:30,0/0,0.0,0.0,0.0,0.0,0.0,0.0,4.6,66.6,0.5,9.0
Travis Kelce,SD,KAN,TE,Sun 1:00,0/0,0.0,0.0,0.0,0.0,0.0,0.0,5.1,58.1,0.4,7.1
Delanie Walker,Min,TEN,TE,Sun 1:00,0/0,0.0,0.0,0.0,0.0,0.0,0.0,4.4,53.7,0.3,7.0
Zach Ertz,Cle,PHI,TE,Sun 1:00,0/0,0.0,0.0,0.0,0.0,0.0,0.0,3.9,50.4,0.3,7.0
Gary Barnidge,@Phi,CLE,TE,Sun 1:00,0/0,0.0,0.0,0.0,0.0,0.0,0.0,4.1,54.0,0.3,6.9
Greg Olsen,@Den,CAR,TE,Thu 8:30,0/0,0.0,0.0,0.0,0.0,0.0,0.0,4.6,53.3,0.3,6.8
Coby Fleener,Oak,NOR,TE,Sun 1:00,0/0,0.0,0.0,0.0,0.0,0.0,0.0,4.3,48.9,0.4,6.7
Clive Walford,@NO,OAK,TE,Sun 1:00,0/0,0.0,0.0,0.0,0.0,0.0,0.0,3.4,41.4,0.4,6.5
Julius Thomas,GB,JAC,TE,Sun 1:00,0/0,0.0,0.0,0.0,0.0,0.0,0.0,4.0,42.1,0.4,6.4
Jason Witten,NYG,DAL,TE,Sun 4:25,0/0,0.0,0.0,0.0,0.0,0.0,0.0,4.6,48.1,0.3,6.0
Antonio Gates,@KC,SDG,TE,Sun 1:00,0/0,0.0,0.0,0.0,0.0,0.0,0.0,4.0,44.5,0.3,6.0
Eric Ebron,@Ind,DET,TE,Sun 4:25,0/0,0.0,0.0,0.0,0.0,0.0,0.0,3.8,43.3,0.3,5.8
Zach Miller,@Hou,CHI,TE,Sun 1:00,0/0,0.0,0.0,0.0,0.0,0.0,0.0,4.1,40.8,0.2,5.4
Dwayne Allen,Det,IND,TE,Sun 4:25,0/0,0.0,0.0,0.0,0.0,0.0,0.0,3.1,34.6,0.4,5.2
Jared Cook,@Jax,GNB,TE,Sun 1:00,0/0,0.0,0.0,0.0,0.0,0.0,0.0,3.1,39.5,0.3,5.0
Charles Clay,@Bal,BUF,TE,Sun 1:00,0/0,0.0,0.0,0.0,0.0,0.0,0.0,3.6,38.6,0.3,4.7
Martellus Bennett,@Ari,NWE,TE,Sun 8:30,0/0,0.0,0.0,0.0,0.0,0.0,0.0,3.4,32.9,0.3,4.7
Kyle Rudolph,@Ten,MIN,TE,Sun 1:00,0/0,0.0,0.0,0.0,0.0,0.0,0.0,3.1,34.3,0.2,4.5
Jordan Cameron,@Sea,MIA,TE,Sun 4:05,0/0,0.0,0.0,0.0,0.0,0.0,0.0,3.1,34.4,0.2,4.2
Larry Donnell,@Dal,NYG,TE,Sun 4:25,0/0,0.0,0.0,0.0,0.0,0.0,0.0,2.8,29.5,0.3,3.9
Jesse James,@Wsh,PIT,TE,Mon 7:10,0/0,0.0,0.0,0.0,0.0,0.0,0.0,2.7,28.4,0.3,3.6
Tyler Kroft,@NYJ,CIN,TE,Sun 1:00,0/0,0.0,0.0,0.0,0.0,0.0,0.0,2.5,26.5,0.2,3.3
Crockett Gillmore,Buf,BAL,TE,Sun 1:00,0/0,0.0,0.0,0.0,0.0,0.0,0.0,2.4,23.6,0.2,3.2
Virgil Green,Car,DEN,TE,Thu 8:30,0/0,0.0,0.0,0.0,0.0,0.0,0.0,2.8,22.4,0.2,3.1
Vance McDonald,LA,SFO,TE,Mon 10:20,0/0,0.0,0.0,0.0,0.0,0.0,0.0,2.4,28.7,0.2,3.1
Jacob Tamme,TB,ATL,TE,Sun 1:00,0/0,0.0,0.0,0.0,0.0,0.0,0.0,2.8,29.4,0.2,3.1
Cameron Brate,@Atl,TAM,TE,Sun 1:00,0/0,0.0,0.0,0.0,0.0,0.0,0.0,2.0,23.0,0.2,3.1
Austin Seferian-Jenkins,@Atl,TAM,TE,Sun 1:00,0/0,0.0,0.0,0.0,0.0,0.0,0.0,1.8,23.0,0.2,3.0
Lance Kendricks,@SF,LAR,TE,Mon 10:20,0/0,0.0,0.0,0.0,0.0,0.0,0.0,2.0,22.5,0.1,2.7
Jimmy Graham,Mia,SEA,TE,Sun 4:05,0/0,0.0,0.0,0.0,0.0,0.0,0.0,1.5,19.2,0.2,2.4
Will Tye,@Dal,NYG,TE,Sun 4:25,0/0,0.0,0.0,0.0,0.0,0.0,0.0,1.8,19.0,0.2,2.1
Josh Hill,Oak,NOR,TE,Sun 1:00,0/0,0.0,0.0,0.0,0.0,0.0,0.0,2.0,18.8,0.2,2.1
Luke Willson,Mia,SEA,TE,Sun 4:05,0/0,0.0,0.0,0.0,0.0,0.0,0.0,1.4,18.5,0.2,2.0
Darren Fells,NE,ARI,TE,Sun 8:30,0/0,0.0,0.0,0.0,0.0,0.0,0.0,1.4,15.9,0.2,2.0
Maxx Williams,Buf,BAL,TE,Sun 1:00,0/0,0.0,0.0,0.0,0.0,0.0,0.0,1.9,16.6,0.2,1.9
Austin Hooper,TB,ATL,TE,Sun 1:00,0/0,0.0,0.0,0.0,0.0,0.0,0.0,1.5,16.9,0.1,1.8
Richard Rodgers,@Jax,GNB,TE,Sun 1:00,0/0,0.0,0.0,0.0,0.0,0.0,0.0,1.2,12.5,0.1,1.8
C.J. Fiedorowicz,Chi,HOU,TE,Sun 1:00,0/0,0.0,0.0,0.0,0.0,0.0,0.0,1.4,13.1,0.1,1.8
Mychal Rivera,@NO,OAK,TE,Sun 1:00,0/0,0.0,0.0,0.0,0.0,0.0,0.0,1.2,13.6,0.1,1.7
Hunter Henry,@KC,SDG,TE,Sun 1:00,0/0,0.0,0.0,0.0,0.0,0.0,0.0,1.6,16.6,0.1,1.7
Jermaine Gresham,NE,ARI,TE,Sun 8:30,0/0,0.0,0.0,0.0,0.0,0.0,0.0,1.4,12.9,0.1,1.7
C.J. Uzomah,@NYJ,CIN,TE,Sun 1:00,0/0,0.0,0.0,0.0,0.0,0.0,0.0,1.2,13.0,0.1,1.7
Garrett Celek,LA,SFO,TE,Mon 10:20,0/0,0.0,0.0,0.0,0.0,0.0,0.0,1.5,15.4,0.1,1.7
Ryan Griffin,Chi,HOU,TE,Sun 1:00,0/0,0.0,0.0,0.0,0.0,0.0,0.0,1.1,12.9,0.1,1.6
Anthony Fasano,Min,TEN,TE,Sun 1:00,0/0,0.0,0.0,0.0,0.0,0.0,0.0,0.9,10.3,0.1,1.6
Cole Wick,@Ind,DET,TE,Sun 4:25,0/0,0.0,0.0,0.0,0.0,0.0,0.0,1.0,12.2,0.1,1.6
Tyler Higbee,@SF,LAR,TE,Mon 10:20,0/0,0.0,0.0,0.0,0.0,0.0,0.0,1.5,18.8,0.1,1.6
Niles Paul,Pit,WAS,TE,Mon 7:10,0/0,0.0,0.0,0.0,0.0,0.0,0.0,1.0,12.2,0.1,1.6
Brent Celek,Cle,PHI,TE,Sun 1:00,0/0,0.0,0.0,0.0,0.0,0.0,0.0,1.0,13.9,0.1,1.5
Stephen Anderson,Chi,HOU,TE,Sun 1:00,0/0,0.0,0.0,0.0,0.0,0.0,0.0,0.9,10.2,0.1,1.5
Jeff Heuerman,Car,DEN,TE,Thu 8:30,0/0,0.0,0.0,0.0,0.0,0.0,0.0,1.0,10.0,0.1,1.5
Jack Doyle,Det,IND,TE,Sun 4:25,0/0,0.0,0.0,0.0,0.0,0.0,0.0,0.7,7.8,0.1,0.5
Erik Swoope,Det,IND,TE,Sun 4:25,0/0,0.0,0.0,0.0,0.0,0.0,0.0,0.7,7.8,0.1,0.5
Marcedes Lewis,GB,JAC,TE,Sun 1:00,0/0,0.0,0.0,0.0,0.0,0.0,0.0,0.8,9.7,0.1,0.5
Vernon Davis,Pit,WAS,TE,Mon 7:10,0/0,0.0,0.0,0.0,0.0,0.0,0.0,0.7,8.3,0.1,0.5
Trey Burton,Cle,PHI,TE,Sun 1:00,0/0,0.0,0.0,0.0,0.0,0.0,0.0,0.8,9.9,0.1,0.4
Gavin Escobar,NYG,DAL,TE,Sun 4:25,0/0,0.0,0.0,0.0,0.0,0.0,0.0,0.6,7.0,0.1,0.4
Kellen Davis,Cin,NYJ,TE,Sun 1:00,0/0,0.0,0.0,0.0,0.0,0.0,0.0,0.7,6.7,0.1,0.4
Dion Sims,@Sea,MIA,TE,Sun 4:05,0/0,0.0,0.0,0.0,0.0,0.0,0.0,1.0,8.9,0.1,0.4
Rhett Ellison,@Ten,MIN,TE,Sun 1:00,0/0,0.0,0.0,0.0,0.0,0.0,0.0,0.8,9.4,0.1,0.4
Ed Dickson,@Den,CAR,TE,Thu 8:30,0/0,0.0,0.0,0.0,0.0,0.0,0.0,0.8,7.7,0.1,0.3
Lee Smith,@NO,OAK,TE,Sun 1:00,0/0,0.0,0.0,0.0,0.0,0.0,0.0,0.5,5.7,0.1,0.3
Demetrius Harris,SD,KAN,TE,Sun 1:00,0/0,0.0,0.0,0.0,0.0,0.0,0.0,0.6,7.1,0.1,0.3
Brandon Williams,Mia,SEA,TE,Sun 4:05,0/0,0.0,0.0,0.0,0.0,0.0,0.0,0.4,4.2,0.1,0.3
Blake Bell,LA,SFO,TE,Mon 10:20,0/0,0.0,0.0,0.0,0.0,0.0,0.0,0.6,6.9,0.0,0.3
Logan Paulsen,@Hou,CHI,TE,Sun 1:00,0/0,0.0,0.0,0.0,0.0,0.0,0.0,0.7,6.6,0.0,0.3
David Johnson,@Wsh,PIT,TE,Mon 7:10,0/0,0.0,0.0,0.0,0.0,0.0,0.0,0.4,4.3,0.0,0.2
Brandon Bostick,Cin,NYJ,TE,Sun 1:00,0/0,0.0,0.0,0.0,0.0,0.0,0.0,0.4,4.4,0.0,0.2
Jim Dray,@Bal,BUF,TE,Sun 1:00,0/0,0.0,0.0,0.0,0.0,0.0,0.0,0.4,3.9,0.0,0.2
Chris Manhertz,Oak,NOR,TE,Sun 1:00,0/0,0.0,0.0,0.0,0.0,0.0,0.0,0.3,2.9,0.0,0.2
Justin Perillo,@Jax,GNB,TE,Sun 1:00,0/0,0.0,0.0,0.0,0.0,0.0,0.0,0.2,2.6,0.0,0.2
Jerell Adams,@Dal,NYG,TE,Sun 4:25,0/0,0.0,0.0,0.0,0.0,0.0,0.0,0.3,2.9,0.0,0.2
Troy Niklas,NE,ARI,TE,Sun 8:30,0/0,0.0,0.0,0.0,0.0,0.0,0.0,0.3,2.7,0.0,0.2
Dennis Pitta,Buf,BAL,TE,Sun 1:00,0/0,0.0,0.0,0.0,0.0,0.0,0.0,0.2,2.4,0.0,0.1
Sean McGrath,@KC,SDG,TE,Sun 1:00,0/0,0.0,0.0,0.0,0.0,0.0,0.0,0.3,2.7,0.0,0.1
Nick O'Leary,@Bal,BUF,TE,Sun 1:00,0/0,0.0,0.0,0.0,0.0,0.0,0.0,0.2,2.0,0.0,0.1
Luke Stocker,@Atl,TAM,TE,Sun 1:00,0/0,0.0,0.0,0.0,0.0,0.0,0.0,0.2,2.4,0.0,0.1
John Phillips,Car,DEN,TE,Thu 8:30,0/0,0.0,0.0,0.0,0.0,0.0,0.0,0.2,2.0,0.0,0.1
Seth DeValve,@Phi,CLE,TE,Sun 1:00,0/0,0.0,0.0,0.0,0.0,0.0,0.0,0.2,2.3,0.0,0.1
MarQueis Gray,@Sea,MIA,TE,Sun 4:05,0/0,0.0,0.0,0.0,0.0,0.0,0.0,0.2,2.4,0.0,0.1
Temarrick Hemingway,@SF,LAR,TE,Mon 10:20,0/0,0.0,0.0,0.0,0.0,0.0,0.0,0.2,2.3,0.0,0.1
Levine Toilolo,TB,ATL,TE,Sun 1:00,0/0,0.0,0.0,0.0,0.0,0.0,0.0,0.1,1.4,0.0,0.1
Neal Sterling,GB,JAC,TE,Sun 1:00,0/0,0.0,0.0,0.0,0.0,0.0,0.0,0.1,1.2,0.0,0.1
Ben Koyack,GB,JAC,TE,Sun 1:00,0/0,0.0,0.0,0.0,0.0,0.0,0.0,0.1,1.2,0.0,0.1
AJ Derby,@Ari,NWE,TE,Sun 8:30,0/0,0.0,0.0,0.0,0.0,0.0,0.0,0.1,1.3,0.0,0.1
Clay Harbor,@Ari,NWE,TE,Sun 8:30,0/0,0.0,0.0,0.0,0.0,0.0,0.0,0.1,1.3,0.0,0.1
Brandon Myers,@Atl,TAM,TE,Sun 1:00,0/0,0.0,0.0,0.0,0.0,0.0,0.0,0.1,1.2,0.0,0.1
Phillip Supernaw,Min,TEN,TE,Sun 1:00,0/0,0.0,0.0,0.0,0.0,0.0,0.0,0.1,1.0,0.0,0.0
Jace Amaro,Min,TEN,TE,Sun 1:00,0/0,0.0,0.0,0.0,0.0,0.0,0.0,0.1,1.0,0.0,0.0
Randall Telfer,@Phi,CLE,TE,Sun 1:00,0/0,0.0,0.0,0.0,0.0,0.0,0.0,0.1,1.2,0.0,0.0
Kellen Winslow,Cin,NYJ,TE,Sun 1:00,0/0,0.0,0.0,0.0,0.0,0.0,0.0,0.0,0.0,0.0,0.0
Benjamin Watson*,Buf,BAL,TE,Sun 1:00,0/0,0.0,0.0,0.0,0.0,0.0,0.0,0.0,0.0,0.0,0.0
Alex Smith,Pit,WAS,TE,Mon 7:10,0/0,0.0,0.0,0.0,0.0,0.0,0.0,0.0,0.0,0.0,0.0
Owen Daniels,Car,DEN,TE,Thu 8:30,0/0,0.0,0.0,0.0,0.0,0.0,0.0,0.0,0.0,0.0,0.0
Daniel Fells,@Dal,NYG,TE,Sun 4:25,0/0,0.0,0.0,0.0,0.0,0.0,0.0,0.0,0.0,0.0,0.0
Matt Spaeth,@Wsh,PIT,TE,Mon 7:10,0/0,0.0,0.0,0.0,0.0,0.0,0.0,0.0,0.0,0.0,0.0
Scott Chandler*,@Ari,NWE,TE,Sun 8:30,0/0,0.0,0.0,0.0,0.0,0.0,0.0,0.0,0.0,0.0,0.0
Clark Harris,@NYJ,CIN,TE,Sun 1:00,0/0,0.0,0.0,0.0,0.0,0.0,0.0,0.0,0.0,0.0,0.0
Fred Davis,Pit,WAS,TE,Mon 7:10,0/0,0.0,0.0,0.0,0.0,0.0,0.0,0.0,0.0,0.0,0.0
Craig Stevens,Min,TEN,TE,Sun 1:00,0/0,0.0,0.0,0.0,0.0,0.0,0.0,0.0,0.0,0.0,0.0
Matthew Mulligan,@Ind,DET,TE,Sun 4:25,0/0,0.0,0.0,0.0,0.0,0.0,0.0,0.0,0.0,0.0,0.0
James Casey,Car,DEN,TE,Thu 8:30,0/0,0.0,0.0,0.0,0.0,0.0,0.0,0.0,0.0,0.0,0.0
Chase Coffman,Det,IND,TE,Sun 4:25,0/0,0.0,0.0,0.0,0.0,0.0,0.0,0.0,0.0,0.0,0.0
Bear Pascoe,@Ari,NWE,TE,Sun 8:30,0/0,0.0,0.0,0.0,0.0,0.0,0.0,0.0,0.0,0.0,0.0
Brandon Pettigrew*,@Ind,DET,TE,Sun 4:25,0/0,0.0,0.0,0.0,0.0,0.0,0.0,0.0,0.0,0.0,0.0
Tony Moeaki,@Hou,CHI,TE,Sun 1:00,0/0,0.0,0.0,0.0,0.0,0.0,0.0,0.0,0.0,0.0,0.0
Garrett Graham*,Car,DEN,TE,Thu 8:30,0/0,0.0,0.0,0.0,0.0,0.0,0.0,0.0,0.0,0.0,0.0
Michael Hoomanawanui*,Oak,NOR,TE,Sun 1:00,0/0,0.0,0.0,0.0,0.0,0.0,0.0,0.0,0.0,0.0,0.0
Anthony McCoy,Mia,SEA,TE,Sun 4:05,0/0,0.0,0.0,0.0,0.0,0.0,0.0,0.0,0.0,0.0,0.0
Andrew Quarless,@Ind,DET,TE,Sun 4:25,0/0,0.0,0.0,0.0,0.0,0.0,0.0,0.0,0.0,0.0,0.0
Richie Brockel,@Den,CAR,TE,Thu 8:30,0/0,0.0,0.0,0.0,0.0,0.0,0.0,0.0,0.0,0.0,0.0
Jeff Cumberland*,@KC,SDG,TE,Sun 1:00,0/0,0.0,0.0,0.0,0.0,0.0,0.0,0.0,0.0,0.0,0.0
Rob Housler,@Hou,CHI,TE,Sun 1:00,0/0,0.0,0.0,0.0,0.0,0.0,0.0,0.0,0.0,0.0,0.0
Bruce Miller,LA,SFO,TE,Mon 10:20,0/0,0.0,0.0,0.0,0.0,0.0,0.0,0.0,0.0,0.0,0.0
David Ausberry,@Ind,DET,TE,Sun 4:25,0/0,0.0,0.0,0.0,0.0,0.0,0.0,0.0,0.0,0.0,0.0
D.J. Williams,Pit,WAS,TE,Mon 7:10,0/0,0.0,0.0,0.0,0.0,0.0,0.0,0.0,0.0,0.0,0.0
Orson Charles,@Ind,DET,TE,Sun 4:25,0/0,0.0,0.0,0.0,0.0,0.0,0.0,0.0,0.0,0.0,0.0
Ladarius Green*,@Wsh,PIT,TE,Mon 7:10,0/0,0.0,0.0,0.0,0.0,0.0,0.0,0.0,0.0,0.0,0.0
James Hanna*,NYG,DAL,TE,Sun 4:25,0/0,0.0,0.0,0.0,0.0,0.0,0.0,0.0,0.0,0.0,0.0
Dominique Jones,@Sea,MIA,TE,Sun 4:05,0/0,0.0,0.0,0.0,0.0,0.0,0.0,0.0,0.0,0.0,0.0
Derek Carrier*,Pit,WAS,TE,Mon 7:10,0/0,0.0,0.0,0.0,0.0,0.0,0.0,0.0,0.0,0.0,0.0
Chase Ford,Buf,BAL,TE,Sun 1:00,0/0,0.0,0.0,0.0,0.0,0.0,0.0,0.0,0.0,0.0,0.0
Cooper Helfet*,Mia,SEA,TE,Sun 4:05,0/0,0.0,0.0,0.0,0.0,0.0,0.0,0.0,0.0,0.0,0.0
Ifeanyi Momah,NE,ARI,TE,Sun 8:30,0/0,0.0,0.0,0.0,0.0,0.0,0.0,0.0,0.0,0.0,0.0
Tyler Eifert*,@NYJ,CIN,TE,Sun 1:00,0/0,0.0,0.0,0.0,0.0,0.0,0.0,0.0,0.0,0.0,0.0
Michael Williams*,@Ari,NWE,TE,Sun 8:30,0/0,0.0,0.0,0.0,0.0,0.0,0.0,0.0,0.0,0.0,0.0
Chris Gragg*,@Bal,BUF,TE,Sun 1:00,0/0,0.0,0.0,0.0,0.0,0.0,0.0,0.0,0.0,0.0,0.0
Justice Cunningham,@SF,LAR,TE,Mon 10:20,0/0,0.0,0.0,0.0,0.0,0.0,0.0,0.0,0.0,0.0,0.0
Chris Pantale,Cle,PHI,TE,Sun 1:00,0/0,0.0,0.0,0.0,0.0,0.0,0.0,0.0,0.0,0.0,0.0
Timothy Wright*,@Ind,DET,TE,Sun 4:25,0/0,0.0,0.0,0.0,0.0,0.0,0.0,0.0,0.0,0.0,0.0
Zach Sudfeld,Cin,NYJ,TE,Sun 1:00,0/0,0.0,0.0,0.0,0.0,0.0,0.0,0.0,0.0,0.0,0.0
Jake Stoneburner,@SF,LAR,TE,Mon 10:20,0/0,0.0,0.0,0.0,0.0,0.0,0.0,0.0,0.0,0.0,0.0
Brian Leonhardt,@Ten,MIN,TE,Sun 1:00,0/0,0.0,0.0,0.0,0.0,0.0,0.0,0.0,0.0,0.0,0.0
Marcel Jensen,Pit,WAS,TE,Mon 7:10,0/0,0.0,0.0,0.0,0.0,0.0,0.0,0.0,0.0,0.0,0.0
Asante Cleveland,@KC,SDG,TE,Sun 1:00,0/0,0.0,0.0,0.0,0.0,0.0,0.0,0.0,0.0,0.0,0.0
Nic Jacobs,GB,JAC,TE,Sun 1:00,0/0,0.0,0.0,0.0,0.0,0.0,0.0,0.0,0.0,0.0,0.0
Blake Annen*,@Bal,BUF,TE,Sun 1:00,0/0,0.0,0.0,0.0,0.0,0.0,0.0,0.0,0.0,0.0,0.0
RaShaun Allen,Oak,NOR,TE,Sun 1:00,0/0,0.0,0.0,0.0,0.0,0.0,0.0,0.0,0.0,0.0,0.0
James O'Shaughnessy,SD,KAN,TE,Sun 1:00,0/0,0.0,0.0,0.0,0.0,0.0,0.0,0.0,0.0,0.0,0.0
MyCole Pruitt,@Ten,MIN,TE,Sun 1:00,0/0,0.0,0.0,0.0,0.0,0.0,0.0,0.0,0.0,0.0,0.0
Gerald Christian,NE,ARI,TE,Sun 8:30,0/0,0.0,0.0,0.0,0.0,0.0,0.0,0.0,0.0,0.0,0.0
Nick Boyle,Buf,BAL,TE,Sun 1:00,0/0,0.0,0.0,0.0,0.0,0.0,0.0,0.0,0.0,0.0,0.0
Darren Waller,Buf,BAL,TE,Sun 1:00,0/0,0.0,0.0,0.0,0.0,0.0,0.0,0.0,0.0,0.0,0.0
Busta Anderson,LA,SFO,TE,Mon 10:20,0/0,0.0,0.0,0.0,0.0,0.0,0.0,0.0,0.0,0.0,0.0
Kennard Backman*,@Jax,GNB,TE,Sun 1:00,0/0,0.0,0.0,0.0,0.0,0.0,0.0,0.0,0.0,0.0,0.0
Geoff Swaim,NYG,DAL,TE,Sun 4:25,0/0,0.0,0.0,0.0,0.0,0.0,0.0,0.0,0.0,0.0,0.0
E.J. Bibbs,@Phi,CLE,TE,Sun 1:00,0/0,0.0,0.0,0.0,0.0,0.0,0.0,0.0,0.0,0.0,0.0
Khari Lee,@Ind,DET,TE,Sun 4:25,0/0,0.0,0.0,0.0,0.0,0.0,0.0,0.0,0.0,0.0,0.0
Jerome Cunningham,Min,TEN,TE,Sun 1:00,0/0,0.0,0.0,0.0,0.0,0.0,0.0,0.0,0.0,0.0,0.0
Wes Saxton,Cin,NYJ,TE,Sun 1:00,0/0,0.0,0.0,0.0,0.0,0.0,0.0,0.0,0.0,0.0,0.0
Nick Vannett,Mia,SEA,TE,Sun 4:05,0/0,0.0,0.0,0.0,0.0,0.0,0.0,0.0,0.0,0.0,0.0
David Morgan II,@Ten,MIN,TE,Sun 1:00,0/0,0.0,0.0,0.0,0.0,0.0,0.0,0.0,0.0,0.0,0.0
Dan Vitale,@Bal,BUF,TE,Sun 1:00,0/0,0.0,0.0,0.0,0.0,0.0,0.0,0.0,0.0,0.0,0.0
Rico Darnell Gathers,NYG,DAL,TE,Sun 4:25,0/0,0.0,0.0,0.0,0.0,0.0,0.0,0.0,0.0,0.0,0.0
Thomas Duarte,@Sea,MIA,TE,Sun 4:05,0/0,0.0,0.0,0.0,0.0,0.0,0.0,0.0,0.0,0.0,0.0
Beau Sandland,@Den,CAR,TE,Thu 8:30,0/0,0.0,0.0,0.0,0.0,0.0,0.0,0.0,0.0,0.0,0.0
Ben Braunecker,@Hou,CHI,TE,Sun 1:00,0/0,0.0,0.0,0.0,0.0,0.0,0.0,0.0,0.0,0.0,0.0
Matt LaCosse*,@Dal,NYG,TE,Sun 4:25,0/0,0.0,0.0,0.0,0.0,0.0,0.0,0.0,0.0,0.0,0.0
Anthony Denham,Chi,HOU,TE,Sun 1:00,0/0,0.0,0.0,0.0,0.0,0.0,0.0,0.0,0.0,0.0,0.0
Bryce Williams,@Ari,NWE,TE,Sun 8:30,0/0,0.0,0.0,0.0,0.0,0.0,0.0,0.0,0.0,0.0,0.0
Seahawks,Mia,SEA,DST,Sun 4:05,0/0,0.0,0.0,0.0,0.0,0.0,0.0,0.0,0.0,0.0,10.9
Panthers,@Den,CAR,DST,Thu 8:30,0/0,0.0,0.0,0.0,0.0,0.0,0.0,0.0,0.0,0.0,10.6
Packers,@Jax,GNB,DST,Sun 1:00,0/0,0.0,0.0,0.0,0.0,0.0,0.0,0.0,0.0,0.0,9.0
Rams,@SF,LAR,DST,Mon 10:20,0/0,0.0,0.0,0.0,0.0,0.0,0.0,0.0,0.0,0.0,8.5
Eagles,Cle,PHI,DST,Sun 1:00,0/0,0.0,0.0,0.0,0.0,0.0,0.0,0.0,0.0,0.0,8.2
Cardinals,NE,ARI,DST,Sun 8:30,0/0,0.0,0.0,0.0,0.0,0.0,0.0,0.0,0.0,0.0,7.6
Vikings,@Ten,MIN,DST,Sun 1:00,0/0,0.0,0.0,0.0,0.0,0.0,0.0,0.0,0.0,0.0,7.3
Texans,Chi,HOU,DST,Sun 1:00,0/0,0.0,0.0,0.0,0.0,0.0,0.0,0.0,0.0,0.0,7.1
Bengals,@NYJ,CIN,DST,Sun 1:00,0/0,0.0,0.0,0.0,0.0,0.0,0.0,0.0,0.0,0.0,7.0
Broncos,Car,DEN,DST,Thu 8:30,0/0,0.0,0.0,0.0,0.0,0.0,0.0,0.0,0.0,0.0,6.9
Bills,@Bal,BUF,DST,Sun 1:00,0/0,0.0,0.0,0.0,0.0,0.0,0.0,0.0,0.0,0.0,6.8
Jets,Cin,NYJ,DST,Sun 1:00,0/0,0.0,0.0,0.0,0.0,0.0,0.0,0.0,0.0,0.0,6.6
Buccaneers,@Atl,TAM,DST,Sun 1:00,0/0,0.0,0.0,0.0,0.0,0.0,0.0,0.0,0.0,0.0,6.3
Ravens,Buf,BAL,DST,Sun 1:00,0/0,0.0,0.0,0.0,0.0,0.0,0.0,0.0,0.0,0.0,6.2
Chiefs,SD,KAN,DST,Sun 1:00,0/0,0.0,0.0,0.0,0.0,0.0,0.0,0.0,0.0,0.0,6.1
Lions,@Ind,DET,DST,Sun 4:25,0/0,0.0,0.0,0.0,0.0,0.0,0.0,0.0,0.0,0.0,6.0
Steelers,@Wsh,PIT,DST,Mon 7:10,0/0,0.0,0.0,0.0,0.0,0.0,0.0,0.0,0.0,0.0,6.0
49ers,LA,SFO,DST,Mon 10:20,0/0,0.0,0.0,0.0,0.0,0.0,0.0,0.0,0.0,0.0,5.7
Falcons,TB,ATL,DST,Sun 1:00,0/0,0.0,0.0,0.0,0.0,0.0,0.0,0.0,0.0,0.0,5.7
Colts,Det,IND,DST,Sun 4:25,0/0,0.0,0.0,0.0,0.0,0.0,0.0,0.0,0.0,0.0,5.6
Bears,@Hou,CHI,DST,Sun 1:00,0/0,0.0,0.0,0.0,0.0,0.0,0.0,0.0,0.0,0.0,5.5
Giants,@Dal,NYG,DST,Sun 4:25,0/0,0.0,0.0,0.0,0.0,0.0,0.0,0.0,0.0,0.0,5.4
Patriots,@Ari,NWE,DST,Sun 8:30,0/0,0.0,0.0,0.0,0.0,0.0,0.0,0.0,0.0,0.0,5.4
Raiders,@NO,OAK,DST,Sun 1:00,0/0,0.0,0.0,0.0,0.0,0.0,0.0,0.0,0.0,0.0,5.3
Browns,@Phi,CLE,DST,Sun 1:00,0/0,0.0,0.0,0.0,0.0,0.0,0.0,0.0,0.0,0.0,5.3
Jaguars,GB,JAC,DST,Sun 1:00,0/0,0.0,0.0,0.0,0.0,0.0,0.0,0.0,0.0,0.0,5.2
Titans,Min,TEN,DST,Sun 1:00,0/0,0.0,0.0,0.0,0.0,0.0,0.0,0.0,0.0,0.0,4.9
Saints,Oak,NOR,DST,Sun 1:00,0/0,0.0,0.0,0.0,0.0,0.0,0.0,0.0,0.0,0.0,4.9
Chargers,@KC,SDG,DST,Sun 1:00,0/0,0.0,0.0,0.0,0.0,0.0,0.0,0.0,0.0,0.0,4.3
Dolphins,@Sea,MIA,DST,Sun 4:05,0/0,0.0,0.0,0.0,0.0,0.0,0.0,0.0,0.0,0.0,3.6
Redskins,Pit,WAS,DST,Mon 7:10,0/0,0.0,0.0,0.0,0.0,0.0,0.0,0.0,0.0,0.0,3.0
Cowboys,NYG,DAL,DST,Sun 4:25,0/0,0.0,0.0,0.0,0.0,0.0,0.0,0.0,0.0,0.0,2.1
Steven Hauschka,Mia,SEA,K,Sun 4:05,0/0,0.0,0.0,0.0,0.0,0.0,0.0,0.0,0.0,0.0,9.6
Adam Vinatieri,Det,IND,K,Sun 4:25,0/0,0.0,0.0,0.0,0.0,0.0,0.0,0.0,0.0,0.0,9.6
Justin Tucker,Buf,BAL,K,Sun 1:00,0/0,0.0,0.0,0.0,0.0,0.0,0.0,0.0,0.0,0.0,8.6
Matt Bryant,TB,ATL,K,Sun 1:00,0/0,0.0,0.0,0.0,0.0,0.0,0.0,0.0,0.0,0.0,8.5
Dan Bailey,NYG,DAL,K,Sun 4:25,0/0,0.0,0.0,0.0,0.0,0.0,0.0,0.0,0.0,0.0,8.4
Blair Walsh,@Ten,MIN,K,Sun 1:00,0/0,0.0,0.0,0.0,0.0,0.0,0.0,0.0,0.0,0.0,8.4
Mason Crosby,@Jax,GNB,K,Sun 1:00,0/0,0.0,0.0,0.0,0.0,0.0,0.0,0.0,0.0,0.0,8.3
Cairo Santos,SD,KAN,K,Sun 1:00,0/0,0.0,0.0,0.0,0.0,0.0,0.0,0.0,0.0,0.0,8.2
Nick Novak,Chi,HOU,K,Sun 1:00,0/0,0.0,0.0,0.0,0.0,0.0,0.0,0.0,0.0,0.0,8.2
Roberto Aguayo,@Atl,TAM,K,Sun 1:00,0/0,0.0,0.0,0.0,0.0,0.0,0.0,0.0,0.0,0.0,8.1
Matt Prater,@Ind,DET,K,Sun 4:25,0/0,0.0,0.0,0.0,0.0,0.0,0.0,0.0,0.0,0.0,8.0
Chandler Catanzaro,NE,ARI,K,Sun 8:30,0/0,0.0,0.0,0.0,0.0,0.0,0.0,0.0,0.0,0.0,8.0
Chris Boswell,@Wsh,PIT,K,Mon 7:10,0/0,0.0,0.0,0.0,0.0,0.0,0.0,0.0,0.0,0.0,7.9
Dustin Hopkins,Pit,WAS,K,Mon 7:10,0/0,0.0,0.0,0.0,0.0,0.0,0.0,0.0,0.0,0.0,7.9
Randy Bullock,@Dal,NYG,K,Sun 4:25,0/0,0.0,0.0,0.0,0.0,0.0,0.0,0.0,0.0,0.0,7.7
Sebastian Janikowski,@NO,OAK,K,Sun 1:00,0/0,0.0,0.0,0.0,0.0,0.0,0.0,0.0,0.0,0.0,7.7
Jason Myers,GB,JAC,K,Sun 1:00,0/0,0.0,0.0,0.0,0.0,0.0,0.0,0.0,0.0,0.0,7.6
Stephen Gostkowski,@Ari,NWE,K,Sun 8:30,0/0,0.0,0.0,0.0,0.0,0.0,0.0,0.0,0.0,0.0,7.6
Dan Carpenter,@Bal,BUF,K,Sun 1:00,0/0,0.0,0.0,0.0,0.0,0.0,0.0,0.0,0.0,0.0,7.5
Caleb Sturgis,Cle,PHI,K,Sun 1:00,0/0,0.0,0.0,0.0,0.0,0.0,0.0,0.0,0.0,0.0,7.4
Phil Dawson,LA,SFO,K,Mon 10:20,0/0,0.0,0.0,0.0,0.0,0.0,0.0,0.0,0.0,0.0,7.3
Brandon McManus,Car,DEN,K,Thu 8:30,0/0,0.0,0.0,0.0,0.0,0.0,0.0,0.0,0.0,0.0,7.2
Nick Folk,Cin,NYJ,K,Sun 1:00,0/0,0.0,0.0,0.0,0.0,0.0,0.0,0.0,0.0,0.0,7.1
Graham Gano,@Den,CAR,K,Thu 8:30,0/0,0.0,0.0,0.0,0.0,0.0,0.0,0.0,0.0,0.0,7.0
Mike Nugent,@NYJ,CIN,K,Sun 1:00,0/0,0.0,0.0,0.0,0.0,0.0,0.0,0.0,0.0,0.0,6.8
Ryan Succop,Min,TEN,K,Sun 1:00,0/0,0.0,0.0,0.0,0.0,0.0,0.0,0.0,0.0,0.0,6.7
Josh Lambo,@KC,SDG,K,Sun 1:00,0/0,0.0,0.0,0.0,0.0,0.0,0.0,0.0,0.0,0.0,6.6
Patrick Murray,@Phi,CLE,K,Sun 1:00,0/0,0.0,0.0,0.0,0.0,0.0,0.0,0.0,0.0,0.0,6.5
Connor Barth,@Hou,CHI,K,Sun 1:00,0/0,0.0,0.0,0.0,0.0,0.0,0.0,0.0,0.0,0.0,6.4
Greg Zuerlein,@SF,LAR,K,Mon 10:20,0/0,0.0,0.0,0.0,0.0,0.0,0.0,0.0,0.0,0.0,6.3
Andrew Franks,@Sea,MIA,K,Sun 4:05,0/0,0.0,0.0,0.0,0.0,0.0,0.0,0.0,0.0,0.0,5.5
Jay Feely,** BYE **,FA,K,0/0,0,0.0,0.0,0.0,0.0,0.0,0.0,0.0,0.0,,
Shayne Graham,TB,ATL,K,Sun 1:00,0/0,0.0,0.0,0.0,0.0,0.0,0.0,0.0,0.0,0.0,0.0
Billy Cundiff,@Phi,CLE,K,Sun 1:00,0/0,0.0,0.0,0.0,0.0,0.0,0.0,0.0,0.0,0.0,0.0
Josh Brown,@Dal,NYG,K,Sun 4:25,0/0,0.0,0.0,0.0,0.0,0.0,0.0,0.0,0.0,0.0,0.0
Josh Scobee,Oak,NOR,K,Sun 1:00,0/0,0.0,0.0,0.0,0.0,0.0,0.0,0.0,0.0,0.0,0.0
Robbie Gould,@Hou,CHI,K,Sun 1:00,0/0,0.0,0.0,0.0,0.0,0.0,0.0,0.0,0.0,0.0,0.0
Shaun Suisham,@Wsh,PIT,K,Mon 7:10,0/0,0.0,0.0,0.0,0.0,0.0,0.0,0.0,0.0,0.0,0.0
Garrett Hartley,@Wsh,PIT,K,Mon 7:10,0/0,0.0,0.0,0.0,0.0,0.0,0.0,0.0,0.0,0.0,0.0
Alex Henery,** BYE **,FA,K,0/0,0,0.0,0.0,0.0,0.0,0.0,0.0,0.0,0.0,,
Kai Forbath,Oak,NOR,K,Sun 1:00,0/0,0.0,0.0,0.0,0.0,0.0,0.0,0.0,0.0,0.0,0.0
Brandon Bogotay,@Atl,TAM,K,Sun 1:00,0/0,0.0,0.0,0.0,0.0,0.0,0.0,0.0,0.0,0.0,0.0
Zach Hocker,@NYJ,CIN,K,Sun 1:00,0/0,0.0,0.0,0.0,0.0,0.0,0.0,0.0,0.0,0.0,0.0
Travis Coons,@Phi,CLE,K,Sun 1:00,0/0,0.0,0.0,0.0,0.0,0.0,0.0,0.0,0.0,0.0,0.0
Cody Parkey,Cle,PHI,K,Sun 1:00,0/0,0.0,0.0,0.0,0.0,0.0,0.0,0.0,0.0,0.0,0.0
Kyle Brindza,Cin,NYJ,K,Sun 1:00,0/0,0.0,0.0,0.0,0.0,0.0,0.0,0.0,0.0,0.0,0.0
Jordan Gay,@Bal,BUF,K,Sun 1:00,--/--,,,,,,,,,,
