Player,Team,Pos,Opp,WLScore,Cmp_Att,PsYds,PsTD,Int,RsAtt,RsYds,RsTD,Rec,RcYds,RcTD,Tgt,2PC,FumL,MiscTD,DefTD,FumR,Sack,Sfty,Blk,PtsAlld,1_39,40_49,50plus,KTot,XP,FFPts
Russell Wilson,SEA,QB,Hou,W 41-38,26/41,452.0,4.0,1.0,4.0,30.0,0.0,0.0,0.0,0.0,0.0,0.0,0.0,0.0,,,,,,,,,,,,35.1
Deshaun Watson,HOU,QB,@Sea,L 38-41,19/30,402.0,4.0,3.0,8.0,67.0,0.0,0.0,0.0,0.0,0.0,0.0,0.0,0.0,,,,,,,,,,,,32.8
Andy Dalton,CIN,QB,Ind,W 24-23,17/29,243.0,2.0,0.0,3.0,10.0,0.0,0.0,0.0,0.0,0.0,0.0,0.0,0.0,,,,,,,,,,,,18.7
Josh McCown,NYJ,QB,Atl,L 20-25,26/33,257.0,2.0,0.0,1.0,0.0,0.0,0.0,0.0,0.0,0.0,0.0,0.0,0.0,,,,,,,,,,,,18.3
Matthew Stafford,DET,QB,Pit,L 15-20,27/45,423.0,0.0,0.0,1.0,11.0,0.0,0.0,0.0,0.0,0.0,0.0,0.0,0.0,,,,,,,,,,,,18.0
Tom Brady,NWE,QB,LAC,W 21-13,32/47,333.0,1.0,0.0,1.0,2.0,0.0,0.0,0.0,0.0,0.0,0.0,0.0,0.0,,,,,,,,,,,,17.5
Case Keenum,MIN,QB,@Cle,W 33-16,27/43,288.0,2.0,1.0,0.0,0.0,0.0,0.0,0.0,0.0,0.0,0.0,0.0,0.0,,,,,,,,,,,,17.5
Carson Wentz,PHI,QB,SF,W 33-10,18/32,211.0,2.0,1.0,2.0,7.0,0.0,0.0,0.0,0.0,0.0,1.0,0.0,0.0,,,,,,,,,,,,17.1
Tyrod Taylor,BUF,QB,Oak,W 34-14,20/27,165.0,1.0,0.0,6.0,1.0,1.0,0.0,0.0,0.0,0.0,0.0,0.0,0.0,,,,,,,,,,,,16.7
Jacoby Brissett,IND,QB,@Cin,L 23-24,25/39,233.0,2.0,1.0,1.0,6.0,0.0,0.0,0.0,0.0,0.0,0.0,0.0,0.0,,,,,,,,,,,,15.9
Matt Ryan,ATL,QB,@NYJ,W 25-20,18/29,254.0,2.0,0.0,6.0,17.0,0.0,0.0,0.0,0.0,0.0,0.0,2.0,0.0,,,,,,,,,,,,15.9
DeShone Kizer,CLE,QB,Min,L 16-33,18/34,179.0,0.0,0.0,5.0,18.0,1.0,0.0,0.0,0.0,0.0,0.0,0.0,0.0,,,,,,,,,,,,15.0
Ben Roethlisberger,PIT,QB,@Det,W 20-15,17/31,317.0,1.0,1.0,3.0,-2.0,0.0,0.0,0.0,0.0,0.0,0.0,0.0,0.0,,,,,,,,,,,,14.5
Cam Newton,CAR,QB,@TB,W 17-3,18/32,154.0,1.0,1.0,11.0,44.0,0.0,0.0,0.0,0.0,0.0,0.0,0.0,0.0,,,,,,,,,,,,12.6
Derek Carr,OAK,QB,@Buf,L 14-34,31/49,313.0,1.0,2.0,0.0,0.0,0.0,0.0,0.0,0.0,0.0,0.0,0.0,0.0,,,,,,,,,,,,12.5
Drew Brees,NOR,QB,Chi,W 20-12,23/28,299.0,0.0,0.0,4.0,-2.0,0.0,0.0,0.0,0.0,0.0,0.0,0.0,0.0,,,,,,,,,,,,11.8
C.J. Beathard,SFO,QB,@Phi,L 10-33,17/36,167.0,1.0,2.0,6.0,40.0,0.0,0.0,0.0,0.0,0.0,0.0,0.0,0.0,,,,,,,,,,,,10.7
Kirk Cousins,WAS,QB,Dal,L 19-33,26/39,263.0,1.0,1.0,1.0,0.0,0.0,0.0,0.0,0.0,0.0,0.0,1.0,0.0,,,,,,,,,,,,10.5
Philip Rivers,LAC,QB,@NE,L 13-21,17/30,212.0,1.0,1.0,0.0,0.0,0.0,0.0,0.0,0.0,0.0,0.0,0.0,0.0,,,,,,,,,,,,10.5
Mitchell Trubisky,CHI,QB,@NO,L 12-20,14/32,164.0,0.0,1.0,3.0,53.0,0.0,0.0,0.0,0.0,0.0,0.0,0.0,0.0,,,,,,,,,,,,9.9
Joe Flacco,BAL,QB,Mia,W 40-0,10/15,101.0,1.0,0.0,1.0,9.0,0.0,0.0,0.0,0.0,0.0,0.0,0.0,0.0,,,,,,,,,,,,8.9
Dak Prescott,DAL,QB,@Wsh,W 33-19,14/22,143.0,0.0,0.0,3.0,16.0,0.0,0.0,0.0,0.0,0.0,0.0,0.0,0.0,,,,,,,,,,,,7.3
Ryan Mallett,BAL,QB,Mia,W 40-0,3/7,20.0,1.0,0.0,4.0,-3.0,0.0,0.0,0.0,0.0,0.0,0.0,0.0,0.0,,,,,,,,,,,,4.5
Jameis Winston,TAM,QB,Car,L 3-17,21/38,210.0,0.0,2.0,3.0,13.0,0.0,0.0,0.0,0.0,0.0,0.0,1.0,0.0,,,,,,,,,,,,3.7
Matt Moore,MIA,QB,@Bal,L 0-40,25/44,176.0,0.0,2.0,0.0,0.0,0.0,0.0,0.0,0.0,0.0,0.0,0.0,0.0,,,,,,,,,,,,3.0
Jay Cutler,MIA,QB,@Bal,L 0-40,0/0,0.0,0.0,0.0,0.0,0.0,0.0,0.0,0.0,0.0,0.0,0.0,0.0,0.0,,,,,,,,,,,,0.0
Jimmy Clausen,BAL,QB,Mia,W 40-0,0/0,0.0,0.0,0.0,0.0,0.0,0.0,0.0,0.0,0.0,0.0,0.0,0.0,0.0,,,,,,,,,,,,0.0
Joe Webb,BUF,QB,Oak,W 34-14,0/0,0.0,0.0,0.0,0.0,0.0,0.0,0.0,0.0,0.0,0.0,0.0,0.0,0.0,,,,,,,,,,,,0.0
Thaddeus Lewis,BAL,QB,Mia,W 40-0,0/0,0.0,0.0,0.0,0.0,0.0,0.0,0.0,0.0,0.0,0.0,0.0,0.0,0.0,,,,,,,,,,,,0.0
Ryan Tannehill,MIA,QB,@Bal,L 0-40,0/0,0.0,0.0,0.0,0.0,0.0,0.0,0.0,0.0,0.0,0.0,0.0,0.0,0.0,,,,,,,,,,,,0.0
AJ McCarron,CIN,QB,Ind,W 24-23,0/0,0.0,0.0,0.0,0.0,0.0,0.0,0.0,0.0,0.0,0.0,0.0,0.0,0.0,,,,,,,,,,,,0.0
David Fales,MIA,QB,@Bal,L 0-40,0/0,0.0,0.0,0.0,0.0,0.0,0.0,0.0,0.0,0.0,0.0,0.0,0.0,0.0,,,,,,,,,,,,0.0
Dustin Vaughan,BAL,QB,Mia,W 40-0,0/0,0.0,0.0,0.0,0.0,0.0,0.0,0.0,0.0,0.0,0.0,0.0,0.0,0.0,,,,,,,,,,,,0.0
Brandon Doughty,MIA,QB,@Bal,L 0-40,0/0,0.0,0.0,0.0,0.0,0.0,0.0,0.0,0.0,0.0,0.0,0.0,0.0,0.0,,,,,,,,,,,,0.0
Nick Foles,PHI,QB,SF,W 33-10,0/0,0.0,0.0,0.0,2.0,-2.0,0.0,0.0,0.0,0.0,0.0,0.0,0.0,0.0,,,,,,,,,,,,-0.2
Mike Vick,PIT,QB,@Det,W 20-15,,,,,,,,,,,,,,,,,,,,,,,,,,
Shaun Hill,MIN,QB,@Cle,W 33-16,,,,,,,,,,,,,,,,,,,,,,,,,,
Carson Palmer,ARI,QB,** BYE **,,,,,,,,,,,,,,,,,,,,,,,,,,,
Tony Romo,DAL,QB,@Wsh,W 33-19,,,,,,,,,,,,,,,,,,,,,,,,,,
Eli Manning,NYG,QB,** BYE **,,,,,,,,,,,,,,,,,,,,,,,,,,,
Matt Schaub,ATL,QB,@NYJ,W 25-20,,,,,,,,,,,,,,,,,,,,,,,,,,
Luke McCown,DAL,QB,@Wsh,W 33-19,,,,,,,,,,,,,,,,,,,,,,,,,,
Alex Smith,KAN,QB,Den,Mon 8:30,,,,,,,,,,,,,,,,,,,,,,,,,,
Aaron Rodgers,GNB,QB,** BYE **,,,,,,,,,,,,,,,,,,,,,,,,,,,
Dan Orlovsky,LAR,QB,** BYE **,,,,,,,,,,,,,,,,,,,,,,,,,,,
Derek Anderson,CAR,QB,@TB,W 17-3,,,,,,,,,,,,,,,,,,,,,,,,,,
Matt Cassel,TEN,QB,** BYE **,,,,,,,,,,,,,,,,,,,,,,,,,,,
Ryan Fitzpatrick,TAM,QB,Car,L 3-17,,,,,,,,,,,,,,,,,,,,,,,,,,
Kellen Clemens,LAC,QB,@NE,L 13-21,,,,,,,,,,,,,,,,,,,,,,,,,,
Tarvaris Jackson,SEA,QB,Hou,W 41-38,,,,,,,,,,,,,,,,,,,,,,,,,,
Charlie Whitehurst,CLE,QB,Min,L 16-33,,,,,,,,,,,,,,,,,,,,,,,,,,
Bruce Gradkowski,PIT,QB,@Det,W 20-15,,,,,,,,,,,,,,,,,,,,,,,,,,
Drew Stanton,ARI,QB,** BYE **,,,,,,,,,,,,,,,,,,,,,,,,,,,
Chad Henne,JAC,QB,** BYE **,,,,,,,,,,,,,,,,,,,,,,,,,,,
Josh Johnson,NYG,QB,** BYE **,,,,,,,,,,,,,,,,,,,,,,,,,,,
Matt Flynn,NOR,QB,Chi,W 20-12,,,,,,,,,,,,,,,,,,,,,,,,,,
Chase Daniel,NOR,QB,Chi,W 20-12,,,,,,,,,,,,,,,,,,,,,,,,,,
Josh Freeman,IND,QB,@Cin,L 23-24,,,,,,,,,,,,,,,,,,,,,,,,,,
Brian Hoyer,SFO,QB,@Phi,L 10-33,,,,,,,,,,,,,,,,,,,,,,,,,,
Mark Sanchez,CHI,QB,@NO,L 12-20,,,,,,,,,,,,,,,,,,,,,,,,,,
Sam Bradford,MIN,QB,@Cle,W 33-16,,,,,,,,,,,,,,,,,,,,,,,,,,
Colt McCoy,WAS,QB,Dal,L 19-33,,,,,,,,,,,,,,,,,,,,,,,,,,
Dan LeFevour,TAM,QB,Car,L 3-17,,,,,,,,,,,,,,,,,,,,,,,,,,
Christian Ponder,SFO,QB,@Phi,L 10-33,,,,,,,,,,,,,,,,,,,,,,,,,,
Blaine Gabbert,ARI,QB,** BYE **,,,,,,,,,,,,,,,,,,,,,,,,,,,
Colin Kaepernick,SFO,QB,@Phi,L 10-33,,,,,,,,,,,,,,,,,,,,,,,,,,
T.J. Yates,BUF,QB,Oak,W 34-14,,,,,,,,,,,,,,,,,,,,,,,,,,
Jerrod Johnson,DAL,QB,@Wsh,W 33-19,,,,,,,,,,,,,,,,,,,,,,,,,,
Scott Tolzien,IND,QB,@Cin,L 23-24,,,,,,,,,,,,,,,,,,,,,,,,,,
Andrew Luck,IND,QB,@Cin,L 23-24,,,,,,,,,,,,,,,,,,,,,,,,,,
Robert Griffin III,CLE,QB,Min,L 16-33,,,,,,,,,,,,,,,,,,,,,,,,,,
Brandon Weeden,TEN,QB,** BYE **,,,,,,,,,,,,,,,,,,,,,,,,,,,
Brock Osweiler,DEN,QB,@KC,Mon 8:30,,,,,,,,,,,,,,,,,,,,,,,,,,
Kellen Moore,DAL,QB,@Wsh,W 33-19,,,,,,,,,,,,,,,,,,,,,,,,,,
Ryan Lindley,IND,QB,@Cin,L 23-24,,,,,,,,,,,,,,,,,,,,,,,,,,
Austin Davis,SEA,QB,Hou,W 41-38,,,,,,,,,,,,,,,,,,,,,,,,,,
Matt Simms,ATL,QB,@NYJ,W 25-20,,,,,,,,,,,,,,,,,,,,,,,,,,
Alex Tanney,TEN,QB,** BYE **,,,,,,,,,,,,,,,,,,,,,,,,,,,
EJ Manuel,OAK,QB,@Buf,L 14-34,,,,,,,,,,,,,,,,,,,,,,,,,,
Mike Glennon,CHI,QB,@NO,L 12-20,,,,,,,,,,,,,,,,,,,,,,,,,,
Geno Smith,NYG,QB,** BYE **,,,,,,,,,,,,,,,,,,,,,,,,,,,
Ryan Nassib,JAC,QB,** BYE **,,,,,,,,,,,,,,,,,,,,,,,,,,,
Sean Renfree,ATL,QB,@NYJ,W 25-20,,,,,,,,,,,,,,,,,,,,,,,,,,
Landry Jones,PIT,QB,@Det,W 20-15,,,,,,,,,,,,,,,,,,,,,,,,,,
Zac Dysert,ARI,QB,** BYE **,,,,,,,,,,,,,,,,,,,,,,,,,,,
Matt Barkley,SFO,QB,@Phi,L 10-33,,,,,,,,,,,,,,,,,,,,,,,,,,
Ryan Griffin,TAM,QB,Car,L 3-17,,,,,,,,,,,,,,,,,,,,,,,,,,
Tyler Bray,KAN,QB,Den,Mon 8:30,,,,,,,,,,,,,,,,,,,,,,,,,,
Matt McGloin,PHI,QB,SF,W 33-10,,,,,,,,,,,,,,,,,,,,,,,,,,
Blake Bortles,JAC,QB,** BYE **,,,,,,,,,,,,,,,,,,,,,,,,,,,
Teddy Bridgewater,MIN,QB,@Cle,W 33-16,,,,,,,,,,,,,,,,,,,,,,,,,,
Johnny Manziel,CLE,QB,Min,L 16-33,,,,,,,,,,,,,,,,,,,,,,,,,,
Jimmy Garoppolo,NWE,QB,LAC,W 21-13,,,,,,,,,,,,,,,,,,,,,,,,,,
Tajh Boyd,PIT,QB,@Det,W 20-15,,,,,,,,,,,,,,,,,,,,,,,,,,
Zach Mettenberger,PIT,QB,@Det,W 20-15,,,,,,,,,,,,,,,,,,,,,,,,,,
Keith Wenning,BUF,QB,Oak,W 34-14,,,,,,,,,,,,,,,,,,,,,,,,,,
Tom Savage,HOU,QB,@Sea,L 38-41,,,,,,,,,,,,,,,,,,,,,,,,,,
Aaron Murray,KAN,QB,Den,Mon 8:30,,,,,,,,,,,,,,,,,,,,,,,,,,
Matt Blanchard,CHI,QB,@NO,L 12-20,,,,,,,,,,,,,,,,,,,,,,,,,,
Connor Shaw,CHI,QB,@NO,L 12-20,,,,,,,,,,,,,,,,,,,,,,,,,,
Bryce Petty,NYJ,QB,Atl,L 20-25,,,,,,,,,,,,,,,,,,,,,,,,,,
Trevor Siemian,DEN,QB,@KC,Mon 8:30,,,,,,,,,,,,,,,,,,,,,,,,,,
Dylan Thompson,LAR,QB,** BYE **,,,,,,,,,,,,,,,,,,,,,,,,,,,
Sean Mannion,LAR,QB,** BYE **,,,,,,,,,,,,,,,,,,,,,,,,,,,
Garrett Grayson,NOR,QB,Chi,W 20-12,,,,,,,,,,,,,,,,,,,,,,,,,,
Marcus Mariota,TEN,QB,** BYE **,,,,,,,,,,,,,,,,,,,,,,,,,,,
Brett Hundley,GNB,QB,** BYE **,,,,,,,,,,,,,,,,,,,,,,,,,,,
Jared Goff,LAR,QB,** BYE **,,,,,,,,,,,,,,,,,,,,,,,,,,,
Paxton Lynch,DEN,QB,@KC,Mon 8:30,,,,,,,,,,,,,,,,,,,,,,,,,,
Christian Hackenberg,NYJ,QB,Atl,L 20-25,,,,,,,,,,,,,,,,,,,,,,,,,,
Cody Kessler,CLE,QB,Min,L 16-33,,,,,,,,,,,,,,,,,,,,,,,,,,
Connor Cook,OAK,QB,@Buf,L 14-34,,,,,,,,,,,,,,,,,,,,,,,,,,
Cardale Jones,LAC,QB,@NE,L 13-21,,,,,,,,,,,,,,,,,,,,,,,,,,
Kevin Hogan,CLE,QB,Min,L 16-33,,,,,,,,,,,,,,,,,,,,,,,,,,
Nate Sudfeld,WAS,QB,Dal,L 19-33,,,,,,,,,,,,,,,,,,,,,,,,,,
Jake Rudock,DET,QB,Pit,L 15-20,,,,,,,,,,,,,,,,,,,,,,,,,,
Brandon Allen,LAR,QB,** BYE **,,,,,,,,,,,,,,,,,,,,,,,,,,,
Jeff Driskel,CIN,QB,Ind,W 24-23,,,,,,,,,,,,,,,,,,,,,,,,,,
Trevone Boykin,SEA,QB,Hou,W 41-38,,,,,,,,,,,,,,,,,,,,,,,,,,
Taylor Heinicke,MIN,QB,@Cle,W 33-16,,,,,,,,,,,,,,,,,,,,,,,,,,
Stephen Morris,IND,QB,@Cin,L 23-24,,,,,,,,,,,,,,,,,,,,,,,,,,
Joe Callahan,GNB,QB,** BYE **,,,,,,,,,,,,,,,,,,,,,,,,,,,
Brad Kaaya,DET,QB,Pit,L 15-20,,,,,,,,,,,,,,,,,,,,,,,,,,
Chad Kelly,DEN,QB,@KC,Mon 8:30,,,,,,,,,,,,,,,,,,,,,,,,,,
Patrick Mahomes,KAN,QB,Den,Mon 8:30,,,,,,,,,,,,,,,,,,,,,,,,,,
Joshua Dobbs,PIT,QB,@Det,W 20-15,,,,,,,,,,,,,,,,,,,,,,,,,,
Nathan Peterman,BUF,QB,Oak,W 34-14,,,,,,,,,,,,,,,,,,,,,,,,,,
Davis Webb,NYG,QB,** BYE **,,,,,,,,,,,,,,,,,,,,,,,,,,,
Cooper Rush,DAL,QB,@Wsh,W 33-19,,,,,,,,,,,,,,,,,,,,,,,,,,
Taysom Hill,NOR,QB,Chi,W 20-12,,,,,,,,,,,,,,,,,,,,,,,,,,
Ezekiel Elliott,DAL,RB,@Wsh,W 33-19,0/0,0.0,0.0,0.0,33.0,150.0,2.0,1.0,4.0,0.0,2.0,0.0,1.0,0.0,,,,,,,,,,,,25.4
LeSean McCoy,BUF,RB,Oak,W 34-14,0/0,0.0,0.0,0.0,27.0,151.0,1.0,6.0,22.0,0.0,7.0,0.0,0.0,0.0,,,,,,,,,,,,23.3
Jerick McKinnon,MIN,RB,@Cle,W 33-16,0/0,0.0,0.0,0.0,14.0,50.0,1.0,6.0,72.0,0.0,10.0,1.0,0.0,0.0,,,,,,,,,,,,20.2
Melvin Gordon,LAC,RB,@NE,L 13-21,0/0,0.0,0.0,0.0,14.0,132.0,1.0,1.0,7.0,0.0,2.0,0.0,0.0,0.0,,,,,,,,,,,,19.9
Lamar Miller,HOU,RB,@Sea,L 38-41,0/0,0.0,0.0,0.0,21.0,54.0,1.0,3.0,19.0,1.0,3.0,0.0,0.0,0.0,,,,,,,,,,,,19.3
Isaiah Crowell,CLE,RB,Min,L 16-33,0/0,0.0,0.0,0.0,11.0,64.0,1.0,4.0,54.0,0.0,6.0,0.0,1.0,0.0,,,,,,,,,,,,15.8
Alex Collins,BAL,RB,Mia,W 40-0,0/0,0.0,0.0,0.0,18.0,113.0,0.0,2.0,30.0,0.0,2.0,0.0,0.0,0.0,,,,,,,,,,,,14.3
Alvin Kamara,NOR,RB,Chi,W 20-12,0/0,0.0,0.0,0.0,8.0,28.0,1.0,3.0,48.0,0.0,3.0,0.0,0.0,0.0,,,,,,,,,,,,13.6
DeAndre Washington,OAK,RB,@Buf,L 14-34,0/0,0.0,0.0,0.0,6.0,26.0,0.0,8.0,62.0,1.0,10.0,0.0,1.0,0.0,,,,,,,,,,,,12.8
Marlon Mack,IND,RB,@Cin,L 23-24,0/0,0.0,0.0,0.0,11.0,27.0,0.0,3.0,36.0,1.0,5.0,0.0,0.0,0.0,,,,,,,,,,,,12.3
Le'Veon Bell,PIT,RB,@Det,W 20-15,0/0,0.0,0.0,0.0,25.0,76.0,1.0,2.0,5.0,0.0,3.0,0.0,1.0,0.0,,,,,,,,,,,,12.1
Jordan Howard,CHI,RB,@NO,L 12-20,0/0,0.0,0.0,0.0,23.0,102.0,0.0,3.0,19.0,0.0,5.0,0.0,0.0,0.0,,,,,,,,,,,,12.1
Mark Ingram,NOR,RB,Chi,W 20-12,0/0,0.0,0.0,0.0,18.0,75.0,1.0,6.0,24.0,0.0,6.0,0.0,2.0,0.0,,,,,,,,,,,,11.9
Matt Breida,SFO,RB,@Phi,L 10-33,0/0,0.0,0.0,0.0,5.0,17.0,0.0,4.0,39.0,1.0,6.0,0.0,0.0,0.0,,,,,,,,,,,,11.6
LeGarrette Blount,PHI,RB,SF,W 33-10,0/0,0.0,0.0,0.0,16.0,48.0,1.0,1.0,4.0,0.0,1.0,0.0,0.0,0.0,,,,,,,,,,,,11.2
Tevin Coleman,ATL,RB,@NYJ,W 25-20,0/0,0.0,0.0,0.0,14.0,82.0,0.0,1.0,22.0,0.0,1.0,0.0,0.0,0.0,,,,,,,,,,,,10.4
Frank Gore,IND,RB,@Cin,L 23-24,0/0,0.0,0.0,0.0,16.0,82.0,0.0,4.0,19.0,0.0,4.0,0.0,0.0,0.0,,,,,,,,,,,,10.1
Jonathan Stewart,CAR,RB,@TB,W 17-3,0/0,0.0,0.0,0.0,11.0,34.0,1.0,0.0,0.0,0.0,0.0,0.0,0.0,0.0,,,,,,,,,,,,9.4
Joe Mixon,CIN,RB,Ind,W 24-23,0/0,0.0,0.0,0.0,11.0,18.0,0.0,3.0,91.0,0.0,3.0,0.0,1.0,0.0,,,,,,,,,,,,8.9
James White,NWE,RB,LAC,W 21-13,0/0,0.0,0.0,0.0,1.0,2.0,0.0,5.0,85.0,0.0,6.0,0.0,0.0,0.0,,,,,,,,,,,,8.7
Rex Burkhead,NWE,RB,LAC,W 21-13,0/0,0.0,0.0,0.0,4.0,15.0,0.0,7.0,68.0,0.0,7.0,0.0,0.0,0.0,,,,,,,,,,,,8.3
Rob Kelley,WAS,RB,Dal,L 19-33,0/0,0.0,0.0,0.0,8.0,19.0,1.0,0.0,0.0,0.0,1.0,0.0,0.0,0.0,,,,,,,,,,,,7.9
Doug Martin,TAM,RB,Car,L 3-17,0/0,0.0,0.0,0.0,18.0,71.0,0.0,1.0,4.0,0.0,2.0,0.0,0.0,0.0,,,,,,,,,,,,7.5
Chris Thompson,WAS,RB,Dal,L 19-33,0/0,0.0,0.0,0.0,4.0,18.0,0.0,8.0,76.0,0.0,9.0,0.0,1.0,0.0,,,,,,,,,,,,7.4
Tarik Cohen,CHI,RB,@NO,L 12-20,0/0,0.0,0.0,0.0,4.0,2.0,1.0,1.0,6.0,0.0,3.0,0.0,0.0,0.0,,,,,,,,,,,,6.8
Tre Madden,SEA,RB,Hou,W 41-38,0/0,0.0,0.0,0.0,0.0,0.0,0.0,1.0,66.0,0.0,1.0,0.0,0.0,0.0,,,,,,,,,,,,6.6
Jamize Olawale,OAK,RB,@Buf,L 14-34,0/0,0.0,0.0,0.0,2.0,3.0,1.0,0.0,0.0,0.0,0.0,0.0,0.0,0.0,,,,,,,,,,,,6.3
Bilal Powell,NYJ,RB,Atl,L 20-25,0/0,0.0,0.0,0.0,14.0,33.0,0.0,3.0,28.0,0.0,3.0,0.0,0.0,0.0,,,,,,,,,,,,6.1
Devonta Freeman,ATL,RB,@NYJ,W 25-20,0/0,0.0,0.0,0.0,12.0,41.0,0.0,1.0,20.0,0.0,3.0,0.0,0.0,0.0,,,,,,,,,,,,6.1
Javorius Allen,BAL,RB,Mia,W 40-0,0/0,0.0,0.0,0.0,17.0,55.0,0.0,1.0,2.0,0.0,3.0,0.0,0.0,0.0,,,,,,,,,,,,5.7
Dion Lewis,NWE,RB,LAC,W 21-13,0/0,0.0,0.0,0.0,15.0,44.0,0.0,2.0,10.0,0.0,2.0,0.0,0.0,0.0,,,,,,,,,,,,5.4
Corey Clement,PHI,RB,SF,W 33-10,0/0,0.0,0.0,0.0,10.0,54.0,0.0,0.0,0.0,0.0,1.0,0.0,0.0,0.0,,,,,,,,,,,,5.4
Matt Forte,NYJ,RB,Atl,L 20-25,0/0,0.0,0.0,0.0,4.0,7.0,0.0,6.0,45.0,0.0,7.0,0.0,0.0,0.0,,,,,,,,,,,,5.2
Christian McCaffrey,CAR,RB,@TB,W 17-3,0/0,0.0,0.0,0.0,4.0,3.0,0.0,5.0,49.0,0.0,7.0,0.0,0.0,0.0,,,,,,,,,,,,5.2
Latavius Murray,MIN,RB,@Cle,W 33-16,0/0,0.0,0.0,0.0,19.0,39.0,0.0,1.0,8.0,0.0,1.0,0.0,0.0,0.0,,,,,,,,,,,,4.7
Carlos Hyde,SFO,RB,@Phi,L 10-33,0/0,0.0,0.0,0.0,12.0,25.0,0.0,4.0,22.0,0.0,9.0,0.0,0.0,0.0,,,,,,,,,,,,4.7
Theo Riddick,DET,RB,Pit,L 15-20,0/0,0.0,0.0,0.0,4.0,21.0,0.0,2.0,24.0,0.0,2.0,0.0,0.0,0.0,,,,,,,,,,,,4.5
Duke Johnson Jr.,CLE,RB,Min,L 16-33,0/0,0.0,0.0,0.0,6.0,33.0,0.0,4.0,10.0,0.0,5.0,0.0,0.0,0.0,,,,,,,,,,,,4.3
Jay Ajayi,MIA,RB,@Bal,L 0-40,0/0,0.0,0.0,0.0,13.0,23.0,0.0,4.0,18.0,0.0,4.0,0.0,0.0,0.0,,,,,,,,,,,,4.1
Ameer Abdullah,DET,RB,Pit,L 15-20,0/0,0.0,0.0,0.0,11.0,27.0,0.0,3.0,11.0,0.0,3.0,0.0,0.0,0.0,,,,,,,,,,,,3.8
Jalen Richard,OAK,RB,@Buf,L 14-34,0/0,0.0,0.0,0.0,5.0,21.0,0.0,5.0,35.0,0.0,7.0,0.0,1.0,0.0,,,,,,,,,,,,3.6
Mike Gillislee,NWE,RB,LAC,W 21-13,0/0,0.0,0.0,0.0,11.0,34.0,0.0,0.0,0.0,0.0,0.0,0.0,0.0,0.0,,,,,,,,,,,,3.4
Kenyan Drake,MIA,RB,@Bal,L 0-40,0/0,0.0,0.0,0.0,6.0,22.0,0.0,0.0,0.0,0.0,1.0,0.0,0.0,0.0,,,,,,,,,,,,2.2
Alfred Blue,HOU,RB,@Sea,L 38-41,0/0,0.0,0.0,0.0,5.0,21.0,0.0,0.0,0.0,0.0,0.0,0.0,0.0,0.0,,,,,,,,,,,,2.1
Austin Ekeler,LAC,RB,@NE,L 13-21,0/0,0.0,0.0,0.0,2.0,8.0,0.0,1.0,13.0,0.0,1.0,0.0,0.0,0.0,,,,,,,,,,,,2.1
Dwayne Washington,DET,RB,Pit,L 15-20,0/0,0.0,0.0,0.0,6.0,12.0,0.0,1.0,4.0,0.0,1.0,0.0,0.0,0.0,,,,,,,,,,,,1.6
Matthew Dayes,CLE,RB,Min,L 16-33,0/0,0.0,0.0,0.0,0.0,0.0,0.0,1.0,15.0,0.0,1.0,0.0,0.0,0.0,,,,,,,,,,,,1.5
Wendell Smallwood,PHI,RB,SF,W 33-10,0/0,0.0,0.0,0.0,1.0,5.0,0.0,1.0,9.0,0.0,2.0,0.0,0.0,0.0,,,,,,,,,,,,1.4
Mike Tolbert,BUF,RB,Oak,W 34-14,0/0,0.0,0.0,0.0,4.0,14.0,0.0,1.0,-2.0,0.0,1.0,0.0,0.0,0.0,,,,,,,,,,,,1.2
Kyle Juszczyk,SFO,RB,@Phi,L 10-33,0/0,0.0,0.0,0.0,1.0,12.0,0.0,0.0,0.0,0.0,0.0,0.0,0.0,0.0,,,,,,,,,,,,1.2
J.D. McKissic,SEA,RB,Hou,W 41-38,0/0,0.0,0.0,0.0,4.0,6.0,0.0,1.0,6.0,0.0,2.0,0.0,0.0,0.0,,,,,,,,,,,,1.2
Kenjon Barner,PHI,RB,SF,W 33-10,0/0,0.0,0.0,0.0,0.0,0.0,0.0,2.0,11.0,0.0,2.0,0.0,0.0,0.0,,,,,,,,,,,,1.1
Jeremy Hill,CIN,RB,Ind,W 24-23,0/0,0.0,0.0,0.0,4.0,11.0,0.0,0.0,0.0,0.0,0.0,0.0,0.0,0.0,,,,,,,,,,,,1.1
Cameron Artis-Payne,CAR,RB,@TB,W 17-3,0/0,0.0,0.0,0.0,4.0,8.0,0.0,1.0,2.0,0.0,1.0,0.0,0.0,0.0,,,,,,,,,,,,1.0
Giovani Bernard,CIN,RB,Ind,W 24-23,0/0,0.0,0.0,0.0,2.0,5.0,0.0,0.0,0.0,0.0,2.0,0.0,0.0,0.0,,,,,,,,,,,,0.5
Alfred Morris,DAL,RB,@Wsh,W 33-19,0/0,0.0,0.0,0.0,3.0,3.0,0.0,0.0,0.0,0.0,0.0,0.0,0.0,0.0,,,,,,,,,,,,0.3
Branden Oliver,LAC,RB,@NE,L 13-21,0/0,0.0,0.0,0.0,3.0,3.0,0.0,0.0,0.0,0.0,0.0,0.0,0.0,0.0,,,,,,,,,,,,0.3
Elijah McGuire,NYJ,RB,Atl,L 20-25,0/0,0.0,0.0,0.0,1.0,2.0,0.0,0.0,0.0,0.0,0.0,0.0,0.0,0.0,,,,,,,,,,,,0.2
James Conner,PIT,RB,@Det,W 20-15,0/0,0.0,0.0,0.0,1.0,1.0,0.0,0.0,0.0,0.0,0.0,0.0,0.0,0.0,,,,,,,,,,,,0.1
Danny Woodhead,BAL,RB,Mia,W 40-0,0/0,0.0,0.0,0.0,0.0,0.0,0.0,0.0,0.0,0.0,0.0,0.0,0.0,0.0,,,,,,,,,,,,0.0
Arian Foster,MIA,RB,@Bal,L 0-40,0/0,0.0,0.0,0.0,0.0,0.0,0.0,0.0,0.0,0.0,0.0,0.0,0.0,0.0,,,,,,,,,,,,0.0
James Develin,NWE,RB,LAC,W 21-13,0/0,0.0,0.0,0.0,0.0,0.0,0.0,0.0,0.0,0.0,1.0,0.0,0.0,0.0,,,,,,,,,,,,0.0
Daniel Thomas,MIA,RB,@Bal,L 0-40,0/0,0.0,0.0,0.0,0.0,0.0,0.0,0.0,0.0,0.0,0.0,0.0,0.0,0.0,,,,,,,,,,,,0.0
Jordan Todman,HOU,RB,@Sea,L 38-41,0/0,0.0,0.0,0.0,0.0,0.0,0.0,0.0,0.0,0.0,0.0,0.0,0.0,0.0,,,,,,,,,,,,0.0
Trent Richardson,BAL,RB,Mia,W 40-0,0/0,0.0,0.0,0.0,0.0,0.0,0.0,0.0,0.0,0.0,0.0,0.0,0.0,0.0,,,,,,,,,,,,0.0
Isaiah Pead,MIA,RB,@Bal,L 0-40,0/0,0.0,0.0,0.0,0.0,0.0,0.0,0.0,0.0,0.0,0.0,0.0,0.0,0.0,,,,,,,,,,,,0.0
LaMike James,MIA,RB,@Bal,L 0-40,0/0,0.0,0.0,0.0,0.0,0.0,0.0,0.0,0.0,0.0,0.0,0.0,0.0,0.0,,,,,,,,,,,,0.0
Derrick Coleman,ATL,RB,@NYJ,W 25-20,0/0,0.0,0.0,0.0,0.0,0.0,0.0,0.0,0.0,0.0,0.0,0.0,0.0,0.0,,,,,,,,,,,,0.0
Bobby Rainey Jr.,BAL,RB,Mia,W 40-0,0/0,0.0,0.0,0.0,0.0,0.0,0.0,0.0,0.0,0.0,0.0,0.0,0.0,0.0,,,,,,,,,,,,0.0
Eddie Lacy,SEA,RB,Hou,W 41-38,0/0,0.0,0.0,0.0,6.0,0.0,0.0,0.0,0.0,0.0,0.0,0.0,0.0,0.0,,,,,,,,,,,,0.0
Benny Cunningham,CHI,RB,@NO,L 12-20,0/0,0.0,0.0,0.0,1.0,0.0,0.0,1.0,0.0,0.0,1.0,0.0,0.0,0.0,,,,,,,,,,,,0.0
Zach Line,NOR,RB,Chi,W 20-12,0/0,0.0,0.0,0.0,0.0,0.0,0.0,0.0,0.0,0.0,0.0,0.0,0.0,0.0,,,,,,,,,,,,0.0
Terrance West,BAL,RB,Mia,W 40-0,0/0,0.0,0.0,0.0,0.0,0.0,0.0,0.0,0.0,0.0,0.0,0.0,0.0,0.0,,,,,,,,,,,,0.0
Storm Johnson,MIA,RB,@Bal,L 0-40,0/0,0.0,0.0,0.0,0.0,0.0,0.0,0.0,0.0,0.0,0.0,0.0,0.0,0.0,,,,,,,,,,,,0.0
Lorenzo Taliaferro,BAL,RB,Mia,W 40-0,0/0,0.0,0.0,0.0,0.0,0.0,0.0,0.0,0.0,0.0,0.0,0.0,0.0,0.0,,,,,,,,,,,,0.0
Senorise Perry,MIA,RB,@Bal,L 0-40,0/0,0.0,0.0,0.0,0.0,0.0,0.0,0.0,0.0,0.0,0.0,0.0,0.0,0.0,,,,,,,,,,,,0.0
Roosevelt Nix,PIT,RB,@Det,W 20-15,0/0,0.0,0.0,0.0,0.0,0.0,0.0,0.0,0.0,0.0,0.0,0.0,0.0,0.0,,,,,,,,,,,,0.0
Jeremy Langford,BAL,RB,Mia,W 40-0,0/0,0.0,0.0,0.0,0.0,0.0,0.0,0.0,0.0,0.0,0.0,0.0,0.0,0.0,,,,,,,,,,,,0.0
Kenneth Dixon,BAL,RB,Mia,W 40-0,0/0,0.0,0.0,0.0,0.0,0.0,0.0,0.0,0.0,0.0,0.0,0.0,0.0,0.0,,,,,,,,,,,,0.0
Danny Vitale,CLE,RB,Min,L 16-33,0/0,0.0,0.0,0.0,0.0,0.0,0.0,0.0,0.0,0.0,0.0,0.0,0.0,0.0,,,,,,,,,,,,0.0
Peyton Barber,TAM,RB,Car,L 3-17,0/0,0.0,0.0,0.0,0.0,0.0,0.0,0.0,0.0,0.0,0.0,0.0,0.0,0.0,,,,,,,,,,,,0.0
Damien Williams,MIA,RB,@Bal,L 0-40,0/0,0.0,0.0,0.0,0.0,0.0,0.0,1.0,-1.0,0.0,2.0,0.0,0.0,0.0,,,,,,,,,,,,-0.1
Thomas Rawls,SEA,RB,Hou,W 41-38,0/0,0.0,0.0,0.0,6.0,-1.0,0.0,0.0,0.0,0.0,1.0,0.0,0.0,0.0,,,,,,,,,,,,-0.1
Jacquizz Rodgers,TAM,RB,Car,L 3-17,0/0,0.0,0.0,0.0,1.0,1.0,0.0,1.0,-5.0,0.0,1.0,0.0,0.0,0.0,,,,,,,,,,,,-0.4
Steven Jackson,NWE,RB,LAC,W 21-13,,,,,,,,,,,,,,,,,,,,,,,,,,
Darren Sproles,PHI,RB,SF,W 33-10,,,,,,,,,,,,,,,,,,,,,,,,,,
John Kuhn,NOR,RB,Chi,W 20-12,,,,,,,,,,,,,,,,,,,,,,,,,,
Reggie Bush,BUF,RB,Oak,W 34-14,,,,,,,,,,,,,,,,,,,,,,,,,,
DeAngelo Williams,PIT,RB,@Det,W 20-15,,,,,,,,,,,,,,,,,,,,,,,,,,
Fred Jackson,SEA,RB,Hou,W 41-38,,,,,,,,,,,,,,,,,,,,,,,,,,
Adrian Peterson,ARI,RB,** BYE **,,,,,,,,,,,,,,,,,,,,,,,,,,,
Marshawn Lynch,OAK,RB,@Buf,L 14-34,,,,,,,,,,,,,,,,,,,,,,,,,,
Ahmad Bradshaw,IND,RB,@Cin,L 23-24,,,,,,,,,,,,,,,,,,,,,,,,,,
Pierre Thomas,WAS,RB,Dal,L 19-33,,,,,,,,,,,,,,,,,,,,,,,,,,
Darren McFadden,DAL,RB,@Wsh,W 33-19,,,,,,,,,,,,,,,,,,,,,,,,,,
Chris Johnson,ARI,RB,** BYE **,,,,,,,,,,,,,,,,,,,,,,,,,,,
Jamaal Charles,DEN,RB,@KC,Mon 8:30,,,,,,,,,,,,,,,,,,,,,,,,,,
Jerome Felton,BUF,RB,Oak,W 34-14,,,,,,,,,,,,,,,,,,,,,,,,,,
Tim Hightower,SFO,RB,@Phi,L 10-33,,,,,,,,,,,,,,,,,,,,,,,,,,
Justin Forsett,DEN,RB,@KC,Mon 8:30,,,,,,,,,,,,,,,,,,,,,,,,,,
Marcel Reece,SEA,RB,Hou,W 41-38,,,,,,,,,,,,,,,,,,,,,,,,,,
Donald Brown,NWE,RB,LAC,W 21-13,,,,,,,,,,,,,,,,,,,,,,,,,,
Rashad Jennings,NYG,RB,** BYE **,,,,,,,,,,,,,,,,,,,,,,,,,,,
Jorvorskie Lane,TAM,RB,Car,L 3-17,,,,,,,,,,,,,,,,,,,,,,,,,,
Cedric Peerman,CIN,RB,Ind,W 24-23,,,,,,,,,,,,,,,,,,,,,,,,,,
Marcus Thigpen,BUF,RB,Oak,W 34-14,,,,,,,,,,,,,,,,,,,,,,,,,,
Darrel Young,CAR,RB,@TB,W 17-3,,,,,,,,,,,,,,,,,,,,,,,,,,
Antone Smith,TAM,RB,Car,L 3-17,,,,,,,,,,,,,,,,,,,,,,,,,,
C.J. Spiller,KAN,RB,Den,Mon 8:30,,,,,,,,,,,,,,,,,,,,,,,,,,
Ryan Mathews,PHI,RB,SF,W 33-10,,,,,,,,,,,,,,,,,,,,,,,,,,
Dexter McCluster,LAC,RB,@NE,L 13-21,,,,,,,,,,,,,,,,,,,,,,,,,,
Ben Tate,PIT,RB,@Det,W 20-15,,,,,,,,,,,,,,,,,,,,,,,,,,
Toby Gerhart,JAC,RB,** BYE **,,,,,,,,,,,,,,,,,,,,,,,,,,,
Boobie Dixon,BUF,RB,Oak,W 34-14,,,,,,,,,,,,,,,,,,,,,,,,,,
James Starks,GNB,RB,** BYE **,,,,,,,,,,,,,,,,,,,,,,,,,,,
Joique Bell,DET,RB,Pit,L 15-20,,,,,,,,,,,,,,,,,,,,,,,,,,
Chris Ivory,JAC,RB,** BYE **,,,,,,,,,,,,,,,,,,,,,,,,,,,
Tyler Clutts,DAL,RB,@Wsh,W 33-19,,,,,,,,,,,,,,,,,,,,,,,,,,
DeMarco Murray,TEN,RB,** BYE **,,,,,,,,,,,,,,,,,,,,,,,,,,,
Shane Vereen,NYG,RB,** BYE **,,,,,,,,,,,,,,,,,,,,,,,,,,,
Stevan Ridley,MIN,RB,@Cle,W 33-16,,,,,,,,,,,,,,,,,,,,,,,,,,
Ryan Williams,DAL,RB,@Wsh,W 33-19,,,,,,,,,,,,,,,,,,,,,,,,,,
Anthony Sherman,KAN,RB,Den,Mon 8:30,,,,,,,,,,,,,,,,,,,,,,,,,,
Kendall Hunter,NOR,RB,Chi,W 20-12,,,,,,,,,,,,,,,,,,,,,,,,,,
Taiwan Jones,BUF,RB,Oak,W 34-14,,,,,,,,,,,,,,,,,,,,,,,,,,
Roy Helu Jr.,OAK,RB,@Buf,L 14-34,,,,,,,,,,,,,,,,,,,,,,,,,,
DuJuan Harris,JAC,RB,** BYE **,,,,,,,,,,,,,,,,,,,,,,,,,,,
Patrick DiMarco,BUF,RB,Oak,W 34-14,,,,,,,,,,,,,,,,,,,,,,,,,,
Matt Asiata,DET,RB,Pit,L 15-20,,,,,,,,,,,,,,,,,,,,,,,,,,
Shaun Draughn,NYG,RB,** BYE **,,,,,,,,,,,,,,,,,,,,,,,,,,,
Chase Reynolds,LAR,RB,** BYE **,,,,,,,,,,,,,,,,,,,,,,,,,,,
Will Johnson,NYG,RB,** BYE **,,,,,,,,,,,,,,,,,,,,,,,,,,,
Chris Polk,HOU,RB,@Sea,L 38-41,,,,,,,,,,,,,,,,,,,,,,,,,,
Bernard Pierce,DEN,RB,@KC,Mon 8:30,,,,,,,,,,,,,,,,,,,,,,,,,,
Robert Turbin,IND,RB,@Cin,L 23-24,,,,,,,,,,,,,,,,,,,,,,,,,,
Ronnie Hillman,DAL,RB,@Wsh,W 33-19,,,,,,,,,,,,,,,,,,,,,,,,,,
Cyrus Gray,ATL,RB,@NYJ,W 25-20,,,,,,,,,,,,,,,,,,,,,,,,,,
Vick Ballard,NOR,RB,Chi,W 20-12,,,,,,,,,,,,,,,,,,,,,,,,,,
Daniel Herron,BUF,RB,Oak,W 34-14,,,,,,,,,,,,,,,,,,,,,,,,,,
Bryce Brown,SEA,RB,Hou,W 41-38,,,,,,,,,,,,,,,,,,,,,,,,,,
Daryl Richardson,IND,RB,@Cin,L 23-24,,,,,,,,,,,,,,,,,,,,,,,,,,
Cory Harkey,LAR,RB,** BYE **,,,,,,,,,,,,,,,,,,,,,,,,,,,
Joe Banyard,BUF,RB,Oak,W 34-14,,,,,,,,,,,,,,,,,,,,,,,,,,
Jonas Gray,JAC,RB,** BYE **,,,,,,,,,,,,,,,,,,,,,,,,,,,
Lance Dunbar,LAR,RB,** BYE **,,,,,,,,,,,,,,,,,,,,,,,,,,,
Travaris Cadet,NYJ,RB,Atl,L 20-25,,,,,,,,,,,,,,,,,,,,,,,,,,
Brandon Bolden,NWE,RB,LAC,W 21-13,,,,,,,,,,,,,,,,,,,,,,,,,,
Jonathan Grimes,JAC,RB,** BYE **,,,,,,,,,,,,,,,,,,,,,,,,,,,
Fozzy Whittaker,CAR,RB,@TB,W 17-3,,,,,,,,,,,,,,,,,,,,,,,,,,
Montee Ball,FA,RB,** BYE **,,,,,,,,,,,,,,,,,,,,,,,,,,,
Knile Davis,PIT,RB,@Det,W 20-15,,,,,,,,,,,,,,,,,,,,,,,,,,
Christine Michael,IND,RB,@Cin,L 23-24,,,,,,,,,,,,,,,,,,,,,,,,,,
Andre Ellington,ARI,RB,** BYE **,,,,,,,,,,,,,,,,,,,,,,,,,,,
Denard Robinson,JAC,RB,** BYE **,,,,,,,,,,,,,,,,,,,,,,,,,,,
Mike James,DET,RB,Pit,L 15-20,,,,,,,,,,,,,,,,,,,,,,,,,,
Tommy Bohanon,JAC,RB,** BYE **,,,,,,,,,,,,,,,,,,,,,,,,,,,
Stepfan Taylor,ARI,RB,** BYE **,,,,,,,,,,,,,,,,,,,,,,,,,,,
Zac Stacy,NYJ,RB,Atl,L 20-25,,,,,,,,,,,,,,,,,,,,,,,,,,
Joseph Randle,FA,RB,** BYE **,,,,,,,,,,,,,,,,,,,,,,,,,,,
Spencer Ware,KAN,RB,Den,Mon 8:30,,,,,,,,,,,,,,,,,,,,,,,,,,
Kerwynn Williams,ARI,RB,** BYE **,,,,,,,,,,,,,,,,,,,,,,,,,,,
C.J. Anderson,DEN,RB,@KC,Mon 8:30,,,,,,,,,,,,,,,,,,,,,,,,,,
Kendall Gaskins,SFO,RB,@Phi,L 10-33,,,,,,,,,,,,,,,,,,,,,,,,,,
Steven Miller,DET,RB,Pit,L 15-20,,,,,,,,,,,,,,,,,,,,,,,,,,
George Winn,IND,RB,@Cin,L 23-24,,,,,,,,,,,,,,,,,,,,,,,,,,
Khiry Robinson,NYJ,RB,Atl,L 20-25,,,,,,,,,,,,,,,,,,,,,,,,,,
Charles Sims,TAM,RB,Car,L 3-17,,,,,,,,,,,,,,,,,,,,,,,,,,
Dri Archer,BUF,RB,Oak,W 34-14,,,,,,,,,,,,,,,,,,,,,,,,,,
Tre Mason,LAR,RB,** BYE **,,,,,,,,,,,,,,,,,,,,,,,,,,,
Bishop Sankey,MIN,RB,@Cle,W 33-16,,,,,,,,,,,,,,,,,,,,,,,,,,
Tyler Gaffney,JAC,RB,** BYE **,,,,,,,,,,,,,,,,,,,,,,,,,,,
Lache Seastrunk,NYJ,RB,Atl,L 20-25,,,,,,,,,,,,,,,,,,,,,,,,,,
Andre Williams,LAC,RB,@NE,L 13-21,,,,,,,,,,,,,,,,,,,,,,,,,,
Ka'Deem Carey,CHI,RB,@NO,L 12-20,,,,,,,,,,,,,,,,,,,,,,,,,,
Marion Grice,ARI,RB,** BYE **,,,,,,,,,,,,,,,,,,,,,,,,,,,
Juwan Thompson,DEN,RB,@KC,Mon 8:30,,,,,,,,,,,,,,,,,,,,,,,,,,
Kapri Bibbs,SFO,RB,@Phi,L 10-33,,,,,,,,,,,,,,,,,,,,,,,,,,
Antonio Andrews,TEN,RB,** BYE **,,,,,,,,,,,,,,,,,,,,,,,,,,,
Darrin Reaves,KAN,RB,Den,Mon 8:30,,,,,,,,,,,,,,,,,,,,,,,,,,
Silas Redd,WAS,RB,Dal,L 19-33,,,,,,,,,,,,,,,,,,,,,,,,,,
Ryan Hewitt,CIN,RB,Ind,W 24-23,,,,,,,,,,,,,,,,,,,,,,,,,,
Trey Watts,LAR,RB,** BYE **,,,,,,,,,,,,,,,,,,,,,,,,,,,
Austin Johnson,TAM,RB,Car,L 3-17,,,,,,,,,,,,,,,,,,,,,,,,,,
Jay Prosch,HOU,RB,@Sea,L 38-41,,,,,,,,,,,,,,,,,,,,,,,,,,
Orleans Darkwa,NYG,RB,** BYE **,,,,,,,,,,,,,,,,,,,,,,,,,,,
Glenn Winston,CLE,RB,Min,L 16-33,,,,,,,,,,,,,,,,,,,,,,,,,,
Fitzgerald Toussaint,PIT,RB,@Det,W 20-15,,,,,,,,,,,,,,,,,,,,,,,,,,
Charcandrick West,KAN,RB,Den,Mon 8:30,,,,,,,,,,,,,,,,,,,,,,,,,,
David Johnson,ARI,RB,** BYE **,,,,,,,,,,,,,,,,,,,,,,,,,,,
Marcus Murphy,NYJ,RB,Atl,L 20-25,,,,,,,,,,,,,,,,,,,,,,,,,,
Michael Burton,CHI,RB,@NO,L 12-20,,,,,,,,,,,,,,,,,,,,,,,,,,
Jalston Fowler,TEN,RB,** BYE **,,,,,,,,,,,,,,,,,,,,,,,,,,,
Malcolm Johnson,SEA,RB,Hou,W 41-38,,,,,,,,,,,,,,,,,,,,,,,,,,
Joey Iosefa,NWE,RB,LAC,W 21-13,,,,,,,,,,,,,,,,,,,,,,,,,,
David Cobb,CHI,RB,@NO,L 12-20,,,,,,,,,,,,,,,,,,,,,,,,,,
Karlos Williams,PIT,RB,@Det,W 20-15,,,,,,,,,,,,,,,,,,,,,,,,,,
Ty Montgomery,GNB,RB,** BYE **,,,,,,,,,,,,,,,,,,,,,,,,,,,
Kenny Hilliard,WAS,RB,Dal,L 19-33,,,,,,,,,,,,,,,,,,,,,,,,,,
Josh Robinson,IND,RB,@Cin,L 23-24,,,,,,,,,,,,,,,,,,,,,,,,,,
Aaron Ripkowski,GNB,RB,** BYE **,,,,,,,,,,,,,,,,,,,,,,,,,,,
Tyler Varga,IND,RB,@Cin,L 23-24,,,,,,,,,,,,,,,,,,,,,,,,,,
T.J. Yeldon,JAC,RB,** BYE **,,,,,,,,,,,,,,,,,,,,,,,,,,,
Todd Gurley II,LAR,RB,** BYE **,,,,,,,,,,,,,,,,,,,,,,,,,,,
Matt Jones,IND,RB,@Cin,L 23-24,,,,,,,,,,,,,,,,,,,,,,,,,,
Mike Davis,SEA,RB,Hou,W 41-38,,,,,,,,,,,,,,,,,,,,,,,,,,
Michael Dyer,OAK,RB,@Buf,L 14-34,,,,,,,,,,,,,,,,,,,,,,,,,,
John Crockett,OAK,RB,@Buf,L 14-34,,,,,,,,,,,,,,,,,,,,,,,,,,
Terrence Magee,CLE,RB,Min,L 16-33,,,,,,,,,,,,,,,,,,,,,,,,,,
Gus Johnson,LAC,RB,@NE,L 13-21,,,,,,,,,,,,,,,,,,,,,,,,,,
Zach Zenner,DET,RB,Pit,L 15-20,,,,,,,,,,,,,,,,,,,,,,,,,,
Malcolm Brown,LAR,RB,** BYE **,,,,,,,,,,,,,,,,,,,,,,,,,,,
Terron Ward,ATL,RB,@NYJ,W 25-20,,,,,,,,,,,,,,,,,,,,,,,,,,
Jarryd Hayne,SFO,RB,@Phi,L 10-33,,,,,,,,,,,,,,,,,,,,,,,,,,
Brandon Wegher,LAR,RB,** BYE **,,,,,,,,,,,,,,,,,,,,,,,,,,,
Alonzo Harris,GNB,RB,** BYE **,,,,,,,,,,,,,,,,,,,,,,,,,,,
Corey Grant,JAC,RB,** BYE **,,,,,,,,,,,,,,,,,,,,,,,,,,,
Nikita Whitlock,NYG,RB,** BYE **,,,,,,,,,,,,,,,,,,,,,,,,,,,
Raheem Mostert,SFO,RB,@Phi,L 10-33,,,,,,,,,,,,,,,,,,,,,,,,,,
Rod Smith,DAL,RB,@Wsh,W 33-19,,,,,,,,,,,,,,,,,,,,,,,,,,
Trey Williams,PIT,RB,@Det,W 20-15,,,,,,,,,,,,,,,,,,,,,,,,,,
Akeem Hunt,KAN,RB,Den,Mon 8:30,,,,,,,,,,,,,,,,,,,,,,,,,,
Derrick Henry,TEN,RB,** BYE **,,,,,,,,,,,,,,,,,,,,,,,,,,,
C.J. Prosise,SEA,RB,Hou,W 41-38,,,,,,,,,,,,,,,,,,,,,,,,,,
Tyler Ervin,HOU,RB,@Sea,L 38-41,,,,,,,,,,,,,,,,,,,,,,,,,,
Devontae Booker,DEN,RB,@KC,Mon 8:30,,,,,,,,,,,,,,,,,,,,,,,,,,
Paul Perkins,NYG,RB,** BYE **,,,,,,,,,,,,,,,,,,,,,,,,,,,
Jonathan Williams,BUF,RB,Oak,W 34-14,,,,,,,,,,,,,,,,,,,,,,,,,,
Andy Janovich,DEN,RB,@KC,Mon 8:30,,,,,,,,,,,,,,,,,,,,,,,,,,
Derek Watt,LAC,RB,@NE,L 13-21,,,,,,,,,,,,,,,,,,,,,,,,,,
Kelvin Taylor,ATL,RB,@NYJ,W 25-20,,,,,,,,,,,,,,,,,,,,,,,,,,
Darius Jackson,CLE,RB,Min,L 16-33,,,,,,,,,,,,,,,,,,,,,,,,,,
Daniel Lasco,NOR,RB,Chi,W 20-12,,,,,,,,,,,,,,,,,,,,,,,,,,
Keith Marshall,WAS,RB,Dal,L 19-33,,,,,,,,,,,,,,,,,,,,,,,,,,
Zac Brooks,SEA,RB,Hou,W 41-38,,,,,,,,,,,,,,,,,,,,,,,,,,
Josh Ferguson,IND,RB,@Cin,L 23-24,,,,,,,,,,,,,,,,,,,,,,,,,,
Terrell Watson,PIT,RB,@Det,W 20-15,,,,,,,,,,,,,,,,,,,,,,,,,,
Brandon Wilds,CLE,RB,Min,L 16-33,,,,,,,,,,,,,,,,,,,,,,,,,,
Jhurell Pressley,ATL,RB,@NYJ,W 25-20,,,,,,,,,,,,,,,,,,,,,,,,,,
Byron Marshall,PHI,RB,SF,W 33-10,,,,,,,,,,,,,,,,,,,,,,,,,,
George Atkinson III,OAK,RB,@Buf,L 14-34,,,,,,,,,,,,,,,,,,,,,,,,,,
James Wilder Jr.,BUF,RB,Oak,W 34-14,,,,,,,,,,,,,,,,,,,,,,,,,,
D.J. Foster,ARI,RB,** BYE **,,,,,,,,,,,,,,,,,,,,,,,,,,,
Dreamius Smith,LAC,RB,@NE,L 13-21,,,,,,,,,,,,,,,,,,,,,,,,,,
Devon Johnson,CAR,RB,@TB,W 17-3,,,,,,,,,,,,,,,,,,,,,,,,,,
Troymaine Pope,IND,RB,@Cin,L 23-24,,,,,,,,,,,,,,,,,,,,,,,,,,
Glenn Gronkowski,NWE,RB,LAC,W 21-13,,,,,,,,,,,,,,,,,,,,,,,,,,
Julian Howsare,NYJ,RB,Atl,L 20-25,,,,,,,,,,,,,,,,,,,,,,,,,,
Kenneth Farrow,LAC,RB,@NE,L 13-21,,,,,,,,,,,,,,,,,,,,,,,,,,
Paul Lasike,CHI,RB,@NO,L 12-20,,,,,,,,,,,,,,,,,,,,,,,,,,
Don Jackson,GNB,RB,** BYE **,,,,,,,,,,,,,,,,,,,,,,,,,,,
George Farmer,SEA,RB,Hou,W 41-38,,,,,,,,,,,,,,,,,,,,,,,,,,
Mack Brown,WAS,RB,Dal,L 19-33,,,,,,,,,,,,,,,,,,,,,,,,,,
Donnel Pumphrey,PHI,RB,SF,W 33-10,,,,,,,,,,,,,,,,,,,,,,,,,,
De'Angelo Henderson,DEN,RB,@KC,Mon 8:30,,,,,,,,,,,,,,,,,,,,,,,,,,
Samaje Perine,WAS,RB,Dal,L 19-33,,,,,,,,,,,,,,,,,,,,,,,,,,
Elijah Hood,OAK,RB,@Buf,L 14-34,,,,,,,,,,,,,,,,,,,,,,,,,,
D'Onta Foreman,HOU,RB,@Sea,L 38-41,,,,,,,,,,,,,,,,,,,,,,,,,,
Marquez Williams,JAC,RB,** BYE **,,,,,,,,,,,,,,,,,,,,,,,,,,,
Leonard Fournette,JAC,RB,** BYE **,,,,,,,,,,,,,,,,,,,,,,,,,,,
Kareem Hunt,KAN,RB,Den,Mon 8:30,,,,,,,,,,,,,,,,,,,,,,,,,,
Wayne Gallman,NYG,RB,** BYE **,,,,,,,,,,,,,,,,,,,,,,,,,,,
Dalvin Cook,MIN,RB,@Cle,W 33-16,,,,,,,,,,,,,,,,,,,,,,,,,,
T.J. Logan,ARI,RB,** BYE **,,,,,,,,,,,,,,,,,,,,,,,,,,,
Aaron Jones,GNB,RB,** BYE **,,,,,,,,,,,,,,,,,,,,,,,,,,,
Sam Rogers,LAR,RB,** BYE **,,,,,,,,,,,,,,,,,,,,,,,,,,,
Devante Mays,GNB,RB,** BYE **,,,,,,,,,,,,,,,,,,,,,,,,,,,
Chris Carson,SEA,RB,Hou,W 41-38,,,,,,,,,,,,,,,,,,,,,,,,,,
Joe Williams,SFO,RB,@Phi,L 10-33,,,,,,,,,,,,,,,,,,,,,,,,,,
Jamaal Williams,GNB,RB,** BYE **,,,,,,,,,,,,,,,,,,,,,,,,,,,
Khalfani Muhammad,TEN,RB,** BYE **,,,,,,,,,,,,,,,,,,,,,,,,,,,
Jeremy McNichols,TAM,RB,Car,L 3-17,,,,,,,,,,,,,,,,,,,,,,,,,,
Brian Hill,ATL,RB,@NYJ,W 25-20,,,,,,,,,,,,,,,,,,,,,,,,,,
Freddie Stevenson,CHI,RB,@NO,L 12-20,,,,,,,,,,,,,,,,,,,,,,,,,,
Algernon Brown,NYJ,RB,Atl,L 20-25,,,,,,,,,,,,,,,,,,,,,,,,,,
Jahad Thomas,NYJ,RB,Atl,L 20-25,,,,,,,,,,,,,,,,,,,,,,,,,,
David Fluellen,TEN,RB,** BYE **,,,,,,,,,,,,,,,,,,,,,,,,,,,
Elijhaa Penny,ARI,RB,** BYE **,,,,,,,,,,,,,,,,,,,,,,,,,,,
Justin Davis,LAR,RB,** BYE **,,,,,,,,,,,,,,,,,,,,,,,,,,,
Taquan Mizzell,CHI,RB,@NO,L 12-20,,,,,,,,,,,,,,,,,,,,,,,,,,
C.J. Ham,MIN,RB,@Cle,W 33-16,,,,,,,,,,,,,,,,,,,,,,,,,,
Trey Edmunds,NOR,RB,Chi,W 20-12,,,,,,,,,,,,,,,,,,,,,,,,,,
DeAndre Hopkins,HOU,WR,@Sea,L 38-41,0/0,0.0,0.0,0.0,0.0,0.0,0.0,8.0,224.0,1.0,11.0,0.0,0.0,0.0,,,,,,,,,,,,28.4
JuJu Smith-Schuster,PIT,WR,@Det,W 20-15,0/0,0.0,0.0,0.0,0.0,0.0,0.0,7.0,193.0,1.0,10.0,0.0,0.0,0.0,,,,,,,,,,,,25.3
Will Fuller V,HOU,WR,@Sea,L 38-41,0/0,0.0,0.0,0.0,0.0,0.0,0.0,5.0,125.0,2.0,8.0,0.0,0.0,0.0,,,,,,,,,,,,24.5
Paul Richardson,SEA,WR,Hou,W 41-38,0/0,0.0,0.0,0.0,0.0,0.0,0.0,6.0,105.0,2.0,7.0,0.0,0.0,0.0,,,,,,,,,,,,22.5
Robby Anderson,NYJ,WR,Atl,L 20-25,0/0,0.0,0.0,0.0,1.0,1.0,0.0,6.0,104.0,1.0,6.0,0.0,0.0,0.0,,,,,,,,,,,,16.5
Adam Thielen,MIN,WR,@Cle,W 33-16,0/0,0.0,0.0,0.0,0.0,0.0,0.0,5.0,98.0,1.0,10.0,0.0,0.0,0.0,,,,,,,,,,,,15.8
Alshon Jeffery,PHI,WR,SF,W 33-10,0/0,0.0,0.0,0.0,0.0,0.0,0.0,2.0,62.0,1.0,8.0,1.0,0.0,0.0,,,,,,,,,,,,14.2
Travis Benjamin,LAC,WR,@NE,L 13-21,0/0,0.0,0.0,0.0,2.0,14.0,0.0,5.0,64.0,1.0,9.0,0.0,0.0,0.0,,,,,,,,,,,,13.8
Jamison Crowder,WAS,WR,Dal,L 19-33,0/0,0.0,0.0,0.0,2.0,12.0,0.0,9.0,123.0,0.0,13.0,0.0,0.0,0.0,,,,,,,,,,,,13.5
Mohamed Sanu,ATL,WR,@NYJ,W 25-20,0/0,0.0,0.0,0.0,0.0,0.0,0.0,6.0,74.0,1.0,7.0,0.0,0.0,0.0,,,,,,,,,,,,13.4
Marvin Jones Jr.,DET,WR,Pit,L 15-20,0/0,0.0,0.0,0.0,0.0,0.0,0.0,6.0,128.0,0.0,11.0,0.0,0.0,0.0,,,,,,,,,,,,12.8
Tyler Lockett,SEA,WR,Hou,W 41-38,0/0,0.0,0.0,0.0,1.0,-2.0,0.0,6.0,121.0,0.0,8.0,0.0,0.0,0.0,,,,,,,,,,,,11.9
Jeremy Maclin,BAL,WR,Mia,W 40-0,0/0,0.0,0.0,0.0,0.0,0.0,0.0,3.0,53.0,1.0,5.0,0.0,0.0,0.0,,,,,,,,,,,,11.3
Andre Holmes,BUF,WR,Oak,W 34-14,0/0,0.0,0.0,0.0,0.0,0.0,0.0,3.0,51.0,1.0,4.0,0.0,0.0,0.0,,,,,,,,,,,,11.1
Kelvin Benjamin,CAR,WR,@TB,W 17-3,0/0,0.0,0.0,0.0,0.0,0.0,0.0,3.0,39.0,1.0,7.0,0.0,0.0,0.0,,,,,,,,,,,,9.9
Josh Malone,CIN,WR,Ind,W 24-23,0/0,0.0,0.0,0.0,0.0,0.0,0.0,2.0,35.0,1.0,3.0,0.0,0.0,0.0,,,,,,,,,,,,9.5
Tre McBride III,CHI,WR,@NO,L 12-20,0/0,0.0,0.0,0.0,0.0,0.0,0.0,3.0,92.0,0.0,5.0,0.0,0.0,0.0,,,,,,,,,,,,9.2
TJ Jones,DET,WR,Pit,L 15-20,0/0,0.0,0.0,0.0,0.0,0.0,0.0,4.0,88.0,0.0,8.0,0.0,0.0,0.0,,,,,,,,,,,,8.8
A.J. Green,CIN,WR,Ind,W 24-23,0/0,0.0,0.0,0.0,0.0,0.0,0.0,3.0,27.0,1.0,8.0,0.0,0.0,0.0,,,,,,,,,,,,8.7
Michael Crabtree,OAK,WR,@Buf,L 14-34,0/0,0.0,0.0,0.0,0.0,0.0,0.0,5.0,83.0,0.0,10.0,0.0,0.0,0.0,,,,,,,,,,,,8.3
Michael Thomas,NOR,WR,Chi,W 20-12,0/0,0.0,0.0,0.0,0.0,0.0,0.0,7.0,77.0,0.0,8.0,0.0,0.0,0.0,,,,,,,,,,,,7.7
Julio Jones,ATL,WR,@NYJ,W 25-20,0/0,0.0,0.0,0.0,0.0,0.0,0.0,3.0,74.0,0.0,6.0,0.0,0.0,0.0,,,,,,,,,,,,7.4
Antonio Brown,PIT,WR,@Det,W 20-15,0/0,0.0,0.0,0.0,0.0,0.0,0.0,5.0,70.0,0.0,10.0,0.0,0.0,0.0,,,,,,,,,,,,7.0
Ted Ginn Jr.,NOR,WR,Chi,W 20-12,0/0,0.0,0.0,0.0,0.0,0.0,0.0,2.0,68.0,0.0,4.0,0.0,0.0,0.0,,,,,,,,,,,,6.8
Golden Tate,DET,WR,Pit,L 15-20,0/0,0.0,0.0,0.0,0.0,0.0,0.0,7.0,86.0,0.0,8.0,0.0,1.0,0.0,,,,,,,,,,,,6.6
Kenny Stills,MIA,WR,@Bal,L 0-40,0/0,0.0,0.0,0.0,0.0,0.0,0.0,5.0,65.0,0.0,10.0,0.0,0.0,0.0,,,,,,,,,,,,6.5
Keenan Allen,LAC,WR,@NE,L 13-21,0/0,0.0,0.0,0.0,0.0,0.0,0.0,4.0,61.0,0.0,5.0,0.0,0.0,0.0,,,,,,,,,,,,6.1
Josh Doctson,WAS,WR,Dal,L 19-33,0/0,0.0,0.0,0.0,0.0,0.0,0.0,1.0,1.0,1.0,3.0,0.0,0.0,0.0,,,,,,,,,,,,6.1
Chris Hogan,NWE,WR,LAC,W 21-13,0/0,0.0,0.0,0.0,0.0,0.0,0.0,5.0,60.0,0.0,7.0,0.0,0.0,0.0,,,,,,,,,,,,6.0
Mike Evans,TAM,WR,Car,L 3-17,0/0,0.0,0.0,0.0,0.0,0.0,0.0,5.0,60.0,0.0,10.0,0.0,0.0,0.0,,,,,,,,,,,,6.0
Chris Moore,BAL,WR,Mia,W 40-0,0/0,0.0,0.0,0.0,0.0,0.0,0.0,0.0,0.0,0.0,0.0,0.0,0.0,0.0,,,,,,,,,,,,6.0
Doug Baldwin,SEA,WR,Hou,W 41-38,0/0,0.0,0.0,0.0,0.0,0.0,0.0,6.0,54.0,0.0,10.0,0.0,0.0,0.0,,,,,,,,,,,,5.4
Brandon Coleman,NOR,WR,Chi,W 20-12,0/0,0.0,0.0,0.0,0.0,0.0,0.0,1.0,54.0,0.0,1.0,0.0,0.0,0.0,,,,,,,,,,,,5.4
Tanner McEvoy,SEA,WR,Hou,W 41-38,0/0,0.0,0.0,0.0,0.0,0.0,0.0,1.0,53.0,0.0,1.0,0.0,0.0,0.0,,,,,,,,,,,,5.3
Amari Cooper,OAK,WR,@Buf,L 14-34,0/0,0.0,0.0,0.0,1.0,4.0,0.0,5.0,48.0,0.0,10.0,0.0,0.0,0.0,,,,,,,,,,,,5.2
Leonte Carroo,MIA,WR,@Bal,L 0-40,0/0,0.0,0.0,0.0,0.0,0.0,0.0,6.0,48.0,0.0,8.0,0.0,0.0,0.0,,,,,,,,,,,,4.8
Brandon LaFell,CIN,WR,Ind,W 24-23,0/0,0.0,0.0,0.0,0.0,0.0,0.0,4.0,44.0,0.0,5.0,0.0,0.0,0.0,,,,,,,,,,,,4.4
Ricardo Louis,CLE,WR,Min,L 16-33,0/0,0.0,0.0,0.0,0.0,0.0,0.0,2.0,42.0,0.0,6.0,0.0,0.0,0.0,,,,,,,,,,,,4.2
Dez Bryant,DAL,WR,@Wsh,W 33-19,0/0,0.0,0.0,0.0,0.0,0.0,0.0,4.0,39.0,0.0,6.0,0.0,0.0,0.0,,,,,,,,,,,,3.9
Ryan Grant,WAS,WR,Dal,L 19-33,0/0,0.0,0.0,0.0,0.0,0.0,0.0,5.0,38.0,0.0,7.0,0.0,0.0,0.0,,,,,,,,,,,,3.8
DeSean Jackson,TAM,WR,Car,L 3-17,0/0,0.0,0.0,0.0,0.0,0.0,0.0,3.0,37.0,0.0,8.0,0.0,0.0,0.0,,,,,,,,,,,,3.7
Terrance Williams,DAL,WR,@Wsh,W 33-19,0/0,0.0,0.0,0.0,0.0,0.0,0.0,2.0,36.0,0.0,3.0,0.0,0.0,0.0,,,,,,,,,,,,3.6
Kamar Aiken,IND,WR,@Cin,L 23-24,0/0,0.0,0.0,0.0,0.0,0.0,0.0,2.0,33.0,0.0,5.0,0.0,0.0,0.0,,,,,,,,,,,,3.3
Jarvis Landry,MIA,WR,@Bal,L 0-40,0/0,0.0,0.0,0.0,0.0,0.0,0.0,5.0,33.0,0.0,12.0,0.0,0.0,0.0,,,,,,,,,,,,3.3
Trent Taylor,SFO,WR,@Phi,L 10-33,0/0,0.0,0.0,0.0,0.0,0.0,0.0,3.0,33.0,0.0,3.0,0.0,0.0,0.0,,,,,,,,,,,,3.3
Zay Jones,BUF,WR,Oak,W 34-14,0/0,0.0,0.0,0.0,0.0,0.0,0.0,3.0,32.0,0.0,5.0,0.0,0.0,0.0,,,,,,,,,,,,3.2
Mack Hollins,PHI,WR,SF,W 33-10,0/0,0.0,0.0,0.0,0.0,0.0,0.0,2.0,30.0,0.0,3.0,0.0,0.0,0.0,,,,,,,,,,,,3.0
Brandin Cooks,NWE,WR,LAC,W 21-13,0/0,0.0,0.0,0.0,0.0,0.0,0.0,5.0,26.0,0.0,8.0,0.0,0.0,0.0,,,,,,,,,,,,2.6
Nelson Agholor,PHI,WR,SF,W 33-10,0/0,0.0,0.0,0.0,0.0,0.0,0.0,3.0,26.0,0.0,3.0,0.0,0.0,0.0,,,,,,,,,,,,2.6
Stefon Diggs,MIN,WR,@Cle,W 33-16,0/0,0.0,0.0,0.0,1.0,-1.0,0.0,4.0,27.0,0.0,6.0,0.0,0.0,0.0,,,,,,,,,,,,2.6
Adam Humphries,TAM,WR,Car,L 3-17,0/0,0.0,0.0,0.0,0.0,0.0,0.0,4.0,26.0,0.0,6.0,0.0,0.0,0.0,,,,,,,,,,,,2.6
Curtis Samuel,CAR,WR,@TB,W 17-3,0/0,0.0,0.0,0.0,1.0,11.0,0.0,2.0,15.0,0.0,3.0,0.0,0.0,0.0,,,,,,,,,,,,2.6
Brandon Tate,BUF,WR,Oak,W 34-14,0/0,0.0,0.0,0.0,0.0,0.0,0.0,1.0,24.0,0.0,1.0,0.0,0.0,0.0,,,,,,,,,,,,2.4
Tyrell Williams,LAC,WR,@NE,L 13-21,0/0,0.0,0.0,0.0,0.0,0.0,0.0,1.0,24.0,0.0,6.0,0.0,0.0,0.0,,,,,,,,,,,,2.4
Kendall Wright,CHI,WR,@NO,L 12-20,0/0,0.0,0.0,0.0,0.0,0.0,0.0,2.0,23.0,0.0,8.0,0.0,0.0,0.0,,,,,,,,,,,,2.3
Jordan Matthews,BUF,WR,Oak,W 34-14,0/0,0.0,0.0,0.0,0.0,0.0,0.0,3.0,21.0,0.0,4.0,0.0,0.0,0.0,,,,,,,,,,,,2.1
Laquon Treadwell,MIN,WR,@Cle,W 33-16,0/0,0.0,0.0,0.0,0.0,0.0,0.0,1.0,21.0,0.0,4.0,0.0,0.0,0.0,,,,,,,,,,,,2.1
Pierre Garcon,SFO,WR,@Phi,L 10-33,0/0,0.0,0.0,0.0,0.0,0.0,0.0,2.0,17.0,0.0,4.0,0.0,0.0,0.0,,,,,,,,,,,,1.7
T.Y. Hilton,IND,WR,@Cin,L 23-24,0/0,0.0,0.0,0.0,0.0,0.0,0.0,2.0,15.0,0.0,7.0,0.0,0.0,0.0,,,,,,,,,,,,1.5
Danny Amendola,NWE,WR,LAC,W 21-13,0/0,0.0,0.0,0.0,0.0,0.0,0.0,2.0,14.0,0.0,6.0,0.0,0.0,0.0,,,,,,,,,,,,1.4
Jermaine Kearse,NYJ,WR,Atl,L 20-25,0/0,0.0,0.0,0.0,0.0,0.0,0.0,2.0,14.0,0.0,5.0,0.0,0.0,0.0,,,,,,,,,,,,1.4
Russell Shepard,CAR,WR,@TB,W 17-3,0/0,0.0,0.0,0.0,0.0,0.0,0.0,1.0,14.0,0.0,1.0,0.0,0.0,0.0,,,,,,,,,,,,1.4
Rashard Higgins,CLE,WR,Min,L 16-33,0/0,0.0,0.0,0.0,0.0,0.0,0.0,1.0,14.0,0.0,1.0,0.0,0.0,0.0,,,,,,,,,,,,1.4
Bruce Ellington,HOU,WR,@Sea,L 38-41,0/0,0.0,0.0,0.0,0.0,0.0,0.0,1.0,13.0,0.0,4.0,0.0,0.0,0.0,,,,,,,,,,,,1.3
Sammie Coates,CLE,WR,Min,L 16-33,0/0,0.0,0.0,0.0,0.0,0.0,0.0,2.0,13.0,0.0,2.0,0.0,0.0,0.0,,,,,,,,,,,,1.3
Devin Funchess,CAR,WR,@TB,W 17-3,0/0,0.0,0.0,0.0,0.0,0.0,0.0,2.0,11.0,0.0,6.0,0.0,0.0,0.0,,,,,,,,,,,,1.1
Chester Rogers,IND,WR,@Cin,L 23-24,0/0,0.0,0.0,0.0,0.0,0.0,0.0,2.0,9.0,0.0,2.0,0.0,0.0,0.0,,,,,,,,,,,,0.9
Cole Beasley,DAL,WR,@Wsh,W 33-19,0/0,0.0,0.0,0.0,0.0,0.0,0.0,2.0,8.0,0.0,3.0,0.0,0.0,0.0,,,,,,,,,,,,0.8
Chris Godwin,TAM,WR,Car,L 3-17,0/0,0.0,0.0,0.0,0.0,0.0,0.0,1.0,8.0,0.0,2.0,0.0,0.0,0.0,,,,,,,,,,,,0.8
Michael Floyd,MIN,WR,@Cle,W 33-16,0/0,0.0,0.0,0.0,0.0,0.0,0.0,1.0,7.0,0.0,1.0,0.0,0.0,0.0,,,,,,,,,,,,0.7
Cordarrelle Patterson,OAK,WR,@Buf,L 14-34,0/0,0.0,0.0,0.0,0.0,0.0,0.0,3.0,7.0,0.0,4.0,0.0,0.0,0.0,,,,,,,,,,,,0.7
Justin Hunter,PIT,WR,@Det,W 20-15,0/0,0.0,0.0,0.0,0.0,0.0,0.0,1.0,7.0,0.0,3.0,0.0,0.0,0.0,,,,,,,,,,,,0.7
Mike Williams,LAC,WR,@NE,L 13-21,0/0,0.0,0.0,0.0,0.0,0.0,0.0,1.0,7.0,0.0,2.0,0.0,0.0,0.0,,,,,,,,,,,,0.7
Ryan Switzer,DAL,WR,@Wsh,W 33-19,0/0,0.0,0.0,0.0,0.0,0.0,0.0,1.0,7.0,0.0,1.0,0.0,0.0,0.0,,,,,,,,,,,,0.7
Deonte Thompson,BUF,WR,Oak,W 34-14,0/0,0.0,0.0,0.0,0.0,0.0,0.0,1.0,5.0,0.0,1.0,0.0,0.0,0.0,,,,,,,,,,,,0.5
Steve Smith Sr.,BAL,WR,Mia,W 40-0,0/0,0.0,0.0,0.0,0.0,0.0,0.0,0.0,0.0,0.0,0.0,0.0,0.0,0.0,,,,,,,,,,,,0.0
Greg Jennings,MIA,WR,@Bal,L 0-40,0/0,0.0,0.0,0.0,0.0,0.0,0.0,0.0,0.0,0.0,0.0,0.0,0.0,0.0,,,,,,,,,,,,0.0
Matthew Slater,NWE,WR,LAC,W 21-13,0/0,0.0,0.0,0.0,0.0,0.0,0.0,0.0,0.0,0.0,0.0,0.0,0.0,0.0,,,,,,,,,,,,0.0
Darrius Heyward-Bey,PIT,WR,@Det,W 20-15,0/0,0.0,0.0,0.0,0.0,0.0,0.0,0.0,0.0,0.0,1.0,0.0,0.0,0.0,,,,,,,,,,,,0.0
Mike Wallace,BAL,WR,Mia,W 40-0,0/0,0.0,0.0,0.0,0.0,0.0,0.0,0.0,0.0,0.0,0.0,0.0,0.0,0.0,,,,,,,,,,,,0.0
Andre Roberts,ATL,WR,@NYJ,W 25-20,0/0,0.0,0.0,0.0,0.0,0.0,0.0,0.0,0.0,0.0,0.0,0.0,0.0,0.0,,,,,,,,,,,,0.0
Torrey Smith,PHI,WR,SF,W 33-10,0/0,0.0,0.0,0.0,0.0,0.0,0.0,0.0,0.0,0.0,2.0,0.0,0.0,0.0,,,,,,,,,,,,0.0
Aldrick Robinson,SFO,WR,@Phi,L 10-33,0/0,0.0,0.0,0.0,0.0,0.0,0.0,0.0,0.0,0.0,2.0,0.0,0.0,0.0,,,,,,,,,,,,0.0
Joe Morgan,BAL,WR,Mia,W 40-0,0/0,0.0,0.0,0.0,0.0,0.0,0.0,0.0,0.0,0.0,0.0,0.0,0.0,0.0,,,,,,,,,,,,0.0
Terrelle Pryor Sr.,WAS,WR,Dal,L 19-33,0/0,0.0,0.0,0.0,0.0,0.0,0.0,0.0,0.0,0.0,1.0,0.0,0.0,0.0,,,,,,,,,,,,0.0
Jarius Wright,MIN,WR,@Cle,W 33-16,0/0,0.0,0.0,0.0,0.0,0.0,0.0,0.0,0.0,0.0,1.0,0.0,0.0,0.0,,,,,,,,,,,,0.0
Griff Whalen,BAL,WR,Mia,W 40-0,0/0,0.0,0.0,0.0,0.0,0.0,0.0,0.0,0.0,0.0,0.0,0.0,0.0,0.0,,,,,,,,,,,,0.0
Joshua Bellamy,CHI,WR,@NO,L 12-20,0/0,0.0,0.0,0.0,0.0,0.0,0.0,0.0,0.0,0.0,0.0,0.0,0.0,0.0,,,,,,,,,,,,0.0
Marquise Goodwin,SFO,WR,@Phi,L 10-33,0/0,0.0,0.0,0.0,0.0,0.0,0.0,0.0,0.0,0.0,3.0,0.0,0.0,0.0,,,,,,,,,,,,0.0
Brice Butler,DAL,WR,@Wsh,W 33-19,0/0,0.0,0.0,0.0,0.0,0.0,0.0,0.0,0.0,0.0,1.0,0.0,0.0,0.0,,,,,,,,,,,,0.0
Donte Moncrief,IND,WR,@Cin,L 23-24,0/0,0.0,0.0,0.0,0.0,0.0,0.0,0.0,0.0,0.0,1.0,0.0,0.0,0.0,,,,,,,,,,,,0.0
Michael Campanaro,BAL,WR,Mia,W 40-0,0/0,0.0,0.0,0.0,0.0,0.0,0.0,0.0,0.0,0.0,0.0,0.0,0.0,0.0,,,,,,,,,,,,0.0
Kenny Bell,BAL,WR,Mia,W 40-0,0/0,0.0,0.0,0.0,0.0,0.0,0.0,0.0,0.0,0.0,0.0,0.0,0.0,0.0,,,,,,,,,,,,0.0
Kaelin Clay,CAR,WR,@TB,W 17-3,0/0,0.0,0.0,0.0,0.0,0.0,0.0,0.0,0.0,0.0,0.0,0.0,0.0,0.0,,,,,,,,,,,,0.0
Quan Bray,IND,WR,@Cin,L 23-24,0/0,0.0,0.0,0.0,0.0,0.0,0.0,0.0,0.0,0.0,0.0,0.0,0.0,0.0,,,,,,,,,,,,0.0
DeVante Parker,MIA,WR,@Bal,L 0-40,0/0,0.0,0.0,0.0,0.0,0.0,0.0,0.0,0.0,0.0,0.0,0.0,0.0,0.0,,,,,,,,,,,,0.0
Breshad Perriman,BAL,WR,Mia,W 40-0,0/0,0.0,0.0,0.0,0.0,0.0,0.0,0.0,0.0,0.0,2.0,0.0,0.0,0.0,,,,,,,,,,,,0.0
Vince Mayle,BAL,WR,Mia,W 40-0,0/0,0.0,0.0,0.0,0.0,0.0,0.0,0.0,0.0,0.0,0.0,0.0,0.0,0.0,,,,,,,,,,,,0.0
Chris Matthews,BAL,WR,Mia,W 40-0,0/0,0.0,0.0,0.0,0.0,0.0,0.0,0.0,0.0,0.0,0.0,0.0,0.0,0.0,,,,,,,,,,,,0.0
Tyler Murphy,MIA,WR,@Bal,L 0-40,0/0,0.0,0.0,0.0,0.0,0.0,0.0,0.0,0.0,0.0,0.0,0.0,0.0,0.0,,,,,,,,,,,,0.0
Keenan Reynolds,BAL,WR,Mia,W 40-0,0/0,0.0,0.0,0.0,0.0,0.0,0.0,0.0,0.0,0.0,0.0,0.0,0.0,0.0,,,,,,,,,,,,0.0
Jakeem Grant,MIA,WR,@Bal,L 0-40,0/0,0.0,0.0,0.0,0.0,0.0,0.0,0.0,0.0,0.0,2.0,0.0,0.0,0.0,,,,,,,,,,,,0.0
Eli Rogers,PIT,WR,@Det,W 20-15,0/0,0.0,0.0,0.0,0.0,0.0,0.0,0.0,0.0,0.0,1.0,0.0,0.0,0.0,,,,,,,,,,,,0.0
Bernard Reedy,TAM,WR,Car,L 3-17,0/0,0.0,0.0,0.0,0.0,0.0,0.0,0.0,0.0,0.0,0.0,0.0,0.0,0.0,,,,,,,,,,,,0.0
Mitch Mathews,MIA,WR,@Bal,L 0-40,0/0,0.0,0.0,0.0,0.0,0.0,0.0,0.0,0.0,0.0,0.0,0.0,0.0,0.0,,,,,,,,,,,,0.0
Johnny Holton,OAK,WR,@Buf,L 14-34,0/0,0.0,0.0,0.0,0.0,0.0,0.0,0.0,0.0,0.0,0.0,0.0,0.0,0.0,,,,,,,,,,,,0.0
Tommylee Lewis,NOR,WR,Chi,W 20-12,0/0,0.0,0.0,0.0,0.0,0.0,0.0,0.0,0.0,0.0,0.0,0.0,0.0,0.0,,,,,,,,,,,,0.0
Chad Hansen,NYJ,WR,Atl,L 20-25,0/0,0.0,0.0,0.0,0.0,0.0,0.0,0.0,0.0,0.0,0.0,0.0,0.0,0.0,,,,,,,,,,,,0.0
Isaiah Ford,MIA,WR,@Bal,L 0-40,0/0,0.0,0.0,0.0,0.0,0.0,0.0,0.0,0.0,0.0,0.0,0.0,0.0,0.0,,,,,,,,,,,,0.0
Stacy Coley,MIN,WR,@Cle,W 33-16,0/0,0.0,0.0,0.0,0.0,0.0,0.0,0.0,0.0,0.0,0.0,0.0,0.0,0.0,,,,,,,,,,,,0.0
John Ross,CIN,WR,Ind,W 24-23,0/0,0.0,0.0,0.0,0.0,0.0,0.0,0.0,0.0,0.0,1.0,0.0,0.0,0.0,,,,,,,,,,,,0.0
Jace Billingsley,DET,WR,Pit,L 15-20,0/0,0.0,0.0,0.0,0.0,0.0,0.0,0.0,0.0,0.0,0.0,0.0,0.0,0.0,,,,,,,,,,,,0.0
Rashawn Scott,MIA,WR,@Bal,L 0-40,0/0,0.0,0.0,0.0,0.0,0.0,0.0,0.0,0.0,0.0,0.0,0.0,0.0,0.0,,,,,,,,,,,,0.0
Tanner Gentry,CHI,WR,@NO,L 12-20,0/0,0.0,0.0,0.0,0.0,0.0,0.0,0.0,0.0,0.0,1.0,0.0,0.0,0.0,,,,,,,,,,,,0.0
Kendrick Bourne,SFO,WR,@Phi,L 10-33,0/0,0.0,0.0,0.0,0.0,0.0,0.0,0.0,0.0,0.0,2.0,0.0,0.0,0.0,,,,,,,,,,,,0.0
Chris Thompson,HOU,WR,@Sea,L 38-41,0/0,0.0,0.0,0.0,0.0,0.0,0.0,0.0,0.0,0.0,0.0,0.0,0.0,0.0,,,,,,,,,,,,0.0
Taylor Gabriel,ATL,WR,@NYJ,W 25-20,0/0,0.0,0.0,0.0,0.0,0.0,0.0,1.0,-3.0,0.0,1.0,0.0,0.0,0.0,,,,,,,,,,,,-0.3
Alex Erickson,CIN,WR,Ind,W 24-23,0/0,0.0,0.0,0.0,1.0,14.0,0.0,0.0,0.0,0.0,0.0,0.0,1.0,0.0,,,,,,,,,,,,-0.6
Bryce Treggs,CLE,WR,Min,L 16-33,0/0,0.0,0.0,0.0,0.0,0.0,0.0,1.0,12.0,0.0,3.0,0.0,1.0,0.0,,,,,,,,,,,,-0.8
Jeremy Kerley,NYJ,WR,Atl,L 20-25,0/0,0.0,0.0,0.0,0.0,0.0,0.0,1.0,7.0,0.0,3.0,0.0,1.0,0.0,,,,,,,,,,,,-1.3
Andre Johnson,TEN,WR,** BYE **,,,,,,,,,,,,,,,,,,,,,,,,,,,
Anquan Boldin,BUF,WR,Oak,W 34-14,,,,,,,,,,,,,,,,,,,,,,,,,,
Larry Fitzgerald,ARI,WR,** BYE **,,,,,,,,,,,,,,,,,,,,,,,,,,,
Jerricho Cotchery,CAR,WR,@TB,W 17-3,,,,,,,,,,,,,,,,,,,,,,,,,,
Wes Welker,LAR,WR,** BYE **,,,,,,,,,,,,,,,,,,,,,,,,,,,
Roddy White,ATL,WR,@NYJ,W 25-20,,,,,,,,,,,,,,,,,,,,,,,,,,
Vincent Jackson,TAM,WR,Car,L 3-17,,,,,,,,,,,,,,,,,,,,,,,,,,
Joshua Cribbs,IND,WR,@Cin,L 23-24,,,,,,,,,,,,,,,,,,,,,,,,,,
Nate Washington,NWE,WR,LAC,W 21-13,,,,,,,,,,,,,,,,,,,,,,,,,,
Lance Moore,ATL,WR,@NYJ,W 25-20,,,,,,,,,,,,,,,,,,,,,,,,,,
Devin Hester,SEA,WR,Hou,W 41-38,,,,,,,,,,,,,,,,,,,,,,,,,,
Derek Hagan,TEN,WR,** BYE **,,,,,,,,,,,,,,,,,,,,,,,,,,,
Jason Avant,KAN,WR,Den,Mon 8:30,,,,,,,,,,,,,,,,,,,,,,,,,,
Brandon Marshall,NYG,WR,** BYE **,,,,,,,,,,,,,,,,,,,,,,,,,,,
Marques Colston,NOR,WR,Chi,W 20-12,,,,,,,,,,,,,,,,,,,,,,,,,,
Miles Austin,PHI,WR,SF,W 33-10,,,,,,,,,,,,,,,,,,,,,,,,,,
Calvin Johnson,DET,WR,Pit,L 15-20,,,,,,,,,,,,,,,,,,,,,,,,,,
Dwayne Bowe,CLE,WR,Min,L 16-33,,,,,,,,,,,,,,,,,,,,,,,,,,
Jacoby Jones,PIT,WR,@Det,W 20-15,,,,,,,,,,,,,,,,,,,,,,,,,,
James Jones,LAC,WR,@NE,L 13-21,,,,,,,,,,,,,,,,,,,,,,,,,,
Eric Weems,TEN,WR,** BYE **,,,,,,,,,,,,,,,,,,,,,,,,,,,
Jordy Nelson,GNB,WR,** BYE **,,,,,,,,,,,,,,,,,,,,,,,,,,,
Eddie Royal,CHI,WR,@NO,L 12-20,,,,,,,,,,,,,,,,,,,,,,,,,,
Jerome Simpson,SFO,WR,@Phi,L 10-33,,,,,,,,,,,,,,,,,,,,,,,,,,
Harry Douglas,TEN,WR,** BYE **,,,,,,,,,,,,,,,,,,,,,,,,,,,
Andre Jerome Caldwell,DET,WR,Pit,L 15-20,,,,,,,,,,,,,,,,,,,,,,,,,,
Stevie Johnson,LAC,WR,@NE,L 13-21,,,,,,,,,,,,,,,,,,,,,,,,,,
Kenny Britt,CLE,WR,Min,L 16-33,,,,,,,,,,,,,,,,,,,,,,,,,,
Brandon Gibson,NWE,WR,LAC,W 21-13,,,,,,,,,,,,,,,,,,,,,,,,,,
Brian Hartline,CLE,WR,Min,L 16-33,,,,,,,,,,,,,,,,,,,,,,,,,,
Percy Harvin,BUF,WR,Oak,W 34-14,,,,,,,,,,,,,,,,,,,,,,,,,,
Louis Murphy,SFO,WR,@Phi,L 10-33,,,,,,,,,,,,,,,,,,,,,,,,,,
Hakeem Nicks,NOR,WR,Chi,W 20-12,,,,,,,,,,,,,,,,,,,,,,,,,,
Jordan Norwood,DEN,WR,@KC,Mon 8:30,,,,,,,,,,,,,,,,,,,,,,,,,,
Kevin Ogletree,NYG,WR,** BYE **,,,,,,,,,,,,,,,,,,,,,,,,,,,
Julian Edelman,NWE,WR,LAC,W 21-13,,,,,,,,,,,,,,,,,,,,,,,,,,
Demaryius Thomas,DEN,WR,@KC,Mon 8:30,,,,,,,,,,,,,,,,,,,,,,,,,,
Arrelious Benn,JAC,WR,** BYE **,,,,,,,,,,,,,,,,,,,,,,,,,,,
Marcus Easley,BUF,WR,Oak,W 34-14,,,,,,,,,,,,,,,,,,,,,,,,,,
Riley Cooper,PHI,WR,SF,W 33-10,,,,,,,,,,,,,,,,,,,,,,,,,,
Eric Decker,TEN,WR,** BYE **,,,,,,,,,,,,,,,,,,,,,,,,,,,
Emmanuel Sanders,DEN,WR,@KC,Mon 8:30,,,,,,,,,,,,,,,,,,,,,,,,,,
Marc Mariani,TEN,WR,** BYE **,,,,,,,,,,,,,,,,,,,,,,,,,,,
Kyle Williams,NYJ,WR,Atl,L 20-25,,,,,,,,,,,,,,,,,,,,,,,,,,
Mike Williams,KAN,WR,Den,Mon 8:30,,,,,,,,,,,,,,,,,,,,,,,,,,
Seyi Ajirotutu,PHI,WR,SF,W 33-10,,,,,,,,,,,,,,,,,,,,,,,,,,
Victor Cruz,CHI,WR,@NO,L 12-20,,,,,,,,,,,,,,,,,,,,,,,,,,
Marlon Moore,CLE,WR,Min,L 16-33,,,,,,,,,,,,,,,,,,,,,,,,,,
Bryan Walters,JAC,WR,** BYE **,,,,,,,,,,,,,,,,,,,,,,,,,,,
Preston Parker,FA,WR,** BYE **,,,,,,,,,,,,,,,,,,,,,,,,,,,
Danario Alexander,LAC,WR,@NE,L 13-21,,,,,,,,,,,,,,,,,,,,,,,,,,
Andrew Hawkins,CLE,WR,Min,L 16-33,,,,,,,,,,,,,,,,,,,,,,,,,,
Leonard Hankerson,BUF,WR,Oak,W 34-14,,,,,,,,,,,,,,,,,,,,,,,,,,
Greg Little,BUF,WR,Oak,W 34-14,,,,,,,,,,,,,,,,,,,,,,,,,,
Vincent Brown,NOR,WR,Chi,W 20-12,,,,,,,,,,,,,,,,,,,,,,,,,,
Randall Cobb,GNB,WR,** BYE **,,,,,,,,,,,,,,,,,,,,,,,,,,,
Dwayne Harris,NYG,WR,** BYE **,,,,,,,,,,,,,,,,,,,,,,,,,,,
Greg Salas,BUF,WR,Oak,W 34-14,,,,,,,,,,,,,,,,,,,,,,,,,,
Denarius Moore,BUF,WR,Oak,W 34-14,,,,,,,,,,,,,,,,,,,,,,,,,,
Cecil Shorts III,TAM,WR,Car,L 3-17,,,,,,,,,,,,,,,,,,,,,,,,,,
Ricardo Lockette,SEA,WR,Hou,W 41-38,,,,,,,,,,,,,,,,,,,,,,,,,,
Jeremy Ross,ARI,WR,** BYE **,,,,,,,,,,,,,,,,,,,,,,,,,,,
Justin Blackmon,JAC,WR,** BYE **,,,,,,,,,,,,,,,,,,,,,,,,,,,
Stephen Hill,CAR,WR,@TB,W 17-3,,,,,,,,,,,,,,,,,,,,,,,,,,
Rueben Randle,CHI,WR,@NO,L 12-20,,,,,,,,,,,,,,,,,,,,,,,,,,
Brian Quick,WAS,WR,Dal,L 19-33,,,,,,,,,,,,,,,,,,,,,,,,,,
Keshawn Martin,DET,WR,Pit,L 15-20,,,,,,,,,,,,,,,,,,,,,,,,,,
Trevor Graham,CAR,WR,@TB,W 17-3,,,,,,,,,,,,,,,,,,,,,,,,,,
Nick Toon,LAR,WR,** BYE **,,,,,,,,,,,,,,,,,,,,,,,,,,,
DeVier Posey,DEN,WR,@KC,Mon 8:30,,,,,,,,,,,,,,,,,,,,,,,,,,
LaVon Brazill,IND,WR,@Cin,L 23-24,,,,,,,,,,,,,,,,,,,,,,,,,,
Chris Givens,PHI,WR,SF,W 33-10,,,,,,,,,,,,,,,,,,,,,,,,,,
Rishard Matthews,TEN,WR,** BYE **,,,,,,,,,,,,,,,,,,,,,,,,,,,
Kashif Moore,KAN,WR,Den,Mon 8:30,,,,,,,,,,,,,,,,,,,,,,,,,,
Nathan Palmer,OAK,WR,@Buf,L 14-34,,,,,,,,,,,,,,,,,,,,,,,,,,
Chris Owusu,NYJ,WR,Atl,L 20-25,,,,,,,,,,,,,,,,,,,,,,,,,,
Brian Tyms,IND,WR,@Cin,L 23-24,,,,,,,,,,,,,,,,,,,,,,,,,,
Jeff Fuller,SEA,WR,Hou,W 41-38,,,,,,,,,,,,,,,,,,,,,,,,,,
Jarrett Boykin,BUF,WR,Oak,W 34-14,,,,,,,,,,,,,,,,,,,,,,,,,,
Rod Streater,BUF,WR,Oak,W 34-14,,,,,,,,,,,,,,,,,,,,,,,,,,
LaRon Byrd,CAR,WR,@TB,W 17-3,,,,,,,,,,,,,,,,,,,,,,,,,,
Brittan Golden,ARI,WR,** BYE **,,,,,,,,,,,,,,,,,,,,,,,,,,,
Damaris Johnson,TEN,WR,** BYE **,,,,,,,,,,,,,,,,,,,,,,,,,,,
Josh Gordon,CLE,WR,Min,L 16-33,,,,,,,,,,,,,,,,,,,,,,,,,,
Tavon Austin,LAR,WR,** BYE **,,,,,,,,,,,,,,,,,,,,,,,,,,,
Stedman Bailey,LAR,WR,** BYE **,,,,,,,,,,,,,,,,,,,,,,,,,,,
Aaron Dobson,ARI,WR,** BYE **,,,,,,,,,,,,,,,,,,,,,,,,,,,
Markus Wheaton,CHI,WR,@NO,L 12-20,,,,,,,,,,,,,,,,,,,,,,,,,,
Robert Woods,LAR,WR,** BYE **,,,,,,,,,,,,,,,,,,,,,,,,,,,
Charles D. Johnson,CAR,WR,@TB,W 17-3,,,,,,,,,,,,,,,,,,,,,,,,,,
B.J. Daniels,ATL,WR,@NYJ,W 25-20,,,,,,,,,,,,,,,,,,,,,,,,,,
Tavarres King,NYG,WR,** BYE **,,,,,,,,,,,,,,,,,,,,,,,,,,,
Cobi Hamilton,PIT,WR,@Det,W 20-15,,,,,,,,,,,,,,,,,,,,,,,,,,
Josh Boyce,CLE,WR,Min,L 16-33,,,,,,,,,,,,,,,,,,,,,,,,,,
Chris Harper,NYG,WR,** BYE **,,,,,,,,,,,,,,,,,,,,,,,,,,,
Corey Fuller,NOR,WR,Chi,W 20-12,,,,,,,,,,,,,,,,,,,,,,,,,,
Marquess Wilson,NYJ,WR,Atl,L 20-25,,,,,,,,,,,,,,,,,,,,,,,,,,
Quinton Patton,NYJ,WR,Atl,L 20-25,,,,,,,,,,,,,,,,,,,,,,,,,,
Da'Rick Rogers,KAN,WR,Den,Mon 8:30,,,,,,,,,,,,,,,,,,,,,,,,,,
Jaron Brown,ARI,WR,** BYE **,,,,,,,,,,,,,,,,,,,,,,,,,,,
Ryan Spadola,DET,WR,Pit,L 15-20,,,,,,,,,,,,,,,,,,,,,,,,,,
Nick Williams,ATL,WR,@NYJ,W 25-20,,,,,,,,,,,,,,,,,,,,,,,,,,
Rodney Smith,SEA,WR,Hou,W 41-38,,,,,,,,,,,,,,,,,,,,,,,,,,
Kenbrell Thompkins,NYJ,WR,Atl,L 20-25,,,,,,,,,,,,,,,,,,,,,,,,,,
Myles White,NYJ,WR,Atl,L 20-25,,,,,,,,,,,,,,,,,,,,,,,,,,
Marlon Brown,DEN,WR,@KC,Mon 8:30,,,,,,,,,,,,,,,,,,,,,,,,,,
Sammy Watkins,LAR,WR,** BYE **,,,,,,,,,,,,,,,,,,,,,,,,,,,
Odell Beckham Jr.,NYG,WR,** BYE **,,,,,,,,,,,,,,,,,,,,,,,,,,,
Josh Huff,TAM,WR,Car,L 3-17,,,,,,,,,,,,,,,,,,,,,,,,,,
Marqise Lee,JAC,WR,** BYE **,,,,,,,,,,,,,,,,,,,,,,,,,,,
Cody Latimer,DEN,WR,@KC,Mon 8:30,,,,,,,,,,,,,,,,,,,,,,,,,,
Allen Robinson,JAC,WR,** BYE **,,,,,,,,,,,,,,,,,,,,,,,,,,,
Davante Adams,GNB,WR,** BYE **,,,,,,,,,,,,,,,,,,,,,,,,,,,
John Brown,ARI,WR,** BYE **,,,,,,,,,,,,,,,,,,,,,,,,,,,
Shaq Evans,DAL,WR,@Wsh,W 33-19,,,,,,,,,,,,,,,,,,,,,,,,,,
Jeremy Gallon,NWE,WR,LAC,W 21-13,,,,,,,,,,,,,,,,,,,,,,,,,,
Jared Abbrederis,DET,WR,Pit,L 15-20,,,,,,,,,,,,,,,,,,,,,,,,,,
Kevin Norwood,NYG,WR,** BYE **,,,,,,,,,,,,,,,,,,,,,,,,,,,
Martavis Bryant,PIT,WR,@Det,W 20-15,,,,,,,,,,,,,,,,,,,,,,,,,,
Jalen Saunders,NWE,WR,LAC,W 21-13,,,,,,,,,,,,,,,,,,,,,,,,,,
De'Anthony Thomas,KAN,WR,Den,Mon 8:30,,,,,,,,,,,,,,,,,,,,,,,,,,
Devin Street,HOU,WR,@Sea,L 38-41,,,,,,,,,,,,,,,,,,,,,,,,,,
Dontrelle Inman,CHI,WR,@NO,L 12-20,,,,,,,,,,,,,,,,,,,,,,,,,,
Jeff Janis,GNB,WR,** BYE **,,,,,,,,,,,,,,,,,,,,,,,,,,,
Corey Washington,DAL,WR,@Wsh,W 33-19,,,,,,,,,,,,,,,,,,,,,,,,,,
Robert Herron,OAK,WR,@Buf,L 14-34,,,,,,,,,,,,,,,,,,,,,,,,,,
Brenton Bersin,CAR,WR,@TB,W 17-3,,,,,,,,,,,,,,,,,,,,,,,,,,
Allen Hurns,JAC,WR,** BYE **,,,,,,,,,,,,,,,,,,,,,,,,,,,
Corey Brown,BUF,WR,Oak,W 34-14,,,,,,,,,,,,,,,,,,,,,,,,,,
Frankie Hammond,NYJ,WR,Atl,L 20-25,,,,,,,,,,,,,,,,,,,,,,,,,,
Albert Wilson,KAN,WR,Den,Mon 8:30,,,,,,,,,,,,,,,,,,,,,,,,,,
Willie Snead,NOR,WR,Chi,W 20-12,,,,,,,,,,,,,,,,,,,,,,,,,,
James Wright,CLE,WR,Min,L 16-33,,,,,,,,,,,,,,,,,,,,,,,,,,
Isaiah Burse,LAC,WR,@NE,L 13-21,,,,,,,,,,,,,,,,,,,,,,,,,,
Jeremy Butler,BUF,WR,Oak,W 34-14,,,,,,,,,,,,,,,,,,,,,,,,,,
Damian Copeland,DET,WR,Pit,L 15-20,,,,,,,,,,,,,,,,,,,,,,,,,,
Jonathan Krause,TEN,WR,** BYE **,,,,,,,,,,,,,,,,,,,,,,,,,,,
Walter Powell,BUF,WR,Oak,W 34-14,,,,,,,,,,,,,,,,,,,,,,,,,,
Rashad Ross,BUF,WR,Oak,W 34-14,,,,,,,,,,,,,,,,,,,,,,,,,,
Freddie Martino,TAM,WR,Car,L 3-17,,,,,,,,,,,,,,,,,,,,,,,,,,
Kevin Smith,SEA,WR,Hou,W 41-38,,,,,,,,,,,,,,,,,,,,,,,,,,
Andre Debose,IND,WR,@Cin,L 23-24,,,,,,,,,,,,,,,,,,,,,,,,,,
DiAndre Campbell,SFO,WR,@Phi,L 10-33,,,,,,,,,,,,,,,,,,,,,,,,,,
Issac Blakeney,PIT,WR,@Det,W 20-15,,,,,,,,,,,,,,,,,,,,,,,,,,
Geremy Davis,LAC,WR,@NE,L 13-21,,,,,,,,,,,,,,,,,,,,,,,,,,
Da'Ron Brown,LAC,WR,@NE,L 13-21,,,,,,,,,,,,,,,,,,,,,,,,,,
Dres Anderson,HOU,WR,@Sea,L 38-41,,,,,,,,,,,,,,,,,,,,,,,,,,
Keith Mumphery,HOU,WR,@Sea,L 38-41,,,,,,,,,,,,,,,,,,,,,,,,,,
J.J. Nelson,ARI,WR,** BYE **,,,,,,,,,,,,,,,,,,,,,,,,,,,
DeAndrew White,HOU,WR,@Sea,L 38-41,,,,,,,,,,,,,,,,,,,,,,,,,,
Justin Hardy,ATL,WR,@NYJ,W 25-20,,,,,,,,,,,,,,,,,,,,,,,,,,
Dezmin Lewis,BUF,WR,Oak,W 34-14,,,,,,,,,,,,,,,,,,,,,,,,,,
Devin Smith,NYJ,WR,Atl,L 20-25,,,,,,,,,,,,,,,,,,,,,,,,,,
Evan Spencer,TAM,WR,Car,L 3-17,,,,,,,,,,,,,,,,,,,,,,,,,,
Rashad Greene Sr.,JAC,WR,** BYE **,,,,,,,,,,,,,,,,,,,,,,,,,,,
Chris Conley,KAN,WR,Den,Mon 8:30,,,,,,,,,,,,,,,,,,,,,,,,,,
Phillip Dorsett,NWE,WR,LAC,W 21-13,,,,,,,,,,,,,,,,,,,,,,,,,,
Dorial Green-Beckham,PHI,WR,SF,W 33-10,,,,,,,,,,,,,,,,,,,,,,,,,,
Kevin White,CHI,WR,@NO,L 12-20,,,,,,,,,,,,,,,,,,,,,,,,,,
Jaelen Strong,JAC,WR,** BYE **,,,,,,,,,,,,,,,,,,,,,,,,,,,
Mario Alford,CLE,WR,Min,L 16-33,,,,,,,,,,,,,,,,,,,,,,,,,,
DeAndre Smelter,SFO,WR,@Phi,L 10-33,,,,,,,,,,,,,,,,,,,,,,,,,,
Duron Carter,IND,WR,@Cin,L 23-24,,,,,,,,,,,,,,,,,,,,,,,,,,
Antwan Goodley,GNB,WR,** BYE **,,,,,,,,,,,,,,,,,,,,,,,,,,,
Seantavius Jones,KAN,WR,Den,Mon 8:30,,,,,,,,,,,,,,,,,,,,,,,,,,
Cameron Meredith,CHI,WR,@NO,L 12-20,,,,,,,,,,,,,,,,,,,,,,,,,,
Bennie Fowler III,DEN,WR,@KC,Mon 8:30,,,,,,,,,,,,,,,,,,,,,,,,,,
Lucky Whitehead,NYJ,WR,Atl,L 20-25,,,,,,,,,,,,,,,,,,,,,,,,,,
Quincy Enunwa,NYJ,WR,Atl,L 20-25,,,,,,,,,,,,,,,,,,,,,,,,,,
Matt Hazel,IND,WR,@Cin,L 23-24,,,,,,,,,,,,,,,,,,,,,,,,,,
Seth Roberts,OAK,WR,@Buf,L 14-34,,,,,,,,,,,,,,,,,,,,,,,,,,
Chris Harper,NYJ,WR,Atl,L 20-25,,,,,,,,,,,,,,,,,,,,,,,,,,
Bradley Marquez,LAR,WR,** BYE **,,,,,,,,,,,,,,,,,,,,,,,,,,,
Donteea Dye,TAM,WR,Car,L 3-17,,,,,,,,,,,,,,,,,,,,,,,,,,
Javontee Herndon,DAL,WR,@Wsh,W 33-19,,,,,,,,,,,,,,,,,,,,,,,,,,
Eric Rogers,SFO,WR,@Phi,L 10-33,,,,,,,,,,,,,,,,,,,,,,,,,,
Corey Coleman,CLE,WR,Min,L 16-33,,,,,,,,,,,,,,,,,,,,,,,,,,
Sterling Shepard,NYG,WR,** BYE **,,,,,,,,,,,,,,,,,,,,,,,,,,,
Tyler Boyd,CIN,WR,Ind,W 24-23,,,,,,,,,,,,,,,,,,,,,,,,,,
Braxton Miller,HOU,WR,@Sea,L 38-41,,,,,,,,,,,,,,,,,,,,,,,,,,
Malcolm Mitchell,NWE,WR,LAC,W 21-13,,,,,,,,,,,,,,,,,,,,,,,,,,
Pharoh Cooper,LAR,WR,** BYE **,,,,,,,,,,,,,,,,,,,,,,,,,,,
Demarcus Robinson,KAN,WR,Den,Mon 8:30,,,,,,,,,,,,,,,,,,,,,,,,,,
Tajae Sharpe,TEN,WR,** BYE **,,,,,,,,,,,,,,,,,,,,,,,,,,,
Jordan Payton,CLE,WR,Min,L 16-33,,,,,,,,,,,,,,,,,,,,,,,,,,
Trevor Davis,GNB,WR,** BYE **,,,,,,,,,,,,,,,,,,,,,,,,,,,
Tyreek Hill,KAN,WR,Den,Mon 8:30,,,,,,,,,,,,,,,,,,,,,,,,,,
Moritz Bohringer,MIN,WR,@Cle,W 33-16,,,,,,,,,,,,,,,,,,,,,,,,,,
Kolby Listenbee,BUF,WR,Oak,W 34-14,,,,,,,,,,,,,,,,,,,,,,,,,,
Cody Core,CIN,WR,Ind,W 24-23,,,,,,,,,,,,,,,,,,,,,,,,,,
Michael Thomas,LAR,WR,** BYE **,,,,,,,,,,,,,,,,,,,,,,,,,,,
Aaron Burbridge,SFO,WR,@Phi,L 10-33,,,,,,,,,,,,,,,,,,,,,,,,,,
Devin Lucien,NWE,WR,LAC,W 21-13,,,,,,,,,,,,,,,,,,,,,,,,,,
Demarcus Ayers,PIT,WR,@Det,W 20-15,,,,,,,,,,,,,,,,,,,,,,,,,,
Daniel Braverman,CHI,WR,@NO,L 12-20,,,,,,,,,,,,,,,,,,,,,,,,,,
Devin Lewis Fuller,ATL,WR,@NYJ,W 25-20,,,,,,,,,,,,,,,,,,,,,,,,,,
Charone Peake,NYJ,WR,Atl,L 20-25,,,,,,,,,,,,,,,,,,,,,,,,,,
Kenny Lawler,SEA,WR,Hou,W 41-38,,,,,,,,,,,,,,,,,,,,,,,,,,
Max McCaffrey,JAC,WR,** BYE **,,,,,,,,,,,,,,,,,,,,,,,,,,,
Kasen Williams,CLE,WR,Min,L 16-33,,,,,,,,,,,,,,,,,,,,,,,,,,
Reggie Bell,NOR,WR,Chi,W 20-12,,,,,,,,,,,,,,,,,,,,,,,,,,
Jake Kumerow,CIN,WR,Ind,W 24-23,,,,,,,,,,,,,,,,,,,,,,,,,,
Marquez North,LAR,WR,** BYE **,,,,,,,,,,,,,,,,,,,,,,,,,,,
Andy Jones,HOU,WR,@Sea,L 38-41,,,,,,,,,,,,,,,,,,,,,,,,,,
Roger Lewis,NYG,WR,** BYE **,,,,,,,,,,,,,,,,,,,,,,,,,,,
Xavier Rush,NOR,WR,Chi,W 20-12,,,,,,,,,,,,,,,,,,,,,,,,,,
Dom Williams,PHI,WR,SF,W 33-10,,,,,,,,,,,,,,,,,,,,,,,,,,
Damiere Byrd,CAR,WR,@TB,W 17-3,,,,,,,,,,,,,,,,,,,,,,,,,,
R.J. Harris,NOR,WR,Chi,W 20-12,,,,,,,,,,,,,,,,,,,,,,,,,,
Jordan Taylor,DEN,WR,@KC,Mon 8:30,,,,,,,,,,,,,,,,,,,,,,,,,,
Paul McRoberts,LAR,WR,** BYE **,,,,,,,,,,,,,,,,,,,,,,,,,,,
Wendall Williams,HOU,WR,@Sea,L 38-41,,,,,,,,,,,,,,,,,,,,,,,,,,
Anthony Dable,ATL,WR,@NYJ,W 25-20,,,,,,,,,,,,,,,,,,,,,,,,,,
Darius Jennings,TEN,WR,** BYE **,,,,,,,,,,,,,,,,,,,,,,,,,,,
Devon Cajuste,SFO,WR,@Phi,L 10-33,,,,,,,,,,,,,,,,,,,,,,,,,,
Keyarris Garrett,CAR,WR,@TB,W 17-3,,,,,,,,,,,,,,,,,,,,,,,,,,
Jalin Marshall,NYJ,WR,Atl,L 20-25,,,,,,,,,,,,,,,,,,,,,,,,,,
Nelson Spruce,LAR,WR,** BYE **,,,,,,,,,,,,,,,,,,,,,,,,,,,
Geronimo Allison,GNB,WR,** BYE **,,,,,,,,,,,,,,,,,,,,,,,,,,,
Paul Turner,PHI,WR,SF,W 33-10,,,,,,,,,,,,,,,,,,,,,,,,,,
Chad Williams,ARI,WR,** BYE **,,,,,,,,,,,,,,,,,,,,,,,,,,,
ArDarius Stewart,NYJ,WR,Atl,L 20-25,,,,,,,,,,,,,,,,,,,,,,,,,,
Amara Darboh,SEA,WR,Hou,W 41-38,,,,,,,,,,,,,,,,,,,,,,,,,,
Jehu Chesson,KAN,WR,Den,Mon 8:30,,,,,,,,,,,,,,,,,,,,,,,,,,
Josh Reynolds,LAR,WR,** BYE **,,,,,,,,,,,,,,,,,,,,,,,,,,,
Malachi Dupre,GNB,WR,** BYE **,,,,,,,,,,,,,,,,,,,,,,,,,,,
Taywan Taylor,TEN,WR,** BYE **,,,,,,,,,,,,,,,,,,,,,,,,,,,
Rodney Adams,MIN,WR,@Cle,W 33-16,,,,,,,,,,,,,,,,,,,,,,,,,,
David Moore,SEA,WR,Hou,W 41-38,,,,,,,,,,,,,,,,,,,,,,,,,,
Carlos Henderson,DEN,WR,@KC,Mon 8:30,,,,,,,,,,,,,,,,,,,,,,,,,,
Robert Davis,WAS,WR,Dal,L 19-33,,,,,,,,,,,,,,,,,,,,,,,,,,
Shelton Gibson,PHI,WR,SF,W 33-10,,,,,,,,,,,,,,,,,,,,,,,,,,
Dede Westbrook,JAC,WR,** BYE **,,,,,,,,,,,,,,,,,,,,,,,,,,,
Isaiah McKenzie,DEN,WR,@KC,Mon 8:30,,,,,,,,,,,,,,,,,,,,,,,,,,
Corey Davis,TEN,WR,** BYE **,,,,,,,,,,,,,,,,,,,,,,,,,,,
Kenny Golladay,DET,WR,Pit,L 15-20,,,,,,,,,,,,,,,,,,,,,,,,,,
Noah Brown,DAL,WR,@Wsh,W 33-19,,,,,,,,,,,,,,,,,,,,,,,,,,
DeAngelo Yancey,GNB,WR,** BYE **,,,,,,,,,,,,,,,,,,,,,,,,,,,
Cooper Kupp,LAR,WR,** BYE **,,,,,,,,,,,,,,,,,,,,,,,,,,,
Ishmael Zamora,OAK,WR,@Buf,L 14-34,,,,,,,,,,,,,,,,,,,,,,,,,,
Austin Carr,NOR,WR,Chi,W 20-12,,,,,,,,,,,,,,,,,,,,,,,,,,
Darius Powe,NYG,WR,** BYE **,,,,,,,,,,,,,,,,,,,,,,,,,,,
Marcus Johnson,PHI,WR,SF,W 33-10,,,,,,,,,,,,,,,,,,,,,,,,,,
Rannell Hall,CLE,WR,Min,L 16-33,,,,,,,,,,,,,,,,,,,,,,,,,,
Maurice Lynell Harris,WAS,WR,Dal,L 19-33,,,,,,,,,,,,,,,,,,,,,,,,,,
Damore'ea Stringfellow,NYJ,WR,Atl,L 20-25,,,,,,,,,,,,,,,,,,,,,,,,,,
Keelan Cole,JAC,WR,** BYE **,,,,,,,,,,,,,,,,,,,,,,,,,,,
Victor Bolden Jr.,SFO,WR,@Phi,L 10-33,,,,,,,,,,,,,,,,,,,,,,,,,,
Kalif Raymond,NYJ,WR,Atl,L 20-25,,,,,,,,,,,,,,,,,,,,,,,,,,
Jordan Leslie,CLE,WR,Min,L 16-33,,,,,,,,,,,,,,,,,,,,,,,,,,
Krishawn Hogan,IND,WR,@Cin,L 23-24,,,,,,,,,,,,,,,,,,,,,,,,,,
Travis Rudolph,NYG,WR,** BYE **,,,,,,,,,,,,,,,,,,,,,,,,,,,
Marvin Hall,ATL,WR,@NYJ,W 25-20,,,,,,,,,,,,,,,,,,,,,,,,,,
Ed Eagan,NYG,WR,** BYE **,,,,,,,,,,,,,,,,,,,,,,,,,,,
Jack Doyle,IND,TE,@Cin,L 23-24,0/0,0.0,0.0,0.0,0.0,0.0,0.0,12.0,121.0,1.0,14.0,0.0,0.0,0.0,,,,,,,,,,,,18.1
Jimmy Graham,SEA,TE,Hou,W 41-38,0/0,0.0,0.0,0.0,0.0,0.0,0.0,4.0,39.0,2.0,5.0,0.0,0.0,0.0,,,,,,,,,,,,15.9
Rob Gronkowski,NWE,TE,LAC,W 21-13,0/0,0.0,0.0,0.0,0.0,0.0,0.0,5.0,57.0,1.0,9.0,0.0,0.0,0.0,,,,,,,,,,,,11.7
Austin Hooper,ATL,TE,@NYJ,W 25-20,0/0,0.0,0.0,0.0,0.0,0.0,0.0,4.0,47.0,1.0,6.0,0.0,0.0,0.0,,,,,,,,,,,,10.7
Zach Ertz,PHI,TE,SF,W 33-10,0/0,0.0,0.0,0.0,0.0,0.0,0.0,4.0,34.0,1.0,6.0,0.0,0.0,0.0,,,,,,,,,,,,9.4
Kyle Rudolph,MIN,TE,@Cle,W 33-16,0/0,0.0,0.0,0.0,0.0,0.0,0.0,6.0,27.0,1.0,7.0,0.0,0.0,0.0,,,,,,,,,,,,8.7
Eric Tomlinson,NYJ,TE,Atl,L 20-25,0/0,0.0,0.0,0.0,0.0,0.0,0.0,1.0,20.0,1.0,1.0,0.0,0.0,0.0,,,,,,,,,,,,8.0
Benjamin Watson,BAL,TE,Mia,W 40-0,0/0,0.0,0.0,0.0,0.0,0.0,0.0,2.0,6.0,1.0,4.0,0.0,0.0,0.0,,,,,,,,,,,,6.6
Cameron Brate,TAM,TE,Car,L 3-17,0/0,0.0,0.0,0.0,0.0,0.0,0.0,4.0,64.0,0.0,5.0,0.0,0.0,0.0,,,,,,,,,,,,6.4
Eric Ebron,DET,TE,Pit,L 15-20,0/0,0.0,0.0,0.0,0.0,0.0,0.0,2.0,58.0,0.0,6.0,0.0,0.0,0.0,,,,,,,,,,,,5.8
Jared Cook,OAK,TE,@Buf,L 14-34,0/0,0.0,0.0,0.0,0.0,0.0,0.0,4.0,57.0,0.0,5.0,0.0,0.0,0.0,,,,,,,,,,,,5.7
Tyler Kroft,CIN,TE,Ind,W 24-23,0/0,0.0,0.0,0.0,0.0,0.0,0.0,5.0,46.0,0.0,6.0,0.0,0.0,0.0,,,,,,,,,,,,4.6
Jesse James,PIT,TE,@Det,W 20-15,0/0,0.0,0.0,0.0,0.0,0.0,0.0,2.0,42.0,0.0,3.0,0.0,0.0,0.0,,,,,,,,,,,,4.2
Jason Witten,DAL,TE,@Wsh,W 33-19,0/0,0.0,0.0,0.0,0.0,0.0,0.0,3.0,31.0,0.0,5.0,0.0,0.0,0.0,,,,,,,,,,,,3.1
Josh Hill,NOR,TE,Chi,W 20-12,0/0,0.0,0.0,0.0,0.0,0.0,0.0,3.0,29.0,0.0,4.0,0.0,0.0,0.0,,,,,,,,,,,,2.9
Nick Boyle,BAL,TE,Mia,W 40-0,0/0,0.0,0.0,0.0,0.0,0.0,0.0,4.0,29.0,0.0,4.0,0.0,0.0,0.0,,,,,,,,,,,,2.9
Austin Seferian-Jenkins,NYJ,TE,Atl,L 20-25,0/0,0.0,0.0,0.0,0.0,0.0,0.0,5.0,28.0,0.0,5.0,0.0,0.0,0.0,,,,,,,,,,,,2.8
David Morgan II,MIN,TE,@Cle,W 33-16,0/0,0.0,0.0,0.0,0.0,0.0,0.0,3.0,28.0,0.0,3.0,0.0,0.0,0.0,,,,,,,,,,,,2.8
Antonio Gates,LAC,TE,@NE,L 13-21,0/0,0.0,0.0,0.0,0.0,0.0,0.0,2.0,25.0,0.0,2.0,0.0,0.0,0.0,,,,,,,,,,,,2.5
Ed Dickson,CAR,TE,@TB,W 17-3,0/0,0.0,0.0,0.0,0.0,0.0,0.0,4.0,24.0,0.0,5.0,0.0,0.0,0.0,,,,,,,,,,,,2.4
Garrett Celek,SFO,TE,@Phi,L 10-33,0/0,0.0,0.0,0.0,0.0,0.0,0.0,1.0,24.0,0.0,2.0,0.0,0.0,0.0,,,,,,,,,,,,2.4
George Kittle,SFO,TE,@Phi,L 10-33,0/0,0.0,0.0,0.0,0.0,0.0,0.0,2.0,22.0,0.0,4.0,0.0,0.0,0.0,,,,,,,,,,,,2.2
Lee Smith,OAK,TE,@Buf,L 14-34,0/0,0.0,0.0,0.0,0.0,0.0,0.0,1.0,21.0,0.0,3.0,0.0,0.0,0.0,,,,,,,,,,,,2.1
Trey Burton,PHI,TE,SF,W 33-10,0/0,0.0,0.0,0.0,0.0,0.0,0.0,2.0,21.0,0.0,2.0,0.0,0.0,0.0,,,,,,,,,,,,2.1
Vernon Davis,WAS,TE,Dal,L 19-33,0/0,0.0,0.0,0.0,0.0,0.0,0.0,2.0,20.0,0.0,4.0,0.0,0.0,0.0,,,,,,,,,,,,2.0
Levine Toilolo,ATL,TE,@NYJ,W 25-20,0/0,0.0,0.0,0.0,0.0,0.0,0.0,2.0,20.0,0.0,3.0,0.0,0.0,0.0,,,,,,,,,,,,2.0
David Njoku,CLE,TE,Min,L 16-33,0/0,0.0,0.0,0.0,0.0,0.0,0.0,2.0,19.0,0.0,7.0,0.0,0.0,0.0,,,,,,,,,,,,1.9
Geoff Swaim,DAL,TE,@Wsh,W 33-19,0/0,0.0,0.0,0.0,0.0,0.0,0.0,1.0,18.0,0.0,1.0,0.0,0.0,0.0,,,,,,,,,,,,1.8
O.J. Howard,TAM,TE,Car,L 3-17,0/0,0.0,0.0,0.0,0.0,0.0,0.0,2.0,16.0,0.0,2.0,0.0,0.0,0.0,,,,,,,,,,,,1.6
Dion Sims,CHI,TE,@NO,L 12-20,0/0,0.0,0.0,0.0,0.0,0.0,0.0,3.0,15.0,0.0,5.0,0.0,0.0,0.0,,,,,,,,,,,,1.5
Brent Celek,PHI,TE,SF,W 33-10,0/0,0.0,0.0,0.0,0.0,0.0,0.0,1.0,14.0,0.0,2.0,0.0,0.0,0.0,,,,,,,,,,,,1.4
Jacob Hollister,NWE,TE,LAC,W 21-13,0/0,0.0,0.0,0.0,0.0,0.0,0.0,1.0,13.0,0.0,1.0,0.0,0.0,0.0,,,,,,,,,,,,1.3
Darren Fells,DET,TE,Pit,L 15-20,0/0,0.0,0.0,0.0,0.0,0.0,0.0,1.0,12.0,0.0,3.0,0.0,0.0,0.0,,,,,,,,,,,,1.2
Anthony Fasano,MIA,TE,@Bal,L 0-40,0/0,0.0,0.0,0.0,0.0,0.0,0.0,2.0,11.0,0.0,2.0,0.0,0.0,0.0,,,,,,,,,,,,1.1
Hunter Henry,LAC,TE,@NE,L 13-21,0/0,0.0,0.0,0.0,0.0,0.0,0.0,2.0,11.0,0.0,2.0,0.0,0.0,0.0,,,,,,,,,,,,1.1
Stephen Anderson,HOU,TE,@Sea,L 38-41,0/0,0.0,0.0,0.0,0.0,0.0,0.0,1.0,11.0,0.0,2.0,0.0,0.0,0.0,,,,,,,,,,,,1.1
Ryan Griffin,HOU,TE,@Sea,L 38-41,0/0,0.0,0.0,0.0,0.0,0.0,0.0,1.0,10.0,0.0,2.0,0.0,0.0,0.0,,,,,,,,,,,,1.0
Cole Hikutini,SFO,TE,@Phi,L 10-33,0/0,0.0,0.0,0.0,0.0,0.0,0.0,1.0,10.0,0.0,1.0,0.0,0.0,0.0,,,,,,,,,,,,1.0
Daniel Brown,CHI,TE,@NO,L 12-20,0/0,0.0,0.0,0.0,0.0,0.0,0.0,1.0,9.0,0.0,1.0,0.0,0.0,0.0,,,,,,,,,,,,0.9
Nick Vannett,SEA,TE,Hou,W 41-38,0/0,0.0,0.0,0.0,0.0,0.0,0.0,1.0,8.0,0.0,1.0,0.0,0.0,0.0,,,,,,,,,,,,0.8
Logan Thomas,BUF,TE,Oak,W 34-14,0/0,0.0,0.0,0.0,0.0,0.0,0.0,1.0,7.0,0.0,1.0,0.0,0.0,0.0,,,,,,,,,,,,0.7
Jordan Reed,WAS,TE,Dal,L 19-33,0/0,0.0,0.0,0.0,0.0,0.0,0.0,1.0,5.0,0.0,1.0,0.0,0.0,0.0,,,,,,,,,,,,0.5
Nick O'Leary,BUF,TE,Oak,W 34-14,0/0,0.0,0.0,0.0,0.0,0.0,0.0,1.0,5.0,0.0,3.0,0.0,0.0,0.0,,,,,,,,,,,,0.5
Julius Thomas,MIA,TE,@Bal,L 0-40,0/0,0.0,0.0,0.0,0.0,0.0,0.0,2.0,2.0,0.0,3.0,0.0,0.0,0.0,,,,,,,,,,,,0.2
Zach Miller,CHI,TE,@NO,L 12-20,0/0,0.0,0.0,0.0,0.0,0.0,0.0,0.0,0.0,0.0,2.0,0.0,0.0,0.0,,,,,,,,,,,,0.0
Dennis Pitta,BAL,TE,Mia,W 40-0,0/0,0.0,0.0,0.0,0.0,0.0,0.0,0.0,0.0,0.0,0.0,0.0,0.0,0.0,,,,,,,,,,,,0.0
Jordan Cameron,MIA,TE,@Bal,L 0-40,0/0,0.0,0.0,0.0,0.0,0.0,0.0,0.0,0.0,0.0,0.0,0.0,0.0,0.0,,,,,,,,,,,,0.0
Dominique Jones,MIA,TE,@Bal,L 0-40,0/0,0.0,0.0,0.0,0.0,0.0,0.0,0.0,0.0,0.0,0.0,0.0,0.0,0.0,,,,,,,,,,,,0.0
Chase Ford,BAL,TE,Mia,W 40-0,0/0,0.0,0.0,0.0,0.0,0.0,0.0,0.0,0.0,0.0,0.0,0.0,0.0,0.0,,,,,,,,,,,,0.0
Larry Donnell,BAL,TE,Mia,W 40-0,0/0,0.0,0.0,0.0,0.0,0.0,0.0,0.0,0.0,0.0,0.0,0.0,0.0,0.0,,,,,,,,,,,,0.0
Gavin Escobar,BAL,TE,Mia,W 40-0,0/0,0.0,0.0,0.0,0.0,0.0,0.0,0.0,0.0,0.0,0.0,0.0,0.0,0.0,,,,,,,,,,,,0.0
Luke Willson,SEA,TE,Hou,W 41-38,0/0,0.0,0.0,0.0,0.0,0.0,0.0,0.0,0.0,0.0,1.0,0.0,0.0,0.0,,,,,,,,,,,,0.0
Chris Pantale,MIA,TE,@Bal,L 0-40,0/0,0.0,0.0,0.0,0.0,0.0,0.0,0.0,0.0,0.0,0.0,0.0,0.0,0.0,,,,,,,,,,,,0.0
MarQueis Gray,MIA,TE,@Bal,L 0-40,0/0,0.0,0.0,0.0,0.0,0.0,0.0,0.0,0.0,0.0,0.0,0.0,0.0,0.0,,,,,,,,,,,,0.0
Crockett Gillmore,BAL,TE,Mia,W 40-0,0/0,0.0,0.0,0.0,0.0,0.0,0.0,0.0,0.0,0.0,0.0,0.0,0.0,0.0,,,,,,,,,,,,0.0
C.J. Uzomah,CIN,TE,Ind,W 24-23,0/0,0.0,0.0,0.0,0.0,0.0,0.0,0.0,0.0,0.0,0.0,0.0,0.0,0.0,,,,,,,,,,,,0.0
Darren Waller,BAL,TE,Mia,W 40-0,0/0,0.0,0.0,0.0,0.0,0.0,0.0,0.0,0.0,0.0,0.0,0.0,0.0,0.0,,,,,,,,,,,,0.0
Maxx Williams,BAL,TE,Mia,W 40-0,0/0,0.0,0.0,0.0,0.0,0.0,0.0,0.0,0.0,0.0,0.0,0.0,0.0,0.0,,,,,,,,,,,,0.0
Seth DeValve,CLE,TE,Min,L 16-33,0/0,0.0,0.0,0.0,0.0,0.0,0.0,1.0,0.0,0.0,3.0,0.0,0.0,0.0,,,,,,,,,,,,0.0
Thomas Duarte,MIA,TE,@Bal,L 0-40,0/0,0.0,0.0,0.0,0.0,0.0,0.0,0.0,0.0,0.0,0.0,0.0,0.0,0.0,,,,,,,,,,,,0.0
Michael Roberts,DET,TE,Pit,L 15-20,0/0,0.0,0.0,0.0,0.0,0.0,0.0,0.0,0.0,0.0,2.0,0.0,0.0,0.0,,,,,,,,,,,,0.0
Adam Shaheen,CHI,TE,@NO,L 12-20,0/0,0.0,0.0,0.0,0.0,0.0,0.0,0.0,0.0,0.0,1.0,0.0,0.0,0.0,,,,,,,,,,,,0.0
Coby Fleener,NOR,TE,Chi,W 20-12,0/0,0.0,0.0,0.0,0.0,0.0,0.0,1.0,-1.0,0.0,1.0,0.0,0.0,0.0,,,,,,,,,,,,-0.1
Kellen Winslow,NYJ,TE,Atl,L 20-25,,,,,,,,,,,,,,,,,,,,,,,,,,
Alex Smith,WAS,TE,Dal,L 19-33,,,,,,,,,,,,,,,,,,,,,,,,,,
Marcedes Lewis,JAC,TE,** BYE **,,,,,,,,,,,,,,,,,,,,,,,,,,,
Owen Daniels,DEN,TE,@KC,Mon 8:30,,,,,,,,,,,,,,,,,,,,,,,,,,
Delanie Walker,TEN,TE,** BYE **,,,,,,,,,,,,,,,,,,,,,,,,,,,
Daniel Fells,NYG,TE,** BYE **,,,,,,,,,,,,,,,,,,,,,,,,,,,
Greg Olsen,CAR,TE,@TB,W 17-3,,,,,,,,,,,,,,,,,,,,,,,,,,
Matt Spaeth,PIT,TE,@Det,W 20-15,,,,,,,,,,,,,,,,,,,,,,,,,,
Scott Chandler,NWE,TE,LAC,W 21-13,,,,,,,,,,,,,,,,,,,,,,,,,,
Clark Harris,CIN,TE,Ind,W 24-23,,,,,,,,,,,,,,,,,,,,,,,,,,
Fred Davis,WAS,TE,Dal,L 19-33,,,,,,,,,,,,,,,,,,,,,,,,,,
Martellus Bennett,GNB,TE,** BYE **,,,,,,,,,,,,,,,,,,,,,,,,,,,
Craig Stevens,TEN,TE,** BYE **,,,,,,,,,,,,,,,,,,,,,,,,,,,
Gary Barnidge,CLE,TE,Min,L 16-33,,,,,,,,,,,,,,,,,,,,,,,,,,
Jacob Tamme,ATL,TE,@NYJ,W 25-20,,,,,,,,,,,,,,,,,,,,,,,,,,
Kellen Davis,NYJ,TE,Atl,L 20-25,,,,,,,,,,,,,,,,,,,,,,,,,,
Matthew Mulligan,DET,TE,Pit,L 15-20,,,,,,,,,,,,,,,,,,,,,,,,,,
David Johnson,PIT,TE,@Det,W 20-15,,,,,,,,,,,,,,,,,,,,,,,,,,
James Casey,DEN,TE,@KC,Mon 8:30,,,,,,,,,,,,,,,,,,,,,,,,,,
Chase Coffman,IND,TE,@Cin,L 23-24,,,,,,,,,,,,,,,,,,,,,,,,,,
Bear Pascoe,NWE,TE,LAC,W 21-13,,,,,,,,,,,,,,,,,,,,,,,,,,
Brandon Pettigrew,DET,TE,Pit,L 15-20,,,,,,,,,,,,,,,,,,,,,,,,,,
John Phillips,NOR,TE,Chi,W 20-12,,,,,,,,,,,,,,,,,,,,,,,,,,
Brandon Myers,TAM,TE,Car,L 3-17,,,,,,,,,,,,,,,,,,,,,,,,,,
Jermaine Gresham,ARI,TE,** BYE **,,,,,,,,,,,,,,,,,,,,,,,,,,,
Tony Moeaki,CHI,TE,@NO,L 12-20,,,,,,,,,,,,,,,,,,,,,,,,,,
Jim Dray,ARI,TE,** BYE **,,,,,,,,,,,,,,,,,,,,,,,,,,,
Garrett Graham,DEN,TE,@KC,Mon 8:30,,,,,,,,,,,,,,,,,,,,,,,,,,
Clay Harbor,NOR,TE,Chi,W 20-12,,,,,,,,,,,,,,,,,,,,,,,,,,
Michael Hoomanawanui,NOR,TE,Chi,W 20-12,,,,,,,,,,,,,,,,,,,,,,,,,,
Anthony McCoy,SEA,TE,Hou,W 41-38,,,,,,,,,,,,,,,,,,,,,,,,,,
Andrew Quarless,DET,TE,Pit,L 15-20,,,,,,,,,,,,,,,,,,,,,,,,,,
Richie Brockel,CAR,TE,@TB,W 17-3,,,,,,,,,,,,,,,,,,,,,,,,,,
Jeff Cumberland,LAC,TE,@NE,L 13-21,,,,,,,,,,,,,,,,,,,,,,,,,,
Logan Paulsen,SFO,TE,@Phi,L 10-33,,,,,,,,,,,,,,,,,,,,,,,,,,
Lance Kendricks,GNB,TE,** BYE **,,,,,,,,,,,,,,,,,,,,,,,,,,,
Rob Housler,NWE,TE,LAC,W 21-13,,,,,,,,,,,,,,,,,,,,,,,,,,
Bruce Miller,SFO,TE,@Phi,L 10-33,,,,,,,,,,,,,,,,,,,,,,,,,,
Virgil Green,DEN,TE,@KC,Mon 8:30,,,,,,,,,,,,,,,,,,,,,,,,,,
Luke Stocker,TAM,TE,Car,L 3-17,,,,,,,,,,,,,,,,,,,,,,,,,,
David Ausberry,DET,TE,Pit,L 15-20,,,,,,,,,,,,,,,,,,,,,,,,,,
Charles Clay,BUF,TE,Oak,W 34-14,,,,,,,,,,,,,,,,,,,,,,,,,,
Niles Paul,WAS,TE,Dal,L 19-33,,,,,,,,,,,,,,,,,,,,,,,,,,
D.J. Williams,WAS,TE,Dal,L 19-33,,,,,,,,,,,,,,,,,,,,,,,,,,
Dwayne Allen,NWE,TE,LAC,W 21-13,,,,,,,,,,,,,,,,,,,,,,,,,,
Orson Charles,KAN,TE,Den,Mon 8:30,,,,,,,,,,,,,,,,,,,,,,,,,,
Ladarius Green,PIT,TE,@Det,W 20-15,,,,,,,,,,,,,,,,,,,,,,,,,,
James Hanna,DAL,TE,@Wsh,W 33-19,,,,,,,,,,,,,,,,,,,,,,,,,,
Rhett Ellison,NYG,TE,** BYE **,,,,,,,,,,,,,,,,,,,,,,,,,,,
Greg Scruggs,NWE,TE,LAC,W 21-13,,,,,,,,,,,,,,,,,,,,,,,,,,
Phillip Supernaw,TEN,TE,** BYE **,,,,,,,,,,,,,,,,,,,,,,,,,,,
Beau Brinkley,TEN,TE,** BYE **,,,,,,,,,,,,,,,,,,,,,,,,,,,
Derek Carrier,LAR,TE,** BYE **,,,,,,,,,,,,,,,,,,,,,,,,,,,
Sean McGrath,LAC,TE,@NE,L 13-21,,,,,,,,,,,,,,,,,,,,,,,,,,
Cooper Helfet,OAK,TE,@Buf,L 14-34,,,,,,,,,,,,,,,,,,,,,,,,,,
Brandon Bostick,NYJ,TE,Atl,L 20-25,,,,,,,,,,,,,,,,,,,,,,,,,,
Ifeanyi Momah,ARI,TE,** BYE **,,,,,,,,,,,,,,,,,,,,,,,,,,,
Tyler Eifert,CIN,TE,Ind,W 24-23,,,,,,,,,,,,,,,,,,,,,,,,,,
Travis Kelce,KAN,TE,Den,Mon 8:30,,,,,,,,,,,,,,,,,,,,,,,,,,
Vance McDonald,PIT,TE,@Det,W 20-15,,,,,,,,,,,,,,,,,,,,,,,,,,
Michael Williams,NWE,TE,LAC,W 21-13,,,,,,,,,,,,,,,,,,,,,,,,,,
Mychal Rivera,JAC,TE,** BYE **,,,,,,,,,,,,,,,,,,,,,,,,,,,
Chris Gragg,NYJ,TE,Atl,L 20-25,,,,,,,,,,,,,,,,,,,,,,,,,,
Justice Cunningham,LAR,TE,** BYE **,,,,,,,,,,,,,,,,,,,,,,,,,,,
Timothy Wright,DET,TE,Pit,L 15-20,,,,,,,,,,,,,,,,,,,,,,,,,,
Brandon Williams,IND,TE,@Cin,L 23-24,,,,,,,,,,,,,,,,,,,,,,,,,,
Zach Sudfeld,NYJ,TE,Atl,L 20-25,,,,,,,,,,,,,,,,,,,,,,,,,,
Jake Stoneburner,LAR,TE,** BYE **,,,,,,,,,,,,,,,,,,,,,,,,,,,
C.J. Fiedorowicz,HOU,TE,@Sea,L 38-41,,,,,,,,,,,,,,,,,,,,,,,,,,
Richard Rodgers,GNB,TE,** BYE **,,,,,,,,,,,,,,,,,,,,,,,,,,,
Jace Amaro,TEN,TE,** BYE **,,,,,,,,,,,,,,,,,,,,,,,,,,,
Troy Niklas,ARI,TE,** BYE **,,,,,,,,,,,,,,,,,,,,,,,,,,,
Brian Leonhardt,MIN,TE,@Cle,W 33-16,,,,,,,,,,,,,,,,,,,,,,,,,,
Demetrius Harris,KAN,TE,Den,Mon 8:30,,,,,,,,,,,,,,,,,,,,,,,,,,
Kyle Nelson,SFO,TE,@Phi,L 10-33,,,,,,,,,,,,,,,,,,,,,,,,,,
Marcel Jensen,WAS,TE,Dal,L 19-33,,,,,,,,,,,,,,,,,,,,,,,,,,
Asante Cleveland,LAC,TE,@NE,L 13-21,,,,,,,,,,,,,,,,,,,,,,,,,,
Nic Jacobs,JAC,TE,** BYE **,,,,,,,,,,,,,,,,,,,,,,,,,,,
Blake Annen,BUF,TE,Oak,W 34-14,,,,,,,,,,,,,,,,,,,,,,,,,,
RaShaun Allen,HOU,TE,@Sea,L 38-41,,,,,,,,,,,,,,,,,,,,,,,,,,
Justin Perillo,CHI,TE,@NO,L 12-20,,,,,,,,,,,,,,,,,,,,,,,,,,
James O'Shaughnessy,JAC,TE,** BYE **,,,,,,,,,,,,,,,,,,,,,,,,,,,
MyCole Pruitt,CHI,TE,@NO,L 12-20,,,,,,,,,,,,,,,,,,,,,,,,,,
Randall Telfer,CLE,TE,Min,L 16-33,,,,,,,,,,,,,,,,,,,,,,,,,,
Gerald Christian,ARI,TE,** BYE **,,,,,,,,,,,,,,,,,,,,,,,,,,,
Clive Walford,OAK,TE,@Buf,L 14-34,,,,,,,,,,,,,,,,,,,,,,,,,,
Neal Sterling,NYJ,TE,Atl,L 20-25,,,,,,,,,,,,,,,,,,,,,,,,,,
Blake Bell,MIN,TE,@Cle,W 33-16,,,,,,,,,,,,,,,,,,,,,,,,,,
Chris Manhertz,CAR,TE,@TB,W 17-3,,,,,,,,,,,,,,,,,,,,,,,,,,
Jeff Heuerman,DEN,TE,@KC,Mon 8:30,,,,,,,,,,,,,,,,,,,,,,,,,,
Rory Anderson,BUF,TE,Oak,W 34-14,,,,,,,,,,,,,,,,,,,,,,,,,,
Ben Koyack,JAC,TE,** BYE **,,,,,,,,,,,,,,,,,,,,,,,,,,,
Kennard Backman,DET,TE,Pit,L 15-20,,,,,,,,,,,,,,,,,,,,,,,,,,
A.J. Derby,DEN,TE,@KC,Mon 8:30,,,,,,,,,,,,,,,,,,,,,,,,,,
E.J. Bibbs,WAS,TE,Dal,L 19-33,,,,,,,,,,,,,,,,,,,,,,,,,,
Khari Lee,BUF,TE,Oak,W 34-14,,,,,,,,,,,,,,,,,,,,,,,,,,
Jerome Cunningham,TEN,TE,** BYE **,,,,,,,,,,,,,,,,,,,,,,,,,,,
Wes Saxton,BUF,TE,Oak,W 34-14,,,,,,,,,,,,,,,,,,,,,,,,,,
Will Tye,NYJ,TE,Atl,L 20-25,,,,,,,,,,,,,,,,,,,,,,,,,,
Tyler Higbee,LAR,TE,** BYE **,,,,,,,,,,,,,,,,,,,,,,,,,,,
Temarrick Hemingway,LAR,TE,** BYE **,,,,,,,,,,,,,,,,,,,,,,,,,,,
Jerell Adams,NYG,TE,** BYE **,,,,,,,,,,,,,,,,,,,,,,,,,,,
Rico Gathers,DAL,TE,@Wsh,W 33-19,,,,,,,,,,,,,,,,,,,,,,,,,,
Beau Sandland,GNB,TE,** BYE **,,,,,,,,,,,,,,,,,,,,,,,,,,,
Ben Braunecker,CHI,TE,@NO,L 12-20,,,,,,,,,,,,,,,,,,,,,,,,,,
Cole Wick,DET,TE,Pit,L 15-20,,,,,,,,,,,,,,,,,,,,,,,,,,
Matt LaCosse,NYG,TE,** BYE **,,,,,,,,,,,,,,,,,,,,,,,,,,,
Erik Swoope,IND,TE,@Cin,L 23-24,,,,,,,,,,,,,,,,,,,,,,,,,,
Anthony Denham,PHI,TE,SF,W 33-10,,,,,,,,,,,,,,,,,,,,,,,,,,
Bryce Williams,CAR,TE,@TB,W 17-3,,,,,,,,,,,,,,,,,,,,,,,,,,
Alan Cross,TAM,TE,Car,L 3-17,,,,,,,,,,,,,,,,,,,,,,,,,,
Braedon Bowman,NOR,TE,Chi,W 20-12,,,,,,,,,,,,,,,,,,,,,,,,,,
Brian Parker,NYJ,TE,Atl,L 20-25,,,,,,,,,,,,,,,,,,,,,,,,,,
Joshua Perkins,ATL,TE,@NYJ,W 25-20,,,,,,,,,,,,,,,,,,,,,,,,,,
Ross Travis,KAN,TE,Den,Mon 8:30,,,,,,,,,,,,,,,,,,,,,,,,,,
Scott Simonson,CAR,TE,@TB,W 17-3,,,,,,,,,,,,,,,,,,,,,,,,,,
Xavier Grimble,PIT,TE,@Det,W 20-15,,,,,,,,,,,,,,,,,,,,,,,,,,
D.J. Tialavea,ATL,TE,@NYJ,W 25-20,,,,,,,,,,,,,,,,,,,,,,,,,,
Matt Lengel,CLE,TE,Min,L 16-33,,,,,,,,,,,,,,,,,,,,,,,,,,
Alex Ellis,JAC,TE,** BYE **,,,,,,,,,,,,,,,,,,,,,,,,,,,
Jonnu Smith,TEN,TE,** BYE **,,,,,,,,,,,,,,,,,,,,,,,,,,,
Jordan Leggett,NYJ,TE,Atl,L 20-25,,,,,,,,,,,,,,,,,,,,,,,,,,
Jake Butt,DEN,TE,@KC,Mon 8:30,,,,,,,,,,,,,,,,,,,,,,,,,,
Mason Schreck,CIN,TE,Ind,W 24-23,,,,,,,,,,,,,,,,,,,,,,,,,,
Jeremy Sprinkle,WAS,TE,Dal,L 19-33,,,,,,,,,,,,,,,,,,,,,,,,,,
Bucky Hodges,MIN,TE,@Cle,W 33-16,,,,,,,,,,,,,,,,,,,,,,,,,,
Eric Saubert,ATL,TE,@NYJ,W 25-20,,,,,,,,,,,,,,,,,,,,,,,,,,
Gerald Everett,LAR,TE,** BYE **,,,,,,,,,,,,,,,,,,,,,,,,,,,
Evan Engram,NYG,TE,** BYE **,,,,,,,,,,,,,,,,,,,,,,,,,,,
Antony Auclair,TAM,TE,Car,L 3-17,,,,,,,,,,,,,,,,,,,,,,,,,,
Ricky Seals-Jones,ARI,TE,** BYE **,,,,,,,,,,,,,,,,,,,,,,,,,,,
Hakeem Valles,ARI,TE,** BYE **,,,,,,,,,,,,,,,,,,,,,,,,,,,
Sean Culkin,LAC,TE,@NE,L 13-21,,,,,,,,,,,,,,,,,,,,,,,,,,
Cethan Carter,CIN,TE,Ind,W 24-23,,,,,,,,,,,,,,,,,,,,,,,,,,
Darrell Daniels,IND,TE,@Cin,L 23-24,,,,,,,,,,,,,,,,,,,,,,,,,,
Evan Baylis,HOU,TE,@Sea,L 38-41,,,,,,,,,,,,,,,,,,,,,,,,,,
Shane Smith,NYG,TE,** BYE **,,,,,,,,,,,,,,,,,,,,,,,,,,,
Henry Krieger-Coble,IND,TE,@Cin,L 23-24,,,,,,,,,,,,,,,,,,,,,,,,,,
Ravens,BAL,DST,Mia,W 40-0,,,,2.0,,,,,,,,,,,2.0,0.0,3.0,0.0,0.0,0.0,,,,,,27.0
Eagles,PHI,DST,SF,W 33-10,,,,2.0,,,,,,,,,,,1.0,0.0,4.0,0.0,1.0,10.0,,,,,,21.0
Cowboys,DAL,DST,@Wsh,W 33-19,,,,1.0,,,,,,,,,,,1.0,2.0,4.0,0.0,1.0,19.0,,,,,,20.0
Panthers,CAR,DST,@TB,W 17-3,,,,2.0,,,,,,,,,,,0.0,1.0,3.0,0.0,0.0,3.0,,,,,,15.0
Bills,BUF,DST,Oak,W 34-14,,,,2.0,,,,,,,,,,,1.0,2.0,0.0,0.0,0.0,14.0,,,,,,14.0
Bengals,CIN,DST,Ind,W 24-23,,,,1.0,,,,,,,,,,,1.0,0.0,4.0,0.0,1.0,23.0,,,,,,14.0
Colts,IND,DST,@Cin,L 23-24,,,,0.0,,,,,,,,,,,0.0,2.0,3.0,0.0,1.0,18.0,,,,,,11.0
Vikings,MIN,DST,@Cle,W 33-16,,,,0.0,,,,,,,,,,,0.0,2.0,3.0,0.0,0.0,16.0,,,,,,10.0
Seahawks,SEA,DST,Hou,W 41-38,,,,3.0,,,,,,,,,,,1.0,0.0,5.0,0.0,0.0,38.0,,,,,,8.0
Falcons,ATL,DST,@NYJ,W 25-20,,,,0.0,,,,,,,,,,,0.0,1.0,3.0,0.0,0.0,20.0,,,,,,7.0
Patriots,NWE,DST,LAC,W 21-13,,,,1.0,,,,,,,,,,,0.0,0.0,0.0,1.0,0.0,13.0,,,,,,7.0
Saints,NOR,DST,Chi,W 20-12,,,,1.0,,,,,,,,,,,0.0,0.0,2.0,0.0,0.0,12.0,,,,,,7.0
Bears,CHI,DST,@NO,L 12-20,,,,0.0,,,,,,,,,,,0.0,2.0,2.0,0.0,0.0,20.0,,,,,,5.0
49ers,SFO,DST,@Phi,L 10-33,,,,1.0,,,,,,,,,,,0.0,0.0,3.0,0.0,0.0,27.0,,,,,,5.0
Buccaneers,TAM,DST,Car,L 3-17,,,,1.0,,,,,,,,,,,0.0,0.0,0.0,0.0,0.0,17.0,,,,,,5.0
Jets,NYJ,DST,Atl,L 20-25,,,,0.0,,,,,,,,,,,0.0,2.0,1.0,0.0,0.0,25.0,,,,,,4.0
Redskins,WAS,DST,Dal,L 19-33,,,,0.0,,,,,,,,,,,0.0,1.0,2.0,0.0,0.0,27.0,,,,,,4.0
Browns,CLE,DST,Min,L 16-33,,,,1.0,,,,,,,,,,,0.0,0.0,1.0,0.0,1.0,33.0,,,,,,3.0
Lions,DET,DST,Pit,L 15-20,,,,1.0,,,,,,,,,,,0.0,1.0,0.0,0.0,0.0,20.0,,,,,,3.0
Dolphins,MIA,DST,@Bal,L 0-40,,,,0.0,,,,,,,,,,,0.0,0.0,0.0,0.0,1.0,28.0,,,,,,3.0
Steelers,PIT,DST,@Det,W 20-15,,,,0.0,,,,,,,,,,,0.0,1.0,2.0,0.0,0.0,15.0,,,,,,0.0
Chargers,LAC,DST,@NE,L 13-21,,,,0.0,,,,,,,,,,,0.0,0.0,3.0,0.0,0.0,19.0,,,,,,0.0
Raiders,OAK,DST,@Buf,L 14-34,,,,0.0,,,,,,,,,,,0.0,0.0,0.0,0.0,0.0,28.0,,,,,,-1.0
Texans,HOU,DST,@Sea,L 38-41,,,,1.0,,,,,,,,,,,0.0,0.0,2.0,0.0,0.0,35.0,,,,,,-4.0
Broncos,DEN,DST,@KC,Mon 8:30,,,,,,,,,,,,,,,,,,,,,,,,,,
Packers,GNB,DST,** BYE **,,,,,,,,,,,,,,,,,,,,,,,,,,,
Titans,TEN,DST,** BYE **,,,,,,,,,,,,,,,,,,,,,,,,,,,
Chiefs,KAN,DST,Den,Mon 8:30,,,,,,,,,,,,,,,,,,,,,,,,,,
Rams,LAR,DST,** BYE **,,,,,,,,,,,,,,,,,,,,,,,,,,,
Giants,NYG,DST,** BYE **,,,,,,,,,,,,,,,,,,,,,,,,,,,
Cardinals,ARI,DST,** BYE **,,,,,,,,,,,,,,,,,,,,,,,,,,,
Jaguars,JAC,DST,** BYE **,,,,,,,,,,,,,,,,,,,,,,,,,,,
Matt Prater,DET,K,Pit,,,,,,,,,,,,,,,,,,,,,,3/3,1/1,1/1,5/5,0/0,18.0
Kai Forbath,MIN,K,@Cle,,,,,,,,,,,,,,,,,,,,,,2/2,1/1,1/1,4/4,1/2,16.0
Mike Nugent,DAL,K,@Wsh,,,,,,,,,,,,,,,,,,,,,,3/3,1/2,0/0,4/5,3/3,15.0
Matt Bryant,ATL,K,@NYJ,,,,,,,,,,,,,,,,,,,,,,3/3,1/1,0/0,4/4,1/1,14.0
Wil Lutz,NOR,K,Chi,,,,,,,,,,,,,,,,,,,,,,1/1,2/2,0/0,2/2,2/2,13.0
Stephen Gostkowski,NWE,K,LAC,,,,,,,,,,,,,,,,,,,,,,3/3,1/3,0/0,4/6,1/1,12.0
Justin Tucker,BAL,K,Mia,,,,,,,,,,,,,,,,,,,,,,0/0,1/2,1/1,2/3,4/4,12.0
Adam Vinatieri,IND,K,@Cin,,,,,,,,,,,,,,,,,,,,,,3/3,0/0,0/0,3/3,2/2,11.0
Stephen Hauschka,BUF,K,Oak,,,,,,,,,,,,,,,,,,,,,,1/1,1/1,0/0,2/2,4/4,11.0
Blair Walsh,SEA,K,Hou,,,,,,,,,,,,,,,,,,,,,,2/2,0/0,0/0,2/2,5/5,11.0
Jake Elliott,PHI,K,SF,,,,,,,,,,,,,,,,,,,,,,0/0,1/1,1/1,2/2,1/3,10.0
Chandler Catanzaro,NYJ,K,Atl,,,,,,,,,,,,,,,,,,,,,,0/0,2/4,0/0,2/4,2/2,8.0
Chris Boswell,PIT,K,@Det,,,,,,,,,,,,,,,,,,,,,,2/2,0/0,0/0,2/2,2/2,8.0
Ka'imi Fairbairn,HOU,K,@Sea,,,,,,,,,,,,,,,,,,,,,,1/1,0/0,0/0,1/1,5/5,8.0
Nick Rose,WAS,K,Dal,,,,,,,,,,,,,,,,,,,,,,1/1,1/1,0/0,2/3,1/2,7.0
Connor Barth,CHI,K,@NO,,,,,,,,,,,,,,,,,,,,,,1/1,1/2,0/0,2/3,0/0,6.0
Robbie Gould,SFO,K,@Phi,,,,,,,,,,,,,,,,,,,,,,0/0,0/0,1/1,1/2,1/1,5.0
Graham Gano,CAR,K,@TB,,,,,,,,,,,,,,,,,,,,,,1/1,0/0,0/0,1/1,2/2,5.0
Randy Bullock,CIN,K,Ind,,,,,,,,,,,,,,,,,,,,,,1/2,0/0,0/0,1/2,3/3,5.0
Patrick Murray,TAM,K,Car,,,,,,,,,,,,,,,,,,,,,,0/0,1/1,0/0,1/1,0/0,4.0
Zane Gonzalez,CLE,K,Min,,,,,,,,,,,,,,,,,,,,,,1/2,0/0,0/0,1/2,1/2,3.0
Giorgio Tavecchio,OAK,K,@Buf,,,,,,,,,,,,,,,,,,,,,,0/0,0/0,0/0,0/0,2/2,2.0
Nick Novak,LAC,K,@NE,,,,,,,,,,,,,,,,,,,,,,0/0,0/0,0/1,0/1,1/1,0.0
Andrew Franks,MIA,K,@Bal,,,,,,,,,,,,,,,,,,,,,,0/0,0/0,0/0,0/0,0/0,0.0
Cody Parkey,MIA,K,@Bal,,,,,,,,,,,,,,,,,,,,,,0/0,0/0,0/1,0/1,0/0,-1.0
Phil Dawson,ARI,K,** BYE **,,,,,,,,,,,,,,,,,,,,,,,,,,,
Sebastian Janikowski,OAK,K,@Buf,,,,,,,,,,,,,,,,,,,,,,,,,,,
Shayne Graham,ATL,K,@NYJ,,,,,,,,,,,,,,,,,,,,,,,,,,,
Billy Cundiff,CLE,K,Min,,,,,,,,,,,,,,,,,,,,,,,,,,,
Josh Brown,NYG,K,** BYE **,,,,,,,,,,,,,,,,,,,,,,,,,,,
Josh Scobee,NOR,K,Chi,,,,,,,,,,,,,,,,,,,,,,,,,,,
Shaun Suisham,PIT,K,@Det,,,,,,,,,,,,,,,,,,,,,,,,,,,
Nick Folk,TAM,K,Car,,,,,,,,,,,,,,,,,,,,,,,,,,,
Mason Crosby,GNB,K,** BYE **,,,,,,,,,,,,,,,,,,,,,,,,,,,
Garrett Hartley,PIT,K,@Det,,,,,,,,,,,,,,,,,,,,,,,,,,,
Dan Carpenter,BUF,K,Oak,,,,,,,,,,,,,,,,,,,,,,,,,,,
Ryan Succop,TEN,K,** BYE **,,,,,,,,,,,,,,,,,,,,,,,,,,,
Dan Bailey,DAL,K,@Wsh,,,,,,,,,,,,,,,,,,,,,,,,,,,
Greg Zuerlein,LAR,K,** BYE **,,,,,,,,,,,,,,,,,,,,,,,,,,,
Brandon Bogotay,TAM,K,Car,,,,,,,,,,,,,,,,,,,,,,,,,,,
Caleb Sturgis,PHI,K,SF,,,,,,,,,,,,,,,,,,,,,,,,,,,
Dustin Hopkins,WAS,K,Dal,,,,,,,,,,,,,,,,,,,,,,,,,,,
Zach Hocker,TAM,K,Car,,,,,,,,,,,,,,,,,,,,,,,,,,,
Travis Coons,LAR,K,** BYE **,,,,,,,,,,,,,,,,,,,,,,,,,,,
Brandon McManus,DEN,K,@KC,,,,,,,,,,,,,,,,,,,,,,,,,,,
Cairo Santos,KAN,K,Den,,,,,,,,,,,,,,,,,,,,,,,,,,,
Kasey Redfern,DET,K,Pit,,,,,,,,,,,,,,,,,,,,,,,,,,,
Jordan Gay,TEN,K,** BYE **,,,,,,,,,,,,,,,,,,,,,,,,,,,
Jason Myers,JAC,K,** BYE **,,,,,,,,,,,,,,,,,,,,,,,,,,,
Kyle Brindza,NYJ,K,Atl,,,,,,,,,,,,,,,,,,,,,,,,,,,
Josh Lambo,JAC,K,** BYE **,,,,,,,,,,,,,,,,,,,,,,,,,,,
Roberto Aguayo,CHI,K,@NO,,,,,,,,,,,,,,,,,,,,,,,,,,,
Aldrick Rosas,NYG,K,** BYE **,,,,,,,,,,,,,,,,,,,,,,,,,,,
Harrison Butker,KAN,K,Den,,,,,,,,,,,,,,,,,,,,,,,,,,,
Younghoe Koo,LAC,K,@NE,,,,,,,,,,,,,,,,,,,,,,,,,,,
