Rk,Player,Team,Pos,Cmp_Att,PsYds,PsTD,Int,RsAtt,RsYds,RsTD,Rec,RcYds,RcTD,FFPts
1,Cam Newton,CAR,QB,304.7/526.5,3799.1,28.1,13,125.2,681.8,5.7,0,0,0,335.7
2,Aaron Rodgers,GNB,QB,352/559,4213.4,32.4,7.3,51.2,237.4,1.5,0,0,0,310.7
3,Russell Wilson,SEA,QB,299.5/476.3,3738.1,29.7,10.1,95.6,495.3,2.6,0,0,0,307
4,Andrew Luck,IND,QB,360.2/624.7,4363.6,31.8,19.1,64.8,263.6,1.7,0,0,0,294.9
5,Drew Brees,NOR,QB,440.4/657.4,4758.6,31.3,15.4,21.7,35.5,0.9,0,0,0,290.4
6,Ben Roethlisberger,PIT,QB,379.9/575.7,4540.6,28.5,12.7,28,67.5,0.7,0,0,0,282.1
7,Carson Palmer,ARI,QB,346.6/568.9,4344.1,29.5,16.4,24.6,49.1,1,0,0,0,263
8,Tom Brady,NWE,QB,303/477.9,3390.1,25.3,7,27.4,21.8,1.5,0,0,0,231.5
9,Eli Manning,NYG,QB,380.6/607.8,4542.5,30.7,15.1,20.9,37.6,0.4,0,0,0,272.2
10,Blake Bortles,JAC,QB,326.3/574.8,3905.5,28.4,15.7,50.5,260.7,1.4,0,0,0,262.8
11,Philip Rivers,SDG,QB,404.9/616.3,4504.2,28.3,14.9,23,61.6,0.5,0,0,0,269
12,Tyrod Taylor,BUF,QB,275.2/452.9,3240.8,21.3,12.1,112.1,578,4.5,0,0,0,266.4
13,Kirk Cousins,WAS,QB,388.3/599.7,4507.7,29.5,13.2,38.1,117.2,1.4,0,0,0,281.5
14,Derek Carr,OAK,QB,349.6/584.2,3807.4,31,13,30.7,82,0.7,0,0,0,254.5
15,Marcus Mariota,TEN,QB,304.6/468.2,3530.6,19.7,12.6,70.4,355.4,2.7,0,0,0,235
16,Matthew Stafford,DET,QB,411.8/632.8,4641.9,25.1,13.4,39.6,135.3,1.9,0,0,0,279.8
17,Andy Dalton,CIN,QB,323.6/513.5,3783.6,25.5,12.9,62.9,233.7,2.7,0,0,0,263.2
18,Jameis Winston,TAM,QB,320.1/554.1,3832,25,15.4,60.2,263,2.6,0,0,0,259.9
19,Ryan Fitzpatrick,NYJ,QB,337.8/554.8,3911.7,25.8,15.5,57.2,252.5,2,0,0,0,261.3
20,Ryan Tannehill,MIA,QB,374.8/607.3,4251,23.7,12.4,34.4,130.6,1,0,0,0,251.3
21,Matt Ryan,ATL,QB,409.7/619.5,4513.1,22.1,16.3,30.8,95.4,0.8,0,0,0,242
22,Brock Osweiler,HOU,QB,343.1/554.7,4075.6,24.5,14.7,50.8,123.3,1.5,0,0,0,247
23,Joe Flacco,BAL,QB,375.1/625.2,4213.8,25.5,16.2,27.1,46.9,1.2,0,0,0,242.8
24,Jay Cutler,CHI,QB,320/498.9,3788.7,21.6,13.9,38.7,138.2,0.9,0,0,0,221.3
25,Robert Griffin,CLE,QB,309.3/493.7,3682.8,19.3,12.5,70.6,426.7,1.9,0,0,0,238.8
26,Alex Smith,KAN,QB,326.4/501.8,3671.7,19.4,7.5,69.3,398.4,2.5,0,0,0,259.8
27,Carson Wentz,PHI,QB,303.1/524.3,3399.1,19.8,15.7,68.4,361,2.7,0,0,0,228.8
28,Dak Prescott,DAL,QB,123/202.8,1433,9.9,6.1,26.4,134.2,0.9,0,0,0,100.2
29,Sam Bradford,MIN,QB,292.3/464.8,3212.9,17.2,10.8,30.8,79.5,1.3,0,0,0,183.4
30,Trevor Siemian,DEN,QB,213.7/382.6,2417.5,13.5,15.2,25.2,103.2,1,0,0,0,132
31,Blaine Gabbert,SFO,QB,314/519.1,3587.5,17.3,16.5,51.1,175.9,1.2,0,0,0,196
32,Tony Romo*,DAL,QB,214/320.1,2537.1,17,7.2,16,34.9,0.4,0,0,0,158.6
33,Case Keenum,LAR,QB,181.4/312.2,1988.6,8.6,9.1,25,84.7,1.1,0,0,0,104.1
34,Jimmy Garoppolo,NWE,QB,85.8/141.9,944.3,7.3,3.7,15.7,62.6,0.5,0,0,0,66.8
35,Chase Daniel,PHI,QB,23.3/37.5,243.3,1.5,0.8,5.7,23.2,0.2,0,0,0,16.6
36,Jared Goff,LAR,QB,89.1/159.5,956.5,4.2,6.2,12.2,46.6,0.5,0,0,0,47.1
37,Paxton Lynch,DEN,QB,99.4/174.6,1151.9,6.1,5.5,14.4,56.6,0.5,0,0,0,65.5
38,Shaun Hill,MIN,QB,28.1/44.7,327.6,1.7,1,2.9,11.5,0.1,0,0,0,18.3
39,Sean Mannion,LAR,QB,20.2/32.9,240.8,1,1.1,2.8,12.6,0.1,0,0,0,12.5
40,Colin Kaepernick,SFO,QB,41.5/73.8,456.9,2.2,1.6,12.4,44.7,0.3,0,0,0,28.4
41,Mike Vick,PIT,QB,0/0,0,0,0,0,0,0,0,0,0,0
42,Josh McCown,CLE,QB,22.9/39.1,281.1,1.4,0.9,2.9,11.9,0.1,0,0,0,15.3
43,Matt Schaub,ATL,QB,1.8/3,20.1,0.1,0.1,0.1,0.4,0,0,0,0,0.2
44,Luke McCown,NOR,QB,1.9/3.1,20.4,0.1,0.1,0.1,0.5,0,0,0,0,0.3
45,Dan Orlovsky,DET,QB,1.9/3.1,21.5,0.1,0.1,0.1,0.5,0,0,0,0,0.2
46,Derek Anderson,CAR,QB,1.6/2.7,17.1,0.1,0.1,0.1,0.4,0,0,0,0,0.4
47,Matt Cassel,TEN,QB,8.5/14,95.3,0.6,0.5,0.8,3.1,0,0,0,0,4.2
48,Kellen Clemens,SDG,QB,1.8/3,20,0.1,0.1,0.1,0.5,0,0,0,0,0.3
49,Tarvaris Jackson,SEA,QB,0/0,0,0,0,0,0,0,0,0,0,0
50,Charlie Whitehurst,IND,QB,0/0,0,0,0,0,0,0,0,0,0,0
51,Bruce Gradkowski*,PIT,QB,0/0,0,0,0,0,0,0,0,0,0,0
52,Drew Stanton,ARI,QB,8.9/15.7,103.3,0.8,0.4,0.9,3.5,0,0,0,0,6.3
53,Matt Moore,MIA,QB,1.7/3,19.7,0.1,0.1,0.1,0.4,0,0,0,0,0.2
54,Chad Henne,JAC,QB,1.7/3,19,0.2,0.1,0.1,0.5,0,0,0,0,0.4
55,Josh Javon Johnson,NYG,QB,0/0,0,0,0,0,0,0,0,0,0,0
56,Matt Flynn,NOR,QB,0/0,0,0,0,0,0,0,0,0,0,0
57,Josh Freeman,IND,QB,0/0,0,0,0,0,0,0,0,0,0,0
58,Brian Hoyer,CHI,QB,20.6/35.8,267.2,1.4,1.1,0.6,2.3,0,0,0,0,13.1
59,Mark Sanchez,DAL,QB,0.6/1,6.6,0,0,0,0.2,0,0,0,0,0.1
60,Jimmy Clausen,BAL,QB,0/0,0,0,0,0,0,0,0,0,0,0
61,Colt McCoy,WAS,QB,1.7/2.9,19.4,0.1,0.1,0.1,0.4,0,0,0,0,0.3
62,Tim Tebow,FA,QB,0/0,0,0,0,0,0,0,0,0,0,0
63,Dan LeFevour,TAM,QB,0/0,0,0,0,0,0,0,0,0,0,0
64,Joe Webb,CAR,QB,0/0,0,0,0,0,0,0,0,0,0,0.3
65,Thaddeus Lewis*,SFO,QB,0/0,0,0,0,0,0,0,0,0,0,0
66,Christian Ponder,SFO,QB,0/0,0,0,0,0,0,0,0,0,0,0
67,Ryan Mallett,BAL,QB,1.8/3,19.7,0.1,0.1,0.1,0.5,0,0,0,0,0.3
68,T.J. Yates,HOU,QB,0/0,0,0,0,0,0,0,0,0,0,0
69,Jerrod Johnson,DAL,QB,0/0,0,0,0,0,0,0,0,0,0,0
70,Scott Tolzien,IND,QB,1.8/3.1,20.6,0.2,0.1,0.1,0.5,0,0,0,0,0.4
71,Nick Foles,KAN,QB,1.6/2.7,17.5,0.1,0.1,0.1,0.4,0,0,0,0,0.2
72,Brandon Weeden,HOU,QB,0/0,0,0,0,0,0,0,0,0,0,0
73,Kellen Moore*,DAL,QB,0/0,0,0,0,0,0,0,0,0,0,0
74,Ryan Lindley,IND,QB,0/0,0,0,0,0,0,0,0,0,0,0
75,Austin Davis,DEN,QB,0/0,0,0,0,0,0,0,0,0,0,0
76,Matt Simms,ATL,QB,0/0,0,0,0,0,0,0,0,0,0,0
77,Alex Tanney,TEN,QB,0/0,0,0,0,0,0,0,0,0,0,0
78,EJ Manuel,BUF,QB,8.2/14,94.5,0.6,0.4,1,3.8,0,0,0,0,4.8
79,Mike Glennon,TAM,QB,1.6/2.8,18.4,0.1,0.1,0.1,0.4,0,0,0,0,0.3
80,Geno Smith,NYJ,QB,21.9/37.7,250.8,1.7,1.3,6.4,25.5,0.2,0,0,0,16.6
81,Ryan Nassib,NYG,QB,1.7/2.9,19.3,0.1,0.1,0.1,0.5,0,0,0,0,0.4
82,Sean Renfree,ATL,QB,0/0,0,0,0,0,0,0,0,0,0,0
83,Landry Jones,PIT,QB,21.2/37.4,233.2,1.6,1.1,5.3,21.7,0.2,0,0,0,16.1
84,Zac Dysert,MIA,QB,0/0,0,0,0,0,0,0,0,0,0,0
85,Matt Barkley,ARI,QB,0/0,0,0,0,0,0,0,0,0,0,0
86,Ryan Griffin,TAM,QB,0/0,0,0,0,0,0,0,0,0,0,0
87,Tyler Bray,KAN,QB,0/0,0,0,0,0,0,0,0,0,0,0
88,Matt McGloin,OAK,QB,1.7/2.8,18.5,0.1,0.1,0.1,0.4,0,0,0,0,0.4
89,Teddy Bridgewater*,MIN,QB,0/0,0,0,0,0,0,0,0,0,0,0
90,Johnny Manziel,CLE,QB,0/0,0,0,0,0,0,0,0,0,0,0
91,AJ McCarron,CIN,QB,1.5/2.6,16.9,0.1,0.1,0.1,0.4,0,0,0,0,0.3
92,Tajh Boyd,PIT,QB,0/0,0,0,0,0,0,0,0,0,0,0
93,Logan Thomas,NYG,QB,0/0,0,0,0,0,0,0,0,0,0,0
94,Zach Mettenberger,SDG,QB,0/0,0,0,0,0,0,0,0,0,0,0
95,David Fales,CHI,QB,0/0,0,0,0,0,0,0,0,0,0,0
96,Keith Wenning,CIN,QB,0/0,0,0,0,0,0,0,0,0,0,0
97,Tom Savage,HOU,QB,9.3/16.6,107,0.7,0.6,0.4,1.5,0,0,0,0,5.3
98,Aaron Murray,KAN,QB,0/0,0,0,0,0,0,0,0,0,0,0
99,Matt Blanchard,CHI,QB,0/0,0,0,0,0,0,0,0,0,0,0
100,Dustin Vaughan,PIT,QB,0/0,0,0,0,0,0,0,0,0,0,0
101,Connor Shaw*,CHI,QB,0/0,0,0,0,0,0,0,0,0,0,0
102,Bryce Petty,NYJ,QB,0/0,0,0,0,0,0,0,0,0,0,0
103,Dylan Thompson,LAR,QB,0/0,0,0,0,0,0,0,0,0,0,0
104,Garrett Grayson,NOR,QB,0/0,0,0,0,0,0,0,0,0,0,0
105,Brett Hundley,GNB,QB,1.7/2.9,18.7,0.2,0.1,0.1,0.4,0,0,0,0,0.4
106,Christian Hackenberg,NYJ,QB,0/0,0,0,0,0,0,0,0,0,0,0
107,Jacoby Brissett,NWE,QB,0.4/0.7,4.5,0,0,0,0.1,0,0,0,0,0.1
108,Cody Kessler,CLE,QB,0.1/0.2,1.3,0,0,0,0,0,0,0,0,0
109,Connor Cook,OAK,QB,0/0,0,0,0,0,0,0,0,0,0,0
110,Cardale Jones,BUF,QB,0/0,0,0,0,0,0,0,0,0,0,0
111,Kevin Hogan,KAN,QB,0/0,0,0,0,0,0,0,0,0,0,0
112,Nate Sudfeld,WAS,QB,0/0,0,0,0,0,0,0,0,0,0,0
113,Jake Rudock,DET,QB,0/0,0,0,0,0,0,0,0,0,0,0
114,Brandon Allen,JAC,QB,0/0,0,0,0,0,0,0,0,0,0,0
115,Jeff Driskel,CIN,QB,0/0,0,0,0,0,0,0,0,0,0,0
116,Brandon Doughty,MIA,QB,0/0,0,0,0,0,0,0,0,0,0,0
117,Trevone Boykin,SEA,QB,1.5/2.6,16.6,0.1,0.1,0.1,0.4,0,0,0,0,0.4
118,Taylor Heinicke*,MIN,QB,0/0,0,0,0,0,0,0,0,0,0,0
119,Stephen Morris,IND,QB,0/0,0,0,0,0,0,0,0,0,0,0
1,Adrian Peterson,MIN,RB,0/0,0,0,0,308.1,1427,10.6,30.5,235,0.7,226.6
2,Todd Gurley,LAR,RB,0/0,0,0,0,297.8,1327.9,10.5,37.9,299.3,0.9,225.4
3,Ezekiel Elliott,DAL,RB,0/0,0,0,0,257.4,1126.8,8.5,41.6,351.7,1.5,203.9
4,David Johnson,ARI,RB,0/0,0,0,0,251.5,1044.7,8.2,58.3,531.1,2.6,217.5
5,Devonta Freeman,ATL,RB,0/0,0,0,0,232.6,928.1,6.7,69,547.2,2.3,197.6
6,Le'Veon Bell,PIT,RB,0/0,0,0,0,215.8,945.8,6.4,56.1,485.7,2.5,196.7
7,Lamar Miller,HOU,RB,0/0,0,0,0,281.8,1241,7.3,43.6,325.1,1.3,206.2
8,Doug Martin,TAM,RB,0/0,0,0,0,273,1215.8,6.6,32.3,251.6,1,187.9
9,Mark Ingram,NOR,RB,0/0,0,0,0,234.7,982.4,8.5,51.1,354.7,1.6,191.8
10,Eddie Lacy,GNB,RB,0/0,0,0,0,236.1,1011.5,6.4,29.1,232.4,1.3,165.8
11,LeSean McCoy,BUF,RB,0/0,0,0,0,266.8,1175.4,8.6,43,319.1,1.6,206.9
12,Jonathan Stewart,CAR,RB,0/0,0,0,0,237,1026.5,6.6,20.1,149.2,0.6,156.6
13,Carlos Hyde,SFO,RB,0/0,0,0,0,256.3,1025.4,7.1,34,239.3,0.9,171.2
14,C.J. Anderson,DEN,RB,0/0,0,0,0,233.8,1044.6,7.1,25.8,206.7,0.8,169.3
15,Jamaal Charles,KAN,RB,0/0,0,0,0,185.6,949.5,7.2,39.5,332.1,1.8,174.9
16,Thomas Rawls,SEA,RB,0/0,0,0,0,217.4,1013.5,5.6,17.7,142.1,1,153.2
17,Matt Forte,NYJ,RB,0/0,0,0,0,209.2,865.6,4.9,52.5,435.9,1.7,166.6
18,Jeremy Hill,CIN,RB,0/0,0,0,0,231.4,950.5,7.5,19,140.4,0.8,154.6
19,Latavius Murray,OAK,RB,0/0,0,0,0,230,976.7,5.5,33.4,238.8,1.7,159.9
20,Ryan Mathews,PHI,RB,0/0,0,0,0,210.7,957.3,5.3,22.9,169.6,0.5,141.2
21,DeMarco Murray,TEN,RB,0/0,0,0,0,225.9,985,7.6,29.6,226.1,0.8,167.9
22,Jeremy Langford,CHI,RB,0/0,0,0,0,219.9,886.4,6.2,34.3,305.8,1.1,158.1
23,Matt Jones,WAS,RB,0/0,0,0,0,200.2,796.2,4.6,21.7,211.2,0.9,126.3
24,Melvin Gordon,SDG,RB,0/0,0,0,0,246.7,948.6,4.1,33.1,219.8,1.1,138.1
25,Duke Johnson Jr.,CLE,RB,0/0,0,0,0,127.4,519.3,3.1,50.4,396.6,1.4,116.4
26,Danny Woodhead,SDG,RB,0/0,0,0,0,107.9,435.5,2.5,69.4,613.7,3.7,141.3
27,Frank Gore,IND,RB,0/0,0,0,0,216.2,870.4,5.3,33.2,279.2,1.4,151.7
28,Rashad Jennings,NYG,RB,0/0,0,0,0,195.9,855.9,4.9,29.3,232.9,0.9,141.3
29,T.J. Yeldon,JAC,RB,0/0,0,0,0,155.9,647.2,3.9,35.6,275.6,1.4,120.2
30,Giovani Bernard,CIN,RB,0/0,0,0,0,152.8,657.7,4,49.4,406,1.3,135.7
31,Arian Foster,MIA,RB,0/0,0,0,0,156.7,665.4,4.7,35.6,291,1.5,128.4
32,Ameer Abdullah,DET,RB,0/0,0,0,0,202.8,863.3,5.1,37.1,292.3,1.2,147.6
33,Chris Ivory,JAC,RB,0/0,0,0,0,164.6,720.5,5.2,20.2,143.1,0.8,119.7
34,Derrick Henry,TEN,RB,0/0,0,0,0,158.1,672,6.7,21.1,174,0.7,126.4
35,DeAngelo Williams,PIT,RB,0/0,0,0,0,127.1,600.2,3.4,12.3,91.4,0.4,90.5
36,Bilal Powell,NYJ,RB,0/0,0,0,0,132.8,546.5,2.8,40.8,319.8,1.3,107.8
37,Jay Ajayi,MIA,RB,0/0,0,0,0,117.5,477.8,3.6,19.9,147.8,0.6,84.7
38,Theo Riddick,DET,RB,0/0,0,0,0,64,258,2,68.7,596.2,2.8,111.8
39,Charles Sims,TAM,RB,0/0,0,0,0,107.5,445.7,2.4,55.5,468.7,1.9,113.7
40,Isaiah Crowell,CLE,RB,0/0,0,0,0,190.7,776.9,5,15.8,119.8,0.5,120
41,James Starks,GNB,RB,0/0,0,0,0,115.4,490.5,2.5,20.6,157.9,0.8,81.4
42,LeGarrette Blount,NWE,RB,0/0,0,0,0,212.8,912.9,6.5,4.4,32.7,0.2,132.1
43,Spencer Ware,KAN,RB,0/0,0,0,0,99.3,437.4,4.8,7.4,55,0.2,77.1
44,Terrance West,BAL,RB,0/0,0,0,0,117.8,481.3,3.3,9.9,73.2,0.3,73.2
45,Tevin Coleman,ATL,RB,0/0,0,0,0,124.1,520.5,3.9,23.4,169.9,0.6,93.1
46,Devontae Booker,DEN,RB,0/0,0,0,0,140.3,582.3,4.7,22.4,176.5,0.6,104.7
47,Darren Sproles,PHI,RB,0/0,0,0,0,48.4,221.2,1.4,47,392.4,1.3,80.5
48,James White,NWE,RB,0/0,0,0,0,34.3,139.1,1.1,31.4,290,1.2,54
49,Jerick McKinnon,MIN,RB,0/0,0,0,0,79.2,358.4,2.3,37.5,284.2,1,81.3
50,Christine Michael,SEA,RB,0/0,0,0,0,119,501.5,2.8,10.9,87.5,0.5,77.6
51,Kenneth Dixon*,BAL,RB,0/0,0,0,0,133.1,571,3.5,24.6,210,0.8,100.8
52,Alfred Morris,DAL,RB,0/0,0,0,0,95,400.5,2.5,3.9,28.8,0.1,57.5
53,Shane Vereen,NYG,RB,0/0,0,0,0,65.3,283.2,1.7,50.5,448,2.8,98.5
54,Javorius Allen,BAL,RB,0/0,0,0,0,23.5,96.9,0.7,24.7,192.8,0.8,36.4
55,Chris Thompson,WAS,RB,0/0,0,0,0,47.4,212.5,1.1,43,355.5,1.5,70.2
56,DeAndre Washington,OAK,RB,0/0,0,0,0,79.8,319.9,1.5,22.6,189.1,0.9,62.7
57,Charcandrick West,KAN,RB,0/0,0,0,0,54.7,220.7,2.5,13.3,105.5,0.4,48.9
58,C.J. Spiller,NOR,RB,0/0,0,0,0,50.8,219.2,1.2,47.6,350.3,1.5,72.7
59,Shaun Draughn,SFO,RB,0/0,0,0,0,85.1,324.1,1.9,42.6,309,1.1,78.4
60,Tim Hightower,NOR,RB,0/0,0,0,0,70.4,276.4,2.7,10,72.9,0.3,51
61,Ka'Deem Carey,CHI,RB,0/0,0,0,0,97.9,411.1,2.5,21.9,167.8,0.6,74.4
62,Jordan Howard,CHI,RB,0/0,0,0,0,98.3,397.5,3.3,13.8,102.9,0.4,69.8
63,Chris Johnson,ARI,RB,0/0,0,0,0,100.6,428.7,2.7,2.1,15.4,0.1,58.6
64,Justin Forsett,BAL,RB,0/0,0,0,0,94.8,432.4,2.3,16.6,111.5,0.4,70.4
65,C.J. Prosise,SEA,RB,0/0,0,0,0,59.1,245.1,1.6,29.3,241.6,1.2,63.8
66,Robert Kelley,WAS,RB,0/0,0,0,0,99.6,396.4,2.4,4.3,32.4,0.1,55.8
67,Reggie Bush,BUF,RB,0/0,0,0,0,69,291.9,1.8,16,119.7,0.6,55.5
68,Benjamin Cunningham,LAR,RB,0/0,0,0,0,38.3,158.4,1.2,23.9,192.3,0.5,43.9
69,Cameron Artis-Payne,CAR,RB,0/0,0,0,0,66.4,274,1.9,7.5,55.8,0.3,43.7
70,Lance Dunbar,DAL,RB,0/0,0,0,0,30.2,131.2,0.8,20.4,180.6,0.7,39.5
71,Orleans Darkwa,NYG,RB,0/0,0,0,0,63.7,270.5,1.8,3.1,23.9,0.1,39.7
72,Mike Gillislee,BUF,RB,0/0,0,0,0,55.2,233.5,1.8,6.6,48.5,0.2,38.6
73,D.J. Foster,NWE,RB,0/0,0,0,0,2,8.2,0.1,4.3,31.8,0.2,4.2
74,Wendell Smallwood,PHI,RB,0/0,0,0,0,7.3,28.9,0.2,6.6,49,0.2,8.1
75,Tyler Ervin,HOU,RB,0/0,0,0,0,56.4,227,1.6,12.5,92.4,0.4,44.2
76,Paul Perkins,NYG,RB,0/0,0,0,0,66.7,282,1.8,5.8,44.5,0.2,43
77,Dion Lewis*,NWE,RB,0/0,0,0,0,49.3,198.3,1.5,33.7,297.8,1.2,62.9
78,Kenyan Drake,MIA,RB,0/0,0,0,0,20.8,81.1,0.4,9.4,67.9,0.3,18.2
79,Zach Zenner,DET,RB,0/0,0,0,0,53.4,227.2,1.7,4.6,35.1,0.1,35.2
80,Robert Turbin,IND,RB,0/0,0,0,0,63.8,255.3,1.2,17.6,143.4,0.8,50.8
81,Andre Ellington,ARI,RB,0/0,0,0,0,41.9,175.7,1.1,16.6,143.6,0.7,40.7
82,Kenjon Barner,PHI,RB,0/0,0,0,0,64.2,271,1.8,4.7,35.8,0.1,40.7
83,Malcolm Brown,LAR,RB,0/0,0,0,0,12.8,52.1,0.4,3.4,25.5,0.1,9.7
84,Alfred Blue,HOU,RB,0/0,0,0,0,43.3,167,1.1,4.2,30.8,0.1,25.9
85,Brandon Bolden,NWE,RB,0/0,0,0,0,54.3,222.6,1.8,8.7,64.5,0.3,39.7
86,Josh Ferguson,IND,RB,0/0,0,0,0,24.8,95.9,0.4,8.7,64.6,0.3,19.2
87,Antonio Andrews,TEN,RB,0/0,0,0,0,20.3,82,0.6,3.5,26.8,0.1,14.3
88,Mike Davis,SFO,RB,0/0,0,0,0,31.7,121.5,0.8,8.4,61.1,0.2,23.5
89,Fozzy Whittaker,CAR,RB,0/0,0,0,0,19,77.5,0.5,7.5,55.8,0.3,16.9
90,Fitzgerald Toussaint,PIT,RB,0/0,0,0,0,26,106.2,0.7,7.1,53.3,0.3,20.4
91,Jonathan Williams,BUF,RB,0/0,0,0,0,9.2,34.9,0.3,0,0,0,4.7
92,George Atkinson III,CLE,RB,0/0,0,0,0,14.9,58.8,0.5,1.9,14,0.1,8.8
93,Jalen Richard,OAK,RB,0/0,0,0,0,18.8,75.2,0.5,2.6,19,0.1,11.1
94,Mike Tolbert,CAR,RB,0/0,0,0,0,47.4,182.5,1.9,15.5,125.9,0.9,45.8
95,Jonathan Grimes,HOU,RB,0/0,0,0,0,10.8,42.6,0.3,8.3,61.6,0.2,13.1
96,Dwayne Washington,DET,RB,0/0,0,0,0,8.9,35.4,0.3,4.6,35.1,0.1,8.2
97,Darren McFadden*,DAL,RB,0/0,0,0,0,8.1,32.3,0.2,2.5,18.9,0.1,5.8
98,Alex Collins,SEA,RB,0/0,0,0,0,9.1,35,0.2,0,0,0,4.3
99,Matt Asiata,MIN,RB,0/0,0,0,0,13.2,51,0.7,11.1,83.8,0.3,18.5
100,Steven Jackson,NWE,RB,0/0,0,0,0,0,0,0,0,0,0,0
101,John Kuhn,NOR,RB,0/0,0,0,0,7.8,25,0.5,2.4,17.8,0.2,6.7
102,Fred Jackson,SEA,RB,0/0,0,0,0,0,0,0,0,0,0,0
103,Marshawn Lynch,SEA,RB,0/0,0,0,0,0,0,0,0,0,0,0
104,Ahmad Bradshaw,IND,RB,0/0,0,0,0,0,0,0,0,0,0,0
105,Pierre Thomas,WAS,RB,0/0,0,0,0,0,0,0,0,0,0,0
106,Ray Rice,FA,RB,0/0,0,0,0,0,0,0,0,0,0,0
107,Jerome Felton,BUF,RB,0/0,0,0,0,0,0,0,0,0,0,0
108,Marcel Reece,OAK,RB,0/0,0,0,0,8.4,27.6,0.3,11.8,85.3,0.8,16.8
109,Donald Brown,NWE,RB,0/0,0,0,0,0,0,0,0,0,0,0
110,Jorvorskie Lane,TAM,RB,0/0,0,0,0,0,0,0,0,0,0,0
111,Knowshon Moreno,FA,RB,0/0,0,0,0,0,0,0,0,0,0,0
112,Cedric Peerman*,CIN,RB,0/0,0,0,0,0,0,0,0,0,0,0
113,Marcus Thigpen,BUF,RB,0/0,0,0,0,0,0,0,0,0,0,0
114,Darrel Young,CHI,RB,0/0,0,0,0,0,0,0,0,0,0,0
115,Antone Smith,NYJ,RB,0/0,0,0,0,0,0,0,0,0,0,0
116,Dexter McCluster,TEN,RB,0/0,0,0,0,0,0,0,0,0,0,0
117,Ben Tate,PIT,RB,0/0,0,0,0,0,0,0,0,0,0,0
118,Toby Gerhart,JAC,RB,0/0,0,0,0,0,0,0,0,0,0,0
119,Boobie Dixon,BUF,RB,0/0,0,0,0,0,0,0,0,0,0,0
120,Joique Bell,DET,RB,0/0,0,0,0,0,0,0,0,0,0,0
121,James Develin,NWE,RB,0/0,0,0,0,8,25.8,0.4,4.3,31.8,0.3,9.2
122,Tyler Clutts,DAL,RB,0/0,0,0,0,0,0,0,0,0,0,0
123,Stevan Ridley,IND,RB,0/0,0,0,0,0,0,0,0,0,0,0
124,Ryan Williams,DAL,RB,0/0,0,0,0,0,0,0,0,0,0,0
125,Daniel Thomas,MIA,RB,0/0,0,0,0,0,0,0,0,0,0,0
126,Anthony Sherman,KAN,RB,0/0,0,0,0,0,0,0,4.1,30.1,0.2,4.1
127,Kendall Hunter,NOR,RB,0/0,0,0,0,0,0,0,0,0,0,0
128,Taiwan Jones,OAK,RB,0/0,0,0,0,3.8,14.7,0.1,2.6,19,0.1,3.6
129,Jordan Todman,IND,RB,0/0,0,0,0,21.3,87.8,0.5,4.4,32.3,0.2,15.3
130,Roy Helu Jr.*,OAK,RB,0/0,0,0,0,0,0,0,0,0,0,0
131,Jacquizz Rodgers,CHI,RB,0/0,0,0,0,0,0,0,0,0,0,0
132,DuJuan Harris,SFO,RB,0/0,0,0,0,0,0,0,4.2,30.6,0.1,3.5
133,Patrick DiMarco,ATL,RB,0/0,0,0,0,1.9,6.3,0.1,9.1,66.2,0.4,9.1
134,Chase Reynolds,LAR,RB,0/0,0,0,0,4.3,16.2,0.1,0,0,0,1.7
135,Will Johnson*,NYG,RB,0/0,0,0,0,0,0,0,0,0,0,0
136,Trent Richardson,BAL,RB,0/0,0,0,0,0,0,0,0,0,0,0
137,Isaiah Pead,MIA,RB,0/0,0,0,0,18.4,76.2,0.5,6.4,46,0.2,14.9
138,Chris Polk,HOU,RB,0/0,0,0,0,0,0,0,0,0,0,0
139,LaMike James,MIA,RB,0/0,0,0,0,0,0,0,0,0,0,0
140,Bernard Pierce,NYJ,RB,0/0,0,0,0,0,0,0,0,0,0,0
141,Ronnie Hillman,DEN,RB,0/0,0,0,0,0,0,0,0,0,0,0
142,Cyrus Gray,ATL,RB,0/0,0,0,0,0,0,0,0,0,0,0
143,Vick Ballard,NOR,RB,0/0,0,0,0,0,0,0,0,0,0,0
144,Daniel Herron,BUF,RB,0/0,0,0,0,0,0,0,0,0,0,0
145,Bryce Brown,SEA,RB,0/0,0,0,0,0,0,0,0,0,0,0
146,Daryl Richardson,PIT,RB,0/0,0,0,0,2.2,8.8,0.1,0,0,0,0.3
147,Cory Harkey,LAR,RB,0/0,0,0,0,0,0,0,6.5,49.6,0.3,5.5
148,Joe Banyard,JAC,RB,0/0,0,0,0,0,0,0,0,0,0,0
149,Derrick Coleman,SEA,RB,0/0,0,0,0,0,0,0,0,0,0,0
150,Jonas Gray,JAC,RB,0/0,0,0,0,0,0,0,0,0,0,0
151,Travaris Cadet,NOR,RB,0/0,0,0,0,0,0,0,0,0,0,0
152,Bobby Rainey,NYG,RB,0/0,0,0,0,2,8.2,0,0,0,0,1.1
153,Jamize Olawale,OAK,RB,0/0,0,0,0,16,66.7,0.4,6,44.9,0.4,14.6
154,Montee Ball,FA,RB,0/0,0,0,0,0,0,0,0,0,0,0
155,Knile Davis,KAN,RB,0/0,0,0,0,6.3,24.5,0.2,0.5,3.4,0,3.5
156,Denard Robinson,JAC,RB,0/0,0,0,0,7.3,28.6,0.2,1.9,14.6,0.1,4.3
157,Mike James,TAM,RB,0/0,0,0,0,8.3,32.2,0.2,0,0,0,4.1
158,Rex Burkhead,CIN,RB,0/0,0,0,0,8.7,34.3,0.2,7.4,60.1,0.2,11.7
159,Tommy Bohanon,NYJ,RB,0/0,0,0,0,0,0,0,0,0,0,0
160,Stepfan Taylor,ARI,RB,0/0,0,0,0,2.1,8,0.1,2.1,15.4,0.1,1.8
161,Zac Stacy,NYJ,RB,0/0,0,0,0,0,0,0,0,0,0,0
162,Kyle Juszczyk,BAL,RB,0/0,0,0,0,2,6.7,0.1,23.8,201.7,1.5,29.1
163,Joseph Randle,FA,RB,0/0,0,0,0,0,0,0,0,0,0,0
164,Kerwynn Williams,ARI,RB,0/0,0,0,0,0,0,0,0,0,0,0
165,Kendall Gaskins,SFO,RB,0/0,0,0,0,0,0,0,0,0,0,0
166,Steven Miller,DET,RB,0/0,0,0,0,0,0,0,0,0,0,0
167,Zach Line,MIN,RB,0/0,0,0,0,6.6,22.1,0.4,4.1,30.7,0.2,8.6
168,George Winn,DET,RB,0/0,0,0,0,0,0,0,0,0,0,0
169,Khiry Robinson,NYJ,RB,0/0,0,0,0,0,0,0,0,0,0,0
170,Dri Archer,BUF,RB,0/0,0,0,0,0,0,0,0,0,0,0
171,Tre Mason*,LAR,RB,0/0,0,0,0,0,0,0,0,0,0,0
172,Bishop Sankey,TEN,RB,0/0,0,0,0,0,0,0,0,0,0,0
173,Tyler Gaffney*,NWE,RB,0/0,0,0,0,0,0,0,0,0,0,0
174,Storm Johnson,TAM,RB,0/0,0,0,0,0,0,0,0,0,0,0
175,Lache Seastrunk,NYJ,RB,0/0,0,0,0,0,0,0,0,0,0,0
176,Andre Williams,SDG,RB,0/0,0,0,0,7.7,30,0.1,0,0,0,2.8
177,Lorenzo Taliaferro*,BAL,RB,0/0,0,0,0,0,0,0,0,0,0,0
178,Marion Grice,ARI,RB,0/0,0,0,0,0,0,0,0,0,0,0
179,Damien Williams,MIA,RB,0/0,0,0,0,3.6,13.7,0.1,4.4,32,0.1,5.2
180,Juwan Thompson,DEN,RB,0/0,0,0,0,0,0,0,0,0,0,0
181,Kapri Bibbs,DEN,RB,0/0,0,0,0,21.3,84,0.6,3.7,27.2,0.1,14
182,Branden Oliver*,SDG,RB,0/0,0,0,0,0,0,0,0,0,0,0
183,Darrin Reaves,KAN,RB,0/0,0,0,0,0,0,0,0,0,0,0
184,Silas Redd*,WAS,RB,0/0,0,0,0,0,0,0,0,0,0,0
185,Ryan Hewitt,CIN,RB,0/0,0,0,0,0,0,0,8.1,60.4,0.5,8.9
186,Trey Watts,LAR,RB,0/0,0,0,0,0,0,0,0,0,0,0
187,Austin Johnson,NOR,RB,0/0,0,0,0,0,0,0,0,0,0,0
188,Jay Prosch,HOU,RB,0/0,0,0,0,4.3,14.4,0.2,0,0,0,2.2
189,Senorise Perry,CHI,RB,0/0,0,0,0,0,0,0,0,0,0,0
190,Glenn Winston*,CLE,RB,0/0,0,0,0,0,0,0,0,0,0,0
191,Roosevelt Nix,PIT,RB,0/0,0,0,0,0,0,0,2.2,16.7,0.1,1.9
192,Marcus Murphy,NOR,RB,0/0,0,0,0,0,0,0,0,0,0,3.5
193,Michael Burton,DET,RB,0/0,0,0,0,1.8,6,0.1,4.4,34.2,0.3,5.1
194,Jalston Fowler,TEN,RB,0/0,0,0,0,2.3,7.6,0.1,3.4,26.2,0.2,3.8
195,Malcolm Johnson,CLE,RB,0/0,0,0,0,1.9,6.2,0.1,3.7,27.2,0.2,3.6
196,Joey Iosefa,NWE,RB,0/0,0,0,0,0,0,0,0,0,0,0
197,David Cobb,TEN,RB,0/0,0,0,0,0,0,0,0,0,0,0
198,Karlos Williams,BUF,RB,0/0,0,0,0,0,0,0,0,0,0,0
199,Kenny Hilliard,HOU,RB,0/0,0,0,0,0,0,0,0,0,0,0
200,Josh Robinson,IND,RB,0/0,0,0,0,0,0,0,0,0,0,0
201,Aaron Ripkowski,GNB,RB,0/0,0,0,0,4,13.5,0.2,4,29.9,0.3,5.8
202,Tyler Varga,IND,RB,0/0,0,0,0,0,0,0,0,0,0,0
203,Michael Dyer,OAK,RB,0/0,0,0,0,0,0,0,0,0,0,0
204,John Crockett*,GNB,RB,0/0,0,0,0,0,0,0,0,0,0,0
205,Terrence Magee,LAR,RB,0/0,0,0,0,0,0,0,0,0,0,0
206,Gus Johnson,SDG,RB,0/0,0,0,0,0,0,0,0,0,0,0
207,Terron Ward,ATL,RB,0/0,0,0,0,7.8,29.8,0.2,4.7,34,0.1,6.9
208,Jarryd Hayne,SFO,RB,0/0,0,0,0,0,0,0,0,0,0,0
209,Brandon Wegher,CAR,RB,0/0,0,0,0,0,0,0,0,0,0,0
210,Alonzo Harris,GNB,RB,0/0,0,0,0,0,0,0,0,0,0,0
211,Corey Grant,JAC,RB,0/0,0,0,0,3.6,14.3,0.1,0,0,0,2.9
212,Nikita Whitlock*,NYG,RB,0/0,0,0,0,0,0,0,0,0,0,0
213,Raheem Mostert,CLE,RB,0/0,0,0,0,0,0,0,0,0,0,0
214,Rod Smith,DAL,RB,0/0,0,0,0,0,0,0,0,0,0,0
215,Trey Williams,IND,RB,0/0,0,0,0,0,0,0,0,0,0,0
216,Akeem Hunt,HOU,RB,0/0,0,0,0,0,0,0,0,0,0,0
217,Andy Janovich,DEN,RB,0/0,0,0,0,2.1,7.1,0.1,0,0,0,0.7
218,Derek Watt,SDG,RB,0/0,0,0,0,0,0,0,2.2,16.3,0.1,1.7
219,Kelvin Taylor,SFO,RB,0/0,0,0,0,0,0,0,0,0,0,0
220,Darius Jackson,DAL,RB,0/0,0,0,0,1.6,6.4,0,0,0,0,0.2
221,Daniel Lasco,NOR,RB,0/0,0,0,0,3.9,14.9,0.1,2.5,18.2,0.1,3.2
222,Keith Marshall*,WAS,RB,0/0,0,0,0,0,0,0,0,0,0,0
223,Zac Brooks,SEA,RB,0/0,0,0,0,0,0,0,0,0,0,0
224,Terrell Watson,CLE,RB,0/0,0,0,0,0,0,0,0,0,0,0
225,Brandon Wilds,ATL,RB,0/0,0,0,0,0,0,0,0,0,0,0
226,Jhurell Pressley,GNB,RB,0/0,0,0,0,12.1,47.8,0.3,0,0,0,5.6
227,Byron Marshall,PHI,RB,0/0,0,0,0,0,0,0,0,0,0,0
228,James Wilder Jr.,BUF,RB,0/0,0,0,0,0,0,0,0,0,0,0
229,Dreamius Smith,SDG,RB,0/0,0,0,0,0,0,0,0,0,0,0
230,Devon Johnson,CAR,RB,0/0,0,0,0,0,0,0,0,0,0,0
1,Antonio Brown,PIT,WR,0/0,0,0,0,3.9,25.2,0.1,134.4,1810.5,10.7,252.1
2,Odell Beckham Jr.,NYG,WR,0/0,0,0,0,0,0,0,100.2,1496.9,9.3,204
3,Julio Jones,ATL,WR,0/0,0,0,0,0,0,0,126.8,1755.7,7.3,217
4,DeAndre Hopkins,HOU,WR,0/0,0,0,0,0,0,0,97.4,1389.5,8.1,186.2
5,A.J. Green,CIN,WR,0/0,0,0,0,0,0,0,87.6,1278,9,180.6
6,Allen Robinson,JAC,WR,0/0,0,0,0,0,0,0,82.8,1316.8,8.5,181.6
7,Dez Bryant,DAL,WR,0/0,0,0,0,0,0,0,80,1142.2,9.1,168.1
8,Jordy Nelson,GNB,WR,0/0,0,0,0,0,0,0,80,1201.2,8.2,169
9,Brandon Marshall,NYJ,WR,0/0,0,0,0,0,0,0,97.1,1271.6,8.6,177.2
10,Alshon Jeffery,CHI,WR,0/0,0,0,0,0,0,0,88.3,1276.3,7.6,171.8
11,Mike Evans,TAM,WR,0/0,0,0,0,0,0,0,78.7,1187.3,7.9,165.4
12,Sammy Watkins,BUF,WR,0/0,0,0,0,2.3,14.2,0.1,73.1,1164.5,7.6,163.6
13,Brandin Cooks,NOR,WR,0/0,0,0,0,7.8,48.5,0.3,88.1,1063.6,6.7,151.9
14,Amari Cooper,OAK,WR,0/0,0,0,0,3.8,23.7,0.1,81.3,1072.7,7.1,152.5
15,Demaryius Thomas,DEN,WR,0/0,0,0,0,0,0,0,83.7,1078,6.4,144.8
16,Keenan Allen,SDG,WR,0/0,0,0,0,0,0,0,106,1205.9,6.3,158.3
17,T.Y. Hilton,IND,WR,0/0,0,0,0,1.8,11.1,0,76,1193.8,6.8,160.5
18,Julian Edelman,NWE,WR,0/0,0,0,0,8,49.8,0.2,86.2,922.1,6.5,136.4
19,Doug Baldwin,SEA,WR,0/0,0,0,0,0,0,0,75.2,996.8,7.2,142.2
20,Jarvis Landry,MIA,WR,0/0,0,0,0,14.2,59.4,0.4,105.8,1050,5.6,145.8
21,Jeremy Maclin,KAN,WR,0/0,0,0,0,3.8,24.1,0.2,86.5,1161.2,5.3,149.6
22,Randall Cobb,GNB,WR,0/0,0,0,0,16.2,73.9,0.4,82.3,972.7,7.1,149.7
23,Eric Decker,NYJ,WR,0/0,0,0,0,0,0,0,86.7,1137.6,8.4,163.6
24,Golden Tate,DET,WR,0/0,0,0,0,7.1,45.4,0.2,87.3,1024.7,5.1,138.2
25,Donte Moncrief,IND,WR,0/0,0,0,0,0,0,0,78.7,970.3,7.7,142.5
26,Emmanuel Sanders,DEN,WR,0/0,0,0,0,4.3,27,0.1,74.6,1030.8,4.4,132.7
27,Kelvin Benjamin,CAR,WR,0/0,0,0,0,0,0,0,63.9,861.2,8.1,134.6
28,Michael Floyd,ARI,WR,0/0,0,0,0,0,0,0,61,960.3,6.8,136.6
29,Larry Fitzgerald,ARI,WR,0/0,0,0,0,0,0,0,84.4,968.1,6.9,137.1
30,John Brown,ARI,WR,0/0,0,0,0,4.2,26,0.1,64.9,978.7,6,135.7
31,Jordan Matthews,PHI,WR,0/0,0,0,0,0,0,0,75.7,920.7,5.6,125
32,DeSean Jackson,WAS,WR,0/0,0,0,0,0,0,0,58.6,1037.6,4.8,132
33,Marvin Jones,DET,WR,0/0,0,0,0,0,0,0,72,1027.7,5.7,135.9
34,Allen Hurns,JAC,WR,0/0,0,0,0,0,0,0,55.6,764.4,5.2,106.4
35,Michael Crabtree,OAK,WR,0/0,0,0,0,0,0,0,72.5,824.6,7.1,124.5
36,DeVante Parker,MIA,WR,0/0,0,0,0,0,0,0,56.6,825.3,4.9,111.1
37,Tyler Lockett,SEA,WR,0/0,0,0,0,4.5,28.4,0.1,54.6,822.3,5.9,125.4
38,Kevin White,CHI,WR,0/0,0,0,0,0,0,0,57.7,838.4,4.7,111.1
39,Sterling Shepard,NYG,WR,0/0,0,0,0,0,0,0,67.6,845.4,4.9,112.9
40,Torrey Smith,SFO,WR,0/0,0,0,0,0,0,0,57.1,963.2,4.4,122.8
41,Stefon Diggs,MIN,WR,0/0,0,0,0,4.4,28,0.2,66.3,817.6,4.1,107.9
42,Josh Gordon,CLE,WR,0/0,0,0,0,0,0,0,52.2,805.4,3.9,103.1
43,Willie Snead,NOR,WR,0/0,0,0,0,0,0,0,68.1,866.7,4.4,111.9
44,Vincent Jackson,TAM,WR,0/0,0,0,0,0,0,0,52.2,798,5.2,110.3
45,Tavon Austin,LAR,WR,0/0,0,0,0,43.1,219.3,1.5,65,626.6,2.4,108.9
46,Devin Funchess,CAR,WR,0/0,0,0,0,0,0,0,49.3,677.9,5.7,101.3
47,Corey Coleman,CLE,WR,0/0,0,0,0,3.7,23.7,0.1,63.4,769.9,3.7,102.5
48,Travis Benjamin,SDG,WR,0/0,0,0,0,0,0,0,52.5,780.7,4.2,105.7
49,Michael Thomas,NOR,WR,0/0,0,0,0,0,0,0,58.7,777,6.1,113.2
50,Will Fuller,HOU,WR,0/0,0,0,0,2.2,13.7,0.1,49.7,782.5,4.9,108.4
51,Tajae Sharpe,TEN,WR,0/0,0,0,0,0,0,0,55,691.9,3.4,89
52,Mike Wallace,BAL,WR,0/0,0,0,0,2,12.5,0.1,53.7,700.8,4.8,99.8
53,Mohamed Sanu,ATL,WR,0/0,0,0,0,5.8,36.3,0.2,65.2,768.1,4.4,106.4
54,Phillip Dorsett,IND,WR,0/0,0,0,0,5.3,33.3,0.1,49.9,644.9,4.8,96.6
55,Chris Hogan,NWE,WR,0/0,0,0,0,2,12.5,0.1,52,591.8,4.9,89.2
56,Steve Smith Sr.,BAL,WR,0/0,0,0,0,0,0,0,58,812.7,4,104.5
57,Tyler Boyd,CIN,WR,0/0,0,0,0,8.7,55.2,0.3,45.3,585.4,3.8,87.5
58,Markus Wheaton,PIT,WR,0/0,0,0,0,0,0,0,48.7,670.7,4,91.9
59,Kenny Stills,MIA,WR,0/0,0,0,0,0,0,0,49.2,733.7,3.4,93.3
60,Kamar Aiken,BAL,WR,0/0,0,0,0,0,0,0,49.6,612.5,3.7,82.7
61,Terrelle Pryor,CLE,WR,0/0,0,0,0,3.7,23.7,0.1,41.7,567.6,3.5,79
62,Breshad Perriman,BAL,WR,0/0,0,0,0,0,0,0,32.7,471.9,3,64.8
63,Eli Rogers,PIT,WR,0/0,0,0,0,0,0,0,54.8,606.6,3.5,81.8
64,Dorial Green-Beckham,PHI,WR,0/0,0,0,0,0,0,0,26.9,389.3,2.7,54.2
65,Rishard Matthews,TEN,WR,0/0,0,0,0,0,0,0,50.1,637.2,3.3,82.9
66,Pierre Garcon,WAS,WR,0/0,0,0,0,0,0,0,60.4,713.4,4.7,99.6
67,Terrance Williams,DAL,WR,0/0,0,0,0,0,0,0,40.4,666.1,4.6,93.6
68,Anquan Boldin,DET,WR,0/0,0,0,0,0,0,0,53.2,699.7,3.4,89.2
69,Kenny Britt,LAR,WR,0/0,0,0,0,0,0,0,44.8,723.8,3.4,92.2
70,Laquon Treadwell,MIN,WR,0/0,0,0,0,0,0,0,39.8,541.4,2.6,69.5
71,Chris Conley,KAN,WR,0/0,0,0,0,0,0,0,44.2,492.6,3.1,67.5
72,Braxton Miller,HOU,WR,0/0,0,0,0,8.7,54.9,0.2,46.8,507.9,2.4,70.5
73,Ted Ginn Jr.,CAR,WR,0/0,0,0,0,4.7,29.8,0.1,36.7,546.4,3.4,79.1
74,Jamison Crowder,WAS,WR,0/0,0,0,0,1.9,12.1,0,51.5,482.2,3.1,68.8
75,Josh Doctson,WAS,WR,0/0,0,0,0,0,0,0,30.5,414.8,3.2,60
76,Sammie Coates,PIT,WR,0/0,0,0,0,0,0,0,21.7,283.8,2,41.1
77,Nelson Agholor,PHI,WR,0/0,0,0,0,0,0,0,27.6,343.9,2.1,46.4
78,Jaelen Strong,HOU,WR,0/0,0,0,0,0,0,0,31.7,377.7,2.8,53.5
79,Davante Adams,GNB,WR,0/0,0,0,0,0,0,0,32.8,370.9,3.3,56.6
80,Charles Johnson,MIN,WR,0/0,0,0,0,0,0,0,22.5,321.5,1.8,42.6
81,Tyrell Williams,SDG,WR,0/0,0,0,0,0,0,0,33.2,433.1,3,61.1
82,Kendall Wright,TEN,WR,0/0,0,0,0,4.5,28.7,0.1,39.8,491.9,2.1,64
83,Malcolm Mitchell,NWE,WR,0/0,0,0,0,0,0,0,17.5,227.5,1.5,31.1
84,Victor Cruz,NYG,WR,0/0,0,0,0,0,0,0,36.2,506,2.9,67.6
85,Quinton Patton,SFO,WR,0/0,0,0,0,0,0,0,52.8,585.4,3,76.4
86,Brandon LaFell,CIN,WR,0/0,0,0,0,0,0,0,27.7,359.8,2.2,48.1
87,Jermaine Kearse,SEA,WR,0/0,0,0,0,0,0,0,33.5,493.9,4.3,74.9
88,Robert Woods,BUF,WR,0/0,0,0,0,2.3,14.2,0.1,47,553.9,3.8,78.7
89,Seth Roberts,OAK,WR,0/0,0,0,0,0,0,0,33.9,397,3.3,58.8
90,Marqise Lee,JAC,WR,0/0,0,0,0,7.3,46.1,0.2,32.4,360.8,2.7,57.1
91,J.J. Nelson,ARI,WR,0/0,0,0,0,2.1,13,0.1,17.1,323.7,1.8,45.5
92,Rod Streater,SFO,WR,0/0,0,0,0,0,0,0,33.2,438.8,2,54.9
93,Quincy Enunwa,NYJ,WR,0/0,0,0,0,0,0,0,31.2,378,3,54.8
94,Eddie Royal,CHI,WR,0/0,0,0,0,2.2,14,0.1,37.4,399.8,2.3,54.2
95,Adam Humphries,TAM,WR,0/0,0,0,0,0,0,0,29.6,272.8,2.2,42.8
96,Jared Abbrederis,GNB,WR,0/0,0,0,0,0,0,0,12.1,155.1,1.4,23.2
97,Ty Montgomery,GNB,WR,0/0,0,0,0,4,25.6,0.1,9.7,124.7,1,21
98,Albert Wilson,KAN,WR,0/0,0,0,0,3.8,24.1,0.2,26.9,334.6,1.6,45.7
99,Cole Beasley,DAL,WR,0/0,0,0,0,0,0,0,47,471.5,2.8,63
100,Andre Johnson,TEN,WR,0/0,0,0,0,0,0,0,17.3,219.3,1.4,29.4
101,Leonte Carroo,MIA,WR,0/0,0,0,0,0,0,0,16,227.8,1.2,29.2
102,Pharoh Cooper,LAR,WR,0/0,0,0,0,3.7,23.2,0.1,24.4,284.3,0.9,36.5
103,Adam Thielen,MIN,WR,0/0,0,0,0,2.2,14,0.1,22.2,277.1,1.6,37.9
104,Jerricho Cotchery,CAR,WR,0/0,0,0,0,0,0,0,0,0,0,0
105,Wes Welker,LAR,WR,0/0,0,0,0,0,0,0,0,0,0,0
106,Roddy White,ATL,WR,0/0,0,0,0,0,0,0,0,0,0,0
107,Joshua Cribbs,IND,WR,0/0,0,0,0,0,0,0,0,0,0,0
108,Nate Washington,NWE,WR,0/0,0,0,0,0,0,0,0,0,0,0
109,Lance Moore,ATL,WR,0/0,0,0,0,0,0,0,0,0,0,0
110,Greg Jennings,MIA,WR,0/0,0,0,0,0,0,0,0,0,0,0
111,Devin Hester,BAL,WR,0/0,0,0,0,0,0,0,0,0,0,1.5
112,Derek Hagan,TEN,WR,0/0,0,0,0,0,0,0,0,0,0,0
113,Jason Avant,KAN,WR,0/0,0,0,0,0,0,0,0,0,0,0
114,Marques Colston,NOR,WR,0/0,0,0,0,0,0,0,0,0,0,0
115,Miles Austin,PHI,WR,0/0,0,0,0,0,0,0,0,0,0,0
116,Calvin Johnson,DET,WR,0/0,0,0,0,0,0,0,0,0,0,0
117,Dwayne Bowe,CLE,WR,0/0,0,0,0,0,0,0,0,0,0,0
118,Jacoby Jones,PIT,WR,0/0,0,0,0,0,0,0,0,0,0,0
119,James Jones,SDG,WR,0/0,0,0,0,0,0,0,0,0,0,0
120,Eric Weems,ATL,WR,0/0,0,0,0,0,0,0,1.9,23.3,0.1,4.2
121,Jerome Simpson,SFO,WR,0/0,0,0,0,0,0,0,0,0,0,0
122,Harry Douglas,TEN,WR,0/0,0,0,0,0,0,0,2.7,36.4,0.2,6
123,Andre Jerome Caldwell,DET,WR,0/0,0,0,0,0,0,0,0,0,0,0
124,Matthew Slater,NWE,WR,0/0,0,0,0,0,0,0,0,0,0,0
125,Stevie Johnson*,SDG,WR,0/0,0,0,0,0,0,0,0,0,0,0
126,Danny Amendola,NWE,WR,0/0,0,0,0,2,12.5,0.1,10.3,133.1,1,21
127,Brandon Gibson,NWE,WR,0/0,0,0,0,0,0,0,0,0,0,0
128,Brian Hartline,CLE,WR,0/0,0,0,0,0,0,0,0,0,0,0
129,Percy Harvin,BUF,WR,0/0,0,0,0,0,0,0,0,0,0,0
130,Darrius Heyward-Bey,PIT,WR,0/0,0,0,0,0,0,0,7.2,93.3,0.7,13.2
131,Louis Murphy*,TAM,WR,0/0,0,0,0,0,0,0,2.1,26.8,0.2,3.1
132,Hakeem Nicks,NOR,WR,0/0,0,0,0,0,0,0,0,0,0,0
133,Jordan Norwood,DEN,WR,0/0,0,0,0,0,0,0,5.6,71.8,0.4,11.5
134,Kevin Ogletree,NYG,WR,0/0,0,0,0,0,0,0,0,0,0,0
135,Brandon Tate,CIN,WR,0/0,0,0,0,0,0,0,0,0,0,0
136,Arrelious Benn,JAC,WR,0/0,0,0,0,0,0,0,0,0,0,0
137,Marcus Easley*,BUF,WR,0/0,0,0,0,0,0,0,0.6,7,0.1,0.3
138,Riley Cooper,PHI,WR,0/0,0,0,0,0,0,0,0,0,0,0
139,Andre Roberts,DET,WR,0/0,0,0,0,0,0,0,5.6,73.9,0.4,11
140,Marc Mariani,TEN,WR,0/0,0,0,0,0,0,0,0,0,0,1.1
141,Kyle Williams,NYJ,WR,0/0,0,0,0,0,0,0,0,0,0,0
142,Mike Williams,KAN,WR,0/0,0,0,0,0,0,0,0,0,0,0
143,Seyi Ajirotutu,PHI,WR,0/0,0,0,0,0,0,0,0,0,0,0
144,Marlon Moore*,CLE,WR,0/0,0,0,0,0,0,0,0,0,0,0
145,Bryan Walters,JAC,WR,0/0,0,0,0,0,0,0,1.5,19.4,0.1,1.8
146,Preston Parker,FA,WR,0/0,0,0,0,0,0,0,0,0,0,0
147,Danario Alexander,SDG,WR,0/0,0,0,0,0,0,0,0,0,0,0
148,Andrew Hawkins,CLE,WR,0/0,0,0,0,1.9,11.8,0,18.7,211.2,0.8,27.2
149,Leonard Hankerson,BUF,WR,0/0,0,0,0,0,0,0,0,0,0,0
150,Greg Little,BUF,WR,0/0,0,0,0,0,0,0,0,0,0,0
151,Vincent Brown,NOR,WR,0/0,0,0,0,0,0,0,0,0,0,0
152,Dwayne Harris,NYG,WR,0/0,0,0,0,2,13.1,0.1,3.4,44.7,0.3,10.3
153,Greg Salas,BUF,WR,0/0,0,0,0,0,0,0,11.3,123.6,1,17.9
154,Jeremy Kerley,SFO,WR,0/0,0,0,0,0,0,0,28.7,329.8,1.3,40.7
155,Denarius Moore,BUF,WR,0/0,0,0,0,0,0,0,0,0,0,0
156,Aldrick Robinson,ATL,WR,0/0,0,0,0,0,0,0,7.4,93,0.5,11.9
157,Cecil Shorts III,HOU,WR,0/0,0,0,0,0,0,0,0,0,0,0
158,Ricardo Lockette,SEA,WR,0/0,0,0,0,0,0,0,0,0,0,0
159,Andre Holmes,OAK,WR,0/0,0,0,0,0,0,0,6.4,80.6,0.7,11.9
160,Joe Morgan,BAL,WR,0/0,0,0,0,0,0,0,0,0,0,0
161,Jeremy Ross,NYJ,WR,0/0,0,0,0,0,0,0,0,0,0,0
162,Justin Blackmon,JAC,WR,0/0,0,0,0,0,0,0,0,0,0,0
163,Stephen Hill,CAR,WR,0/0,0,0,0,0,0,0,0,0,0,0
164,Rueben Randle,PHI,WR,0/0,0,0,0,0,0,0,0,0,0,0
165,Brian Quick,LAR,WR,0/0,0,0,0,0,0,0,16.3,235.5,1.3,31
166,Keshawn Martin,NWE,WR,0/0,0,0,0,0,0,0,0,0,0,0
167,Jarius Wright,MIN,WR,0/0,0,0,0,0,0,0,5.8,75.5,0.4,9.3
168,T.J. Graham,PHI,WR,0/0,0,0,0,0,0,0,0,0,0,0
169,Nick Toon,LAR,WR,0/0,0,0,0,0,0,0,0,0,0,0
170,DeVier Posey,DEN,WR,0/0,0,0,0,0,0,0,0,0,0,0
171,LaVon Brazill,IND,WR,0/0,0,0,0,0,0,0,0,0,0,0
172,Chris Givens,PHI,WR,0/0,0,0,0,0,0,0,0,0,0,0
173,Kashif Moore,KAN,WR,0/0,0,0,0,0,0,0,0,0,0,0
174,Nathan Palmer,OAK,WR,0/0,0,0,0,0,0,0,0,0,0,0
175,Chris Owusu,NYJ,WR,0/0,0,0,0,0,0,0,0,0,0,0
176,Brian Tyms,IND,WR,0/0,0,0,0,0,0,0,0,0,0,0
177,Jeff Fuller*,SEA,WR,0/0,0,0,0,0,0,0,0,0,0,0
178,Jarrett Boykin,BUF,WR,0/0,0,0,0,0,0,0,0,0,0,0
179,Griff Whalen,MIA,WR,0/0,0,0,0,0,0,0,0,0,0,0
180,Deonte Thompson,CHI,WR,0/0,0,0,0,0,0,0,2.3,29.7,0.2,5.9
181,LaRon Byrd*,CAR,WR,0/0,0,0,0,0,0,0,0,0,0,0
182,Joshua Bellamy,CHI,WR,0/0,0,0,0,0,0,0,2.3,29.7,0.2,3
183,Brittan Golden,ARI,WR,0/0,0,0,0,0,0,0,0,0,0,0
184,Damaris Johnson,TEN,WR,0/0,0,0,0,0,0,0,0,0,0,0
185,Cordarrelle Patterson,MIN,WR,0/0,0,0,0,4.4,28,0.2,5.8,75.5,0.4,15.1
186,Stedman Bailey*,LAR,WR,0/0,0,0,0,0,0,0,0,0,0,0
187,Aaron Dobson,NWE,WR,0/0,0,0,0,0,0,0,0,0,0,0
188,Marquise Goodwin,BUF,WR,0/0,0,0,0,0,0,0,13.4,222.7,1.3,31.1
189,Justin Hunter,MIA,WR,0/0,0,0,0,0,0,0,3.5,43.4,0.3,5.5
190,Brice Butler,DAL,WR,0/0,0,0,0,0,0,0,12.1,157.6,1.2,22.3
191,B.J. Daniels,CHI,WR,0/0,0,0,0,0,0,0,0,0,0,0
192,Tavarres King,NYG,WR,0/0,0,0,0,0,0,0,10.2,134.1,1,19
193,Cobi Hamilton,PIT,WR,0/0,0,0,0,0,0,0,0,0,0,0
194,Josh Boyce,CLE,WR,0/0,0,0,0,0,0,0,0,0,0,0
195,Chris Harper,NYG,WR,0/0,0,0,0,0,0,0,0,0,0,0
196,Corey Fuller*,DET,WR,0/0,0,0,0,0,0,0,1.6,21.2,0.1,2.8
197,Marquess Wilson*,CHI,WR,0/0,0,0,0,0,0,0,3.1,39.7,0.2,4.3
198,Da'Rick Rogers,KAN,WR,0/0,0,0,0,0,0,0,0,0,0,0
199,Jaron Brown,ARI,WR,0/0,0,0,0,0,0,0,3.3,41.6,0.3,6
200,Russell Shepard,TAM,WR,0/0,0,0,0,0,0,0,5.6,68.7,0.5,9.5
201,Ryan Spadola*,DET,WR,0/0,0,0,0,0,0,0,0,0,0,0
202,Nick Williams,ATL,WR,0/0,0,0,0,0,0,0,0,0,0,0
203,Rodney Smith,DAL,WR,0/0,0,0,0,0,0,0,0,0,0,0
204,Kenbrell Thompkins*,NYJ,WR,0/0,0,0,0,0,0,0,0,0,0,0
205,Myles White,NYG,WR,0/0,0,0,0,0,0,0,0,0,0,0
206,Marlon Brown,BAL,WR,0/0,0,0,0,0,0,0,0,0,0,0
207,Josh Huff,PHI,WR,0/0,0,0,0,0,0,0,16.6,168.9,1.1,24.5
208,Paul Richardson,SEA,WR,0/0,0,0,0,0,0,0,11.8,143.4,1.3,21.8
209,Cody Latimer,DEN,WR,0/0,0,0,0,2.1,13.5,0.1,15.5,175.2,0.9,23.7
210,Shaq Evans,JAC,WR,0/0,0,0,0,0,0,0,0,0,0,0
211,Jeremy Gallon,NWE,WR,0/0,0,0,0,0,0,0,0,0,0,0
212,Kevin Norwood*,CAR,WR,0/0,0,0,0,0,0,0,0,0,0,0
213,Martavis Bryant,PIT,WR,0/0,0,0,0,0,0,0,0,0,0,0
214,Jalen Saunders,NWE,WR,0/0,0,0,0,0,0,0,0,0,0,0
215,De'Anthony Thomas,KAN,WR,0/0,0,0,0,3.8,24.1,0.2,2.9,37.6,0.2,8
216,Bruce Ellington*,SFO,WR,0/0,0,0,0,0,0,0,0,0,0,0
217,Devin Street,DAL,WR,0/0,0,0,0,0,0,0,0,0,0,0
218,Dontrelle Inman,SDG,WR,0/0,0,0,0,0,0,0,14.2,181.3,1.2,25.3
219,Jeff Janis,GNB,WR,0/0,0,0,0,0,0,0,6.4,83.1,0.7,12.6
220,Corey Washington,ATL,WR,0/0,0,0,0,0,0,0,0,0,0,0
221,Robert Herron,OAK,WR,0/0,0,0,0,0,0,0,0,0,0,0
222,Brandon Coleman,NOR,WR,0/0,0,0,0,0,0,0,4,50.3,0.3,7.1
223,Michael Campanaro,BAL,WR,0/0,0,0,0,0,0,0,0,0,0,0
224,Brenton Bersin,CAR,WR,0/0,0,0,0,0,0,0,2.9,37.2,0.3,4.6
225,Corey Brown,CAR,WR,0/0,0,0,0,4.7,29.8,0.1,11.3,164.6,1,24.8
226,Taylor Gabriel,ATL,WR,0/0,0,0,0,0,0,0,7.4,93,0.5,12.8
227,Ryan Grant,WAS,WR,0/0,0,0,0,0,0,0,3.4,43.9,0.3,5.8
228,Frankie Hammond,KAN,WR,0/0,0,0,0,0,0,0,0,0,0,0
229,TJ Jones,DET,WR,0/0,0,0,0,0,0,0,0,0,0,0
230,James Wright,CIN,WR,0/0,0,0,0,0,0,0,2.9,37.5,0.3,4.5
231,Isaiah Burse,SDG,WR,0/0,0,0,0,0,0,0,1.8,23,0.1,3.6
232,Jeremy Butler,BAL,WR,0/0,0,0,0,0,0,0,0,0,0,0
233,Damian Copeland,DET,WR,0/0,0,0,0,0,0,0,0,0,0,0
234,Jonathan Krause,TAM,WR,0/0,0,0,0,0,0,0,0,0,0,0
235,Walter Powell,BUF,WR,0/0,0,0,0,0,0,0,3.3,41.9,0.3,5.8
236,Rashad Ross,WAS,WR,0/0,0,0,0,0,0,0,0,0,0,2
237,Freddie Martino,TAM,WR,0/0,0,0,0,0,0,0,0,0,0,0
238,Kevin Smith*,SEA,WR,0/0,0,0,0,0,0,0,0,0,0,0
239,Andre Debose,IND,WR,0/0,0,0,0,0,0,0,0,0,0,0
240,DiAndre Campbell,SFO,WR,0/0,0,0,0,0,0,0,0,0,0,0
241,Issac Blakeney,PIT,WR,0/0,0,0,0,0,0,0,0,0,0,0
242,Geremy Davis,NYG,WR,0/0,0,0,0,0,0,0,0,0,0,0
243,Da'Ron Brown,KAN,WR,0/0,0,0,0,0,0,0,0,0,0,0
244,Kenny Bell*,TAM,WR,0/0,0,0,0,0,0,0,0,0,0,0
245,Dres Anderson,SFO,WR,0/0,0,0,0,0,0,0,0,0,0,0
246,Keith Mumphery,HOU,WR,0/0,0,0,0,0,0,0,3.3,41.6,0.3,6.6
247,DeAndrew White,SFO,WR,0/0,0,0,0,0,0,0,0,0,0,0
248,Kaelin Clay*,BAL,WR,0/0,0,0,0,0,0,0,0,0,0,0
249,Justin Hardy,ATL,WR,0/0,0,0,0,0,0,0,23.4,221.1,1.3,29.8
250,Tre McBride,TEN,WR,0/0,0,0,0,0,0,0,0,0,0,0
251,Dezmin Lewis,BUF,WR,0/0,0,0,0,0,0,0,0,0,0,0
252,Quan Bray,IND,WR,0/0,0,0,0,0,0,0,13.3,170.2,1.4,27.6
253,Devin Smith*,NYJ,WR,0/0,0,0,0,0,0,0,8.9,117.6,0.8,15.7
254,Evan Spencer,TAM,WR,0/0,0,0,0,0,0,0,0,0,0,0
255,Rashad Greene,JAC,WR,0/0,0,0,0,0,0,0,19.3,165,1.4,29.4
256,Vince Mayle,DAL,WR,0/0,0,0,0,0,0,0,0,0,0,0
257,Mario Alford*,CIN,WR,0/0,0,0,0,0,0,0,0,0,0,0
258,DeAndre Smelter,SFO,WR,0/0,0,0,0,0,0,0,0,0,0,0
259,Duron Carter,IND,WR,0/0,0,0,0,0,0,0,0,0,0,0
260,Antwan Goodley,SEA,WR,0/0,0,0,0,0,0,0,0,0,0,0
261,Chris Matthews*,BAL,WR,0/0,0,0,0,0,0,0,0,0,0,0
262,Seantavius Jones,KAN,WR,0/0,0,0,0,0,0,0,0,0,0,0
263,Cameron Meredith,CHI,WR,0/0,0,0,0,0,0,0,1.6,19.8,0.1,1.7
264,Bennie Fowler,DEN,WR,0/0,0,0,0,0,0,0,17.1,193.5,1.3,26.7
265,Lucky Whitehead,DAL,WR,0/0,0,0,0,17.3,73.4,0.5,6.1,78.2,0.6,22.1
266,Matt Hazel,MIA,WR,0/0,0,0,0,0,0,0,0,0,0,0
267,Chris Harper,NWE,WR,0/0,0,0,0,0,0,0,0,0,0,0
268,Tyler Murphy,MIA,WR,0/0,0,0,0,0,0,0,0,0,0,0
269,Bradley Marquez,LAR,WR,0/0,0,0,0,0,0,0,8.6,88.7,0.4,10.5
270,Donteea Dye,TAM,WR,0/0,0,0,0,0,0,0,0,0,0,0
271,Javontee Herndon*,SDG,WR,0/0,0,0,0,0,0,0,0,0,0,0
272,Daniel Brown,BAL,WR,0/0,0,0,0,0,0,0,0,0,0,0
273,Eric Rogers*,SFO,WR,0/0,0,0,0,0,0,0,0,0,0,0
274,Chris Moore,BAL,WR,0/0,0,0,0,0,0,0,8.4,106.2,0.6,14.8
275,Ricardo Louis,CLE,WR,0/0,0,0,0,0,0,0,3,37.9,0.2,4.2
276,Demarcus Robinson,KAN,WR,0/0,0,0,0,0,0,0,5.9,75.1,0.4,9.4
277,Jordan Payton,CLE,WR,0/0,0,0,0,0,0,0,0.8,9.8,0.1,0.3
278,Trevor Davis,GNB,WR,0/0,0,0,0,0,0,0,6.4,83.1,0.7,12.3
279,Tyreek Hill,KAN,WR,0/0,0,0,0,0,0,0,2.9,37.6,0.2,7
280,Rashard Higgins,CLE,WR,0/0,0,0,0,0,0,0,9.1,114.8,0.6,15.1
281,Moritz Bohringer,MIN,WR,0/0,0,0,0,0,0,0,0,0,0,0
282,Keenan Reynolds,BAL,WR,0/0,0,0,0,0,0,0,0,0,0,0
283,Jakeem Grant,MIA,WR,0/0,0,0,0,0,0,0,5,62.4,0.4,10.8
284,Kolby Listenbee*,BUF,WR,0/0,0,0,0,0,0,0,1.1,14.1,0.1,1.6
285,Cody Core,CIN,WR,0/0,0,0,0,0,0,0,1.5,18.7,0.1,1.8
286,Michael Thomas,LAR,WR,0/0,0,0,0,0,0,0,0,0,0,0.2
287,Aaron Burbridge,SFO,WR,0/0,0,0,0,0,0,0,16.6,216.2,1,26.9
288,Devin Lucien,NWE,WR,0/0,0,0,0,0,0,0,0,0,0,0
289,Demarcus Ayers,PIT,WR,0/0,0,0,0,0,0,0,0,0,0,0
290,Daniel Braverman,CHI,WR,0/0,0,0,0,0,0,0,0,0,0,0
291,Devin Lewis Fuller,ATL,WR,0/0,0,0,0,0,0,0,0,0,0,0
292,Charone Peake,NYJ,WR,0/0,0,0,0,0,0,0,0,0,0,0
293,Kenny Lawler,SEA,WR,0/0,0,0,0,0,0,0,0,0,0,0
294,Max McCaffrey,OAK,WR,0/0,0,0,0,0,0,0,0,0,0,0
295,Kasen Williams,SEA,WR,0/0,0,0,0,0,0,0,0,0,0,0
296,Reggie Bell,NOR,WR,0/0,0,0,0,0,0,0,0,0,0,0
297,Jake Kumerow,CIN,WR,0/0,0,0,0,0,0,0,0,0,0,0
298,Marquez North*,LAR,WR,0/0,0,0,0,0,0,0,0,0,0,0
299,Andy Jones,DAL,WR,0/0,0,0,0,0,0,0,0,0,0,0
300,Roger Lewis,NYG,WR,0/0,0,0,0,0,0,0,1.7,22.3,0.2,3
301,Xavier Rush,PHI,WR,0/0,0,0,0,0,0,0,0,0,0,0
302,Dom Williams,SDG,WR,0/0,0,0,0,0,0,0,0,0,0,0
303,Damiere Byrd,CAR,WR,0/0,0,0,0,0,0,0,2.9,37.2,0.3,4.6
304,R.J. Harris,NOR,WR,0/0,0,0,0,0,0,0,0,0,0,0
305,Jordan Taylor,DEN,WR,0/0,0,0,0,0,0,0,0,0,0,0
306,Bernard Reedy*,TAM,WR,0/0,0,0,0,0,0,0,0,0,0,0
307,Paul McRoberts,LAR,WR,0/0,0,0,0,0,0,0,0,0,0,0
308,Wendall Williams,HOU,WR,0/0,0,0,0,0,0,0,0,0,0,0
309,Anthony Dable,NYG,WR,0/0,0,0,0,0,0,0,0,0,0,0
310,Darius Jennings,CLE,WR,0/0,0,0,0,0,0,0,0,0,0,0
311,Alex Erickson,CIN,WR,0/0,0,0,0,0,0,0,0.4,4.6,0,2.3
312,Devon Cajuste,SFO,WR,0/0,0,0,0,0,0,0,0,0,0,0
313,Mitch Mathews,KAN,WR,0/0,0,0,0,0,0,0,0,0,0,0
314,Keyarris Garrett,CAR,WR,0/0,0,0,0,0,0,0,0,0,0,0
315,Jalin Marshall,NYJ,WR,0/0,0,0,0,0,0,0,3.2,41.1,0.3,8.4
1,Rob Gronkowski,NWE,TE,0/0,0,0,0,0,0,0,76.5,1119.8,9.3,167.4
2,Jordan Reed,WAS,TE,0/0,0,0,0,0,0,0,89.9,925.8,8.5,141.3
3,Greg Olsen,CAR,TE,0/0,0,0,0,0,0,0,75.6,963.3,6.4,134.3
4,Delanie Walker,TEN,TE,0/0,0,0,0,0,0,0,72.1,890.5,5.9,124.8
5,Travis Kelce,KAN,TE,0/0,0,0,0,0,0,0,80.7,881.9,5,116.4
6,Coby Fleener,NOR,TE,0/0,0,0,0,0,0,0,69.6,801.3,6.7,120.5
7,Tyler Eifert*,CIN,TE,0/0,0,0,0,0,0,0,49.9,568.2,4.9,85.5
8,Gary Barnidge,CLE,TE,0/0,0,0,0,0,0,0,66.5,837.1,5.5,115.5
9,Zach Ertz,PHI,TE,0/0,0,0,0,0,0,0,64.8,769,5.1,106
10,Antonio Gates,SDG,TE,0/0,0,0,0,0,0,0,60.9,708,5.9,105.4
11,Julius Thomas,JAC,TE,0/0,0,0,0,0,0,0,62.5,672.4,6.5,105.9
12,Zach Miller,CHI,TE,0/0,0,0,0,0,0,0,64,695.1,4.5,95.6
13,Martellus Bennett,NWE,TE,0/0,0,0,0,0,0,0,56.2,553.7,5.7,88.3
14,Jimmy Graham,SEA,TE,0/0,0,0,0,0,0,0,42.9,520.3,5.7,86.3
15,Eric Ebron,DET,TE,0/0,0,0,0,0,0,0,58.5,641.9,4.5,90.8
16,Jason Witten,DAL,TE,0/0,0,0,0,0,0,0,71,745.1,5.1,104.3
17,Dwayne Allen,IND,TE,0/0,0,0,0,0,0,0,50.8,551.6,5.3,86.6
18,Charles Clay,BUF,TE,0/0,0,0,0,0,0,0,57.5,614.7,4.4,87.3
19,Clive Walford,OAK,TE,0/0,0,0,0,0,0,0,50.1,554.6,5.9,90.2
20,Jared Cook,GNB,TE,0/0,0,0,0,0,0,0,47.9,593.9,5.2,90
21,Austin Seferian-Jenkins,TAM,TE,0/0,0,0,0,0,0,0,35.2,439.4,3.5,63.9
22,Jordan Cameron,MIA,TE,0/0,0,0,0,0,0,0,45.1,546.1,3.9,77.2
23,Kyle Rudolph,MIN,TE,0/0,0,0,0,0,0,0,50.3,525.7,4,76.1
24,Jesse James,PIT,TE,0/0,0,0,0,0,0,0,25.1,264.3,2.6,41.9
25,Virgil Green,DEN,TE,0/0,0,0,0,0,0,0,45.3,398.8,3.1,57.7
26,Vance McDonald,SFO,TE,0/0,0,0,0,0,0,0,41.7,490.3,3,66.7
27,Crockett Gillmore,BAL,TE,0/0,0,0,0,0,0,0,35,365.7,2.7,52
28,Larry Donnell,NYG,TE,0/0,0,0,0,0,0,0,42.6,438,4.9,71.9
29,Will Tye,NYG,TE,0/0,0,0,0,0,0,0,27.7,282.3,2.8,44.8
30,Maxx Williams,BAL,TE,0/0,0,0,0,0,0,0,36,333,2.7,49
31,Ladarius Green*,PIT,TE,0/0,0,0,0,0,0,0,25.9,336.5,2.6,49.2
32,Jacob Tamme,ATL,TE,0/0,0,0,0,0,0,0,43,435.9,2.4,57.3
33,Cameron Brate,TAM,TE,0/0,0,0,0,0,0,0,25.3,282.1,2.4,42.1
34,Tyler Higbee,LAR,TE,0/0,0,0,0,0,0,0,26.3,306.9,1.7,39.9
35,Austin Hooper,ATL,TE,0/0,0,0,0,0,0,0,28,303.8,2.1,42.5
36,Lance Kendricks,LAR,TE,0/0,0,0,0,0,0,0,28,286.4,1.5,37.1
37,Darren Fells,ARI,TE,0/0,0,0,0,0,0,0,21.5,237.1,2.6,38.6
38,Hunter Henry,SDG,TE,0/0,0,0,0,0,0,0,24.6,265.2,2.2,38.9
39,Kellen Winslow,NYJ,TE,0/0,0,0,0,0,0,0,0,0,0,0
40,Benjamin Watson*,BAL,TE,0/0,0,0,0,0,0,0,0,0,0,0
41,Alex Smith,WAS,TE,0/0,0,0,0,0,0,0,0,0,0,0
42,Vernon Davis,WAS,TE,0/0,0,0,0,0,0,0,11.5,125.5,1.1,18.7
43,Marcedes Lewis,JAC,TE,0/0,0,0,0,0,0,0,12.7,155,1.5,23.9
44,Anthony Fasano,TEN,TE,0/0,0,0,0,0,0,0,15.4,170.9,1.8,27.6
45,Owen Daniels,DEN,TE,0/0,0,0,0,0,0,0,0,0,0,0
46,Daniel Fells,NYG,TE,0/0,0,0,0,0,0,0,0,0,0,0
47,Matt Spaeth,PIT,TE,0/0,0,0,0,0,0,0,0,0,0,0
48,Scott Chandler*,NWE,TE,0/0,0,0,0,0,0,0,0,0,0,0
49,Brent Celek,PHI,TE,0/0,0,0,0,0,0,0,17,214.4,1.4,29
50,Clark Harris,CIN,TE,0/0,0,0,0,0,0,0,0,0,0,0
51,Fred Davis,WAS,TE,0/0,0,0,0,0,0,0,0,0,0,0
52,Craig Stevens,TEN,TE,0/0,0,0,0,0,0,0,0,0,0,0
53,Kellen Davis,NYJ,TE,0/0,0,0,0,0,0,0,10.8,118.4,1,17.1
54,Matthew Mulligan,DET,TE,0/0,0,0,0,0,0,0,0,0,0,0
55,David Johnson,PIT,TE,0/0,0,0,0,0,0,0,3.8,41.6,0.4,6.4
56,James Casey,DEN,TE,0/0,0,0,0,0,0,0,0,0,0,0
57,Chase Coffman,IND,TE,0/0,0,0,0,0,0,0,0,0,0,0
58,Bear Pascoe,NWE,TE,0/0,0,0,0,0,0,0,0,0,0,0
59,Brandon Pettigrew*,DET,TE,0/0,0,0,0,0,0,0,7.6,84.9,0.7,12
60,John Phillips,DEN,TE,0/0,0,0,0,0,0,0,3.2,34.7,0.3,4.5
61,Brandon Myers,TAM,TE,0/0,0,0,0,0,0,0,1.7,18.3,0.2,2
62,Jermaine Gresham,ARI,TE,0/0,0,0,0,0,0,0,20.3,192.7,1.9,29.6
63,Dennis Pitta,BAL,TE,0/0,0,0,0,0,0,0,3.9,41.7,0.3,5.9
64,Ed Dickson,CAR,TE,0/0,0,0,0,0,0,0,13,141.9,1.1,20.6
65,Tony Moeaki,CHI,TE,0/0,0,0,0,0,0,0,0,0,0,0
66,Jim Dray,BUF,TE,0/0,0,0,0,0,0,0,5.8,62.4,0.6,9.4
67,Garrett Graham*,DEN,TE,0/0,0,0,0,0,0,0,0,0,0,0
68,Clay Harbor,NWE,TE,0/0,0,0,0,0,0,0,1.9,21.2,0.2,3.2
69,Michael Hoomanawanui*,NOR,TE,0/0,0,0,0,0,0,0,0,0,0,0
70,Anthony McCoy,SEA,TE,0/0,0,0,0,0,0,0,0,0,0,0
71,Andrew Quarless,DET,TE,0/0,0,0,0,0,0,0,2,22.1,0.2,3
72,Richie Brockel,CAR,TE,0/0,0,0,0,0,0,0,0,0,0,0
73,Jeff Cumberland*,SDG,TE,0/0,0,0,0,0,0,0,0,0,0,0
74,Logan Paulsen,CHI,TE,0/0,0,0,0,0,0,0,10.4,113.3,0.8,16
75,Rob Housler,CHI,TE,0/0,0,0,0,0,0,0,0,0,0,0
76,Bruce Miller,SFO,TE,0/0,0,0,0,0,0,0,0,0,0,0
77,Luke Stocker,TAM,TE,0/0,0,0,0,0,0,0,3.5,36.7,0.3,4.9
78,David Ausberry,DET,TE,0/0,0,0,0,0,0,0,0,0,0,0
79,Niles Paul,WAS,TE,0/0,0,0,0,0,0,0,15.3,184.6,1.3,26
80,D.J. Williams,WAS,TE,0/0,0,0,0,0,0,0,0,0,0,0
81,Lee Smith,OAK,TE,0/0,0,0,0,0,0,0,7.1,77.2,0.8,11.9
82,Orson Charles,DET,TE,0/0,0,0,0,0,0,0,0,0,0,0
83,James Hanna*,DAL,TE,0/0,0,0,0,0,0,0,2.2,24.4,0.2,3.4
84,Rhett Ellison,MIN,TE,0/0,0,0,0,0,0,0,7.3,81.2,0.5,11.2
85,Garrett Celek,SFO,TE,0/0,0,0,0,0,0,0,25.3,262.3,1.7,36.1
86,Phillip Supernaw,TEN,TE,0/0,0,0,0,0,0,0,1.5,17.3,0.1,1.8
87,Dominique Jones,MIA,TE,0/0,0,0,0,0,0,0,0,0,0,0
88,Derek Carrier*,WAS,TE,0/0,0,0,0,0,0,0,0,0,0,0
89,Sean McGrath,SDG,TE,0/0,0,0,0,0,0,0,4,43.6,0.4,6.1
90,Chase Ford,BAL,TE,0/0,0,0,0,0,0,0,0,0,0,0
91,Cooper Helfet*,SEA,TE,0/0,0,0,0,0,0,0,0,0,0,0
92,Brandon Bostick,NYJ,TE,0/0,0,0,0,0,0,0,7.2,78.9,0.7,11.1
93,Ifeanyi Momah,ARI,TE,0/0,0,0,0,0,0,0,0,0,0,0
94,Gavin Escobar,DAL,TE,0/0,0,0,0,0,0,0,10.2,111.6,1,17.3
95,Ryan Griffin,HOU,TE,0/0,0,0,0,0,0,0,17.4,205.2,1.5,29.2
96,Michael Williams*,NWE,TE,0/0,0,0,0,0,0,0,0,0,0,0
97,Mychal Rivera,OAK,TE,0/0,0,0,0,0,0,0,17.8,182.7,1.8,28.4
98,Chris Gragg*,BUF,TE,0/0,0,0,0,0,0,0,0,0,0,0
99,Dion Sims,MIA,TE,0/0,0,0,0,0,0,0,15.7,156.1,1.3,22.4
100,Levine Toilolo,ATL,TE,0/0,0,0,0,0,0,0,2.1,22.1,0.2,2.9
101,Justice Cunningham,LAR,TE,0/0,0,0,0,0,0,0,0,0,0,0
102,Luke Willson,SEA,TE,0/0,0,0,0,0,0,0,14.5,183.7,1.5,27.1
103,Josh Hill,NOR,TE,0/0,0,0,0,0,0,0,31.8,308.4,2.8,46.8
104,Chris Pantale,PHI,TE,0/0,0,0,0,0,0,0,0,0,0,0
105,Timothy Wright*,DET,TE,0/0,0,0,0,0,0,0,0,0,0,0
106,Brandon Williams,SEA,TE,0/0,0,0,0,0,0,0,1.1,12.6,0.2,1.9
107,MarQueis Gray,MIA,TE,0/0,0,0,0,0,0,0,3.9,41.4,0.3,5.9
108,Zach Sudfeld,NYJ,TE,0/0,0,0,0,0,0,0,0,0,0,0
109,Jake Stoneburner,LAR,TE,0/0,0,0,0,0,0,0,0,0,0,0
110,Jack Doyle,IND,TE,0/0,0,0,0,0,0,0,11.4,124,1.3,19.9
111,C.J. Fiedorowicz,HOU,TE,0/0,0,0,0,0,0,0,23,207.4,1.9,31.4
112,Richard Rodgers,GNB,TE,0/0,0,0,0,0,0,0,18.8,187.6,2,30.2
113,Jace Amaro,TEN,TE,0/0,0,0,0,0,0,0,1.5,17.3,0.1,1.8
114,Troy Niklas,ARI,TE,0/0,0,0,0,0,0,0,3.7,39.7,0.4,5.5
115,Brian Leonhardt,MIN,TE,0/0,0,0,0,0,0,0,0,0,0,0
116,Demetrius Harris,KAN,TE,0/0,0,0,0,0,0,0,9.8,107,0.8,14.5
117,Trey Burton,PHI,TE,0/0,0,0,0,0,0,0,13.7,151.7,1.1,21.7
118,Marcel Jensen,WAS,TE,0/0,0,0,0,0,0,0,0,0,0,0
119,Asante Cleveland,SDG,TE,0/0,0,0,0,0,0,0,0,0,0,0
120,Nic Jacobs,JAC,TE,0/0,0,0,0,0,0,0,0,0,0,0
121,Blake Annen*,BUF,TE,0/0,0,0,0,0,0,0,0,0,0,0
122,RaShaun Allen,NOR,TE,0/0,0,0,0,0,0,0,0,0,0,0
123,Justin Perillo,GNB,TE,0/0,0,0,0,0,0,0,3.6,39.6,0.4,5.6
124,James O'Shaughnessy,KAN,TE,0/0,0,0,0,0,0,0,0,0,0,0
125,MyCole Pruitt,MIN,TE,0/0,0,0,0,0,0,0,17.3,191.1,1.3,26.5
126,Randall Telfer,CLE,TE,0/0,0,0,0,0,0,0,1.7,18,0.1,1.8
127,Gerald Christian,ARI,TE,0/0,0,0,0,0,0,0,0,0,0,0
128,Neal Sterling,JAC,TE,0/0,0,0,0,0,0,0,1.7,18.7,0.2,2
129,Blake Bell,SFO,TE,0/0,0,0,0,0,0,0,11,118.3,0.8,15.5
130,Chris Manhertz,NOR,TE,0/0,0,0,0,0,0,0,4.4,47.6,0.4,6.6
131,C.J. Uzomah,CIN,TE,0/0,0,0,0,0,0,0,6.1,65.8,0.6,9.5
132,Nick Boyle,BAL,TE,0/0,0,0,0,0,0,0,0,0,0,0
133,Jeff Heuerman,DEN,TE,0/0,0,0,0,0,0,0,16.3,176.2,1.3,24.5
134,Nick O'Leary,BUF,TE,0/0,0,0,0,0,0,0,2.9,31.2,0.3,4.7
135,Darren Waller,BAL,TE,0/0,0,0,0,0,0,0,0,0,0,0
136,Busta Anderson,SFO,TE,0/0,0,0,0,0,0,0,0,0,0,0
137,Ben Koyack,JAC,TE,0/0,0,0,0,0,0,0,1.7,18.7,0.2,2
138,Kennard Backman*,GNB,TE,0/0,0,0,0,0,0,0,0,0,0,0
139,Tyler Kroft,CIN,TE,0/0,0,0,0,0,0,0,19.8,215.8,1.9,32.3
140,AJ Derby,NWE,TE,0/0,0,0,0,0,0,0,1.9,21.2,0.2,3.2
141,Geoff Swaim,DAL,TE,0/0,0,0,0,0,0,0,0,0,0,0
142,E.J. Bibbs,CLE,TE,0/0,0,0,0,0,0,0,0,0,0,0
143,Khari Lee,CHI,TE,0/0,0,0,0,0,0,0,0,0,0,0
144,Jerome Cunningham,TEN,TE,0/0,0,0,0,0,0,0,0,0,0,0
145,Wes Saxton,NYJ,TE,0/0,0,0,0,0,0,0,0,0,0,0
146,Nick Vannett,SEA,TE,0/0,0,0,0,0,0,0,6.5,72.4,0.8,11.9
147,Seth DeValve,CLE,TE,0/0,0,0,0,0,0,0,3.4,36.1,0.3,4.5
148,Temarrick Hemingway,LAR,TE,0/0,0,0,0,0,0,0,2.9,32.8,0.2,4.1
149,Jerell Adams,NYG,TE,0/0,0,0,0,0,0,0,3.8,42.7,0.4,6.5
150,David Morgan II,MIN,TE,0/0,0,0,0,0,0,0,0,0,0,0
151,Dan Vitale,BUF,TE,0/0,0,0,0,0,0,0,0,0,0,0
152,Rico Darnell Gathers,DAL,TE,0/0,0,0,0,0,0,0,0,0,0,0
153,Thomas Duarte,MIA,TE,0/0,0,0,0,0,0,0,0,0,0,0
154,Beau Sandland,CAR,TE,0/0,0,0,0,0,0,0,0,0,0,0
155,Ben Braunecker,CHI,TE,0/0,0,0,0,0,0,0,0,0,0,0
156,Cole Wick,DET,TE,0/0,0,0,0,0,0,0,6.5,74.2,0.6,10.6
157,Stephen Anderson,HOU,TE,0/0,0,0,0,0,0,0,14.8,161,1.3,23.5
158,Matt LaCosse*,NYG,TE,0/0,0,0,0,0,0,0,0,0,0,0
159,Erik Swoope,IND,TE,0/0,0,0,0,0,0,0,11.4,124,1.3,19.9
160,Anthony Denham,HOU,TE,0/0,0,0,0,0,0,0,0,0,0,0
161,Bryce Williams,NWE,TE,0/0,0,0,0,0,0,0,0,0,0,0
1,Seahawks,SEA,DST,0/0,0,0,0,0,0,0,0,0,0,117.9
2,Broncos,DEN,DST,0/0,0,0,0,0,0,0,0,0,0,141.5
3,Panthers,CAR,DST,0/0,0,0,0,0,0,0,0,0,0,122.6
4,Bengals,CIN,DST,0/0,0,0,0,0,0,0,0,0,0,123.1
5,Texans,HOU,DST,0/0,0,0,0,0,0,0,0,0,0,113.1
6,Chiefs,KAN,DST,0/0,0,0,0,0,0,0,0,0,0,111.7
7,Cardinals,ARI,DST,0/0,0,0,0,0,0,0,0,0,0,120.3
8,Packers,GNB,DST,0/0,0,0,0,0,0,0,0,0,0,121
9,Raiders,OAK,DST,0/0,0,0,0,0,0,0,0,0,0,111.8
10,Patriots,NWE,DST,0/0,0,0,0,0,0,0,0,0,0,92.3
11,Vikings,MIN,DST,0/0,0,0,0,0,0,0,0,0,0,96.1
12,Jets,NYJ,DST,0/0,0,0,0,0,0,0,0,0,0,116.2
13,Bills,BUF,DST,0/0,0,0,0,0,0,0,0,0,0,114.7
14,Rams,LAR,DST,0/0,0,0,0,0,0,0,0,0,0,112
15,Colts,IND,DST,0/0,0,0,0,0,0,0,0,0,0,88.4
16,Jaguars,JAC,DST,0/0,0,0,0,0,0,0,0,0,0,92.3
17,Ravens,BAL,DST,0/0,0,0,0,0,0,0,0,0,0,102.4
18,Steelers,PIT,DST,0/0,0,0,0,0,0,0,0,0,0,91.6
19,Eagles,PHI,DST,0/0,0,0,0,0,0,0,0,0,0,87.4
20,Buccaneers,TAM,DST,0/0,0,0,0,0,0,0,0,0,0,103
21,Bears,CHI,DST,0/0,0,0,0,0,0,0,0,0,0,87.7
22,Lions,DET,DST,0/0,0,0,0,0,0,0,0,0,0,95.6
23,Redskins,WAS,DST,0/0,0,0,0,0,0,0,0,0,0,82.5
24,Giants,NYG,DST,0/0,0,0,0,0,0,0,0,0,0,88.6
25,Titans,TEN,DST,0/0,0,0,0,0,0,0,0,0,0,81.9
26,Falcons,ATL,DST,0/0,0,0,0,0,0,0,0,0,0,90.6
27,Chargers,SDG,DST,0/0,0,0,0,0,0,0,0,0,0,85.4
28,Dolphins,MIA,DST,0/0,0,0,0,0,0,0,0,0,0,81.5
29,49ers,SFO,DST,0/0,0,0,0,0,0,0,0,0,0,76.4
30,Cowboys,DAL,DST,0/0,0,0,0,0,0,0,0,0,0,72
31,Browns,CLE,DST,0/0,0,0,0,0,0,0,0,0,0,71.2
32,Saints,NOR,DST,0/0,0,0,0,0,0,0,0,0,0,55.6
1,Stephen Gostkowski,NWE,K,0/0,0,0,0,0,0,0,0,0,0,147.1
2,Steven Hauschka,SEA,K,0/0,0,0,0,0,0,0,0,0,0,143.1
3,Dan Bailey,DAL,K,0/0,0,0,0,0,0,0,0,0,0,134.7
4,Justin Tucker,BAL,K,0/0,0,0,0,0,0,0,0,0,0,132.8
5,Adam Vinatieri,IND,K,0/0,0,0,0,0,0,0,0,0,0,142.6
6,Mason Crosby,GNB,K,0/0,0,0,0,0,0,0,0,0,0,132.7
7,Graham Gano,CAR,K,0/0,0,0,0,0,0,0,0,0,0,127.4
8,Blair Walsh,MIN,K,0/0,0,0,0,0,0,0,0,0,0,137.7
9,Chandler Catanzaro,ARI,K,0/0,0,0,0,0,0,0,0,0,0,125.6
10,Matt Prater,DET,K,0/0,0,0,0,0,0,0,0,0,0,125.7
11,Roberto Aguayo,TAM,K,0/0,0,0,0,0,0,0,0,0,0,135.8
12,Chris Boswell,PIT,K,0/0,0,0,0,0,0,0,0,0,0,132.6
13,Cairo Santos,KAN,K,0/0,0,0,0,0,0,0,0,0,0,121.1
14,Brandon McManus,DEN,K,0/0,0,0,0,0,0,0,0,0,0,117.5
15,Matt Bryant,ATL,K,0/0,0,0,0,0,0,0,0,0,0,122.1
16,Nick Novak,HOU,K,0/0,0,0,0,0,0,0,0,0,0,122.5
17,Dan Carpenter,BUF,K,0/0,0,0,0,0,0,0,0,0,0,118.8
18,Mike Nugent,CIN,K,0/0,0,0,0,0,0,0,0,0,0,118
19,Dustin Hopkins,WAS,K,0/0,0,0,0,0,0,0,0,0,0,120.2
20,Connor Barth,CHI,K,0/0,0,0,0,0,0,0,0,0,0,0
21,Phil Dawson,SFO,K,0/0,0,0,0,0,0,0,0,0,0,110.6
22,Sebastian Janikowski,OAK,K,0/0,0,0,0,0,0,0,0,0,0,117.3
23,Josh Lambo,SDG,K,0/0,0,0,0,0,0,0,0,0,0,118.3
24,Kai Forbath,NOR,K,0/0,0,0,0,0,0,0,0,0,0,114.5
25,Jason Myers,JAC,K,0/0,0,0,0,0,0,0,0,0,0,123.8
26,Nick Folk,NYJ,K,0/0,0,0,0,0,0,0,0,0,0,117.4
27,Caleb Sturgis,PHI,K,0/0,0,0,0,0,0,0,0,0,0,109.1
28,Andrew Franks,MIA,K,0/0,0,0,0,0,0,0,0,0,0,110
29,Patrick Murray,CLE,K,0/0,0,0,0,0,0,0,0,0,0,111
30,Ryan Succop,TEN,K,0/0,0,0,0,0,0,0,0,0,0,109.8
31,Greg Zuerlein,LAR,K,0/0,0,0,0,0,0,0,0,0,0,97.1
32,Josh Brown,NYG,K,0/0,0,0,0,0,0,0,0,0,0,136.5
33,Jay Feely,FA,K,0/0,0,0,0,0,0,0,0,0,0,0
34,Shayne Graham,ATL,K,0/0,0,0,0,0,0,0,0,0,0,0
35,Billy Cundiff,CLE,K,0/0,0,0,0,0,0,0,0,0,0,0
36,Josh Scobee,NOR,K,0/0,0,0,0,0,0,0,0,0,0,0
37,Robbie Gould,CHI,K,0/0,0,0,0,0,0,0,0,0,0,0
38,Shaun Suisham,PIT,K,0/0,0,0,0,0,0,0,0,0,0,0
39,Garrett Hartley,PIT,K,0/0,0,0,0,0,0,0,0,0,0,0
40,Alex Henery,FA,K,0/0,0,0,0,0,0,0,0,0,0,0
41,Randy Bullock,NYG,K,0/0,0,0,0,0,0,0,0,0,0,0
42,Brandon Bogotay,TAM,K,0/0,0,0,0,0,0,0,0,0,0,0
43,Zach Hocker,CIN,K,0/0,0,0,0,0,0,0,0,0,0,0
44,Travis Coons,CLE,K,0/0,0,0,0,0,0,0,0,0,0,0
45,Cody Parkey,PHI,K,0/0,0,0,0,0,0,0,0,0,0,0
46,Jordan Gay,BUF,K,--/--,--,--,--,--,--,--,--,--,--,--
47,Kyle Brindza,NYJ,K,0/0,0,0,0,0,0,0,0,0,0,0
