Player,OwnCode,Team,Pos,Action,Opp,GameTime,Cmp_Att,PsYds,PsTD,Int,RsAtt,RsYds,RsTD,Rec,RcYds,RcTD,FFPts
Russell Wilson,FUNK,SEA,QB,,Mia,Sun 4:05,17.8/27.8,230.0,2.0,0.5,6.0,31.9,0.2,0.0,0.0,0.0,20.3
Aaron Rodgers,NOG,GNB,QB,,@Jax,Sun 1:00,22.6/35.2,278.0,2.1,0.6,3.2,14.4,0.1,0.0,0.0,0.0,20.0
Andrew Luck,LOS,IND,QB,,Det,Sun 4:25,22.1/37.3,274.4,2.2,1.2,4.0,17.0,0.1,0.0,0.0,0.0,19.4
Matthew Stafford,APE,DET,QB,,@Ind,Sun 4:25,26.6/40.1,311.6,1.7,0.8,2.5,9.0,0.1,0.0,0.0,0.0,19.1
Derek Carr,FA,OAK,QB,,@NO,Sun 1:00,23.9/37.5,282.9,2.2,0.7,1.9,6.0,0.0,0.0,0.0,0.0,18.9
Kirk Cousins,SCOT,WAS,QB,,Pit,Mon 7:10,25/38.2,295.6,2.0,0.9,2.3,7.2,0.1,0.0,0.0,0.0,18.9
Eli Manning,SLIV,NYG,QB,,@Dal,Sun 4:25,25.3/39,306.0,2.0,0.8,1.3,2.3,0.0,0.0,0.0,0.0,18.8
Ben Roethlisberger,LOS,PIT,QB,,@Wsh,Mon 7:10,26.1/39.5,305.8,1.8,0.9,1.9,4.7,0.0,0.0,0.0,0.0,18.6
Drew Brees,APE,NOR,QB,,Oak,Sun 1:00,27.2/40.4,290.4,2.1,1.0,1.4,2.3,0.1,0.0,0.0,0.0,18.3
Cam Newton,BKN,CAR,QB,,@Den,Thu 8:30,18.3/32.9,206.3,1.5,0.7,7.7,38.2,0.3,0.0,0.0,0.0,18.2
Alex Smith,FA,KAN,QB,,SD,Sun 1:00,20.4/30.8,240.4,1.3,0.3,4.3,26.4,0.2,0.0,0.0,0.0,17.8
Tyrod Taylor,BKN,BUF,QB,,@Bal,Sun 1:00,17.6/28.7,208.5,1.4,0.6,7.1,35.9,0.3,0.0,0.0,0.0,17.8
Carson Palmer,50%,ARI,QB,,NE,Sun 8:30,23.8/38.7,297.2,2.0,1.1,1.5,2.8,0.1,0.0,0.0,0.0,17.8
Dak Prescott,FA,DAL,QB,,NYG,Sun 4:25,21.3/31.7,248.9,1.7,1.0,4.0,21.0,0.1,0.0,0.0,0.0,17.2
Carson Wentz,FA,PHI,QB,,Cle,Sun 1:00,19.6/33.1,238.4,1.4,0.8,4.5,25.3,0.2,0.0,0.0,0.0,17.0
Jimmy Garoppolo,FA,NWE,QB,,@Ari,Sun 8:30,23.3/38,256.7,1.7,1.0,3.8,14.5,0.1,0.0,0.0,0.0,16.7
Brock Osweiler,FA,HOU,QB,,Chi,Sun 1:00,21.5/33.9,262.7,1.7,0.8,3.2,7.8,0.1,0.0,0.0,0.0,16.5
Jameis Winston,FA,TAM,QB,,@Atl,Sun 1:00,20.5/34.6,246.5,1.5,1.1,3.8,16.8,0.2,0.0,0.0,0.0,15.9
Philip Rivers,FUNK,SDG,QB,,@KC,Sun 1:00,26.3/40.7,282.4,1.6,1.0,1.4,3.9,0.0,0.0,0.0,0.0,15.7
Robert Griffin,FA,CLE,QB,,@Phi,Sun 1:00,20.8/32.6,245.7,1.2,0.8,4.7,28.8,0.1,0.0,0.0,0.0,15.6
Matt Ryan,FA,ATL,QB,,TB,Sun 1:00,24.8/36.6,282.8,1.6,1.2,2.0,5.6,0.1,0.0,0.0,0.0,15.6
Blake Bortles,SLIV,JAC,QB,,GB,Sun 1:00,20.7/36.8,244.6,1.7,1.2,3.1,16.3,0.1,0.0,0.0,0.0,15.6
Ryan Fitzpatrick,FA,NYJ,QB,,Cin,Sun 1:00,22/37.1,234.8,1.6,1.2,3.9,17.7,0.1,0.0,0.0,0.0,15.4
Andy Dalton,50%,CIN,QB,,@NYJ,Sun 1:00,20.2/32.3,228.7,1.4,0.9,3.9,12.9,0.1,0.0,0.0,0.0,14.9
Marcus Mariota,FA,TEN,QB,,Min,Sun 1:00,19/29.5,216.1,1.2,0.7,4.4,22.7,0.2,0.0,0.0,0.0,14.4
Joe Flacco,FA,BAL,QB,,Buf,Sun 1:00,22.4/37.7,238.2,1.6,1.1,1.7,3.2,0.1,0.0,0.0,0.0,14.1
Blaine Gabbert,FA,SFO,QB,,LA,Mon 10:20,20.8/34.5,235.9,1.2,1.0,3.6,12.1,0.1,0.0,0.0,0.0,13.7
Shaun Hill,FA,MIN,QB,,@Ten,Sun 1:00,19.3/30.6,228.4,1.1,0.7,2.4,9.6,0.1,0.0,0.0,0.0,13.2
Jay Cutler,FA,CHI,QB,,@Hou,Sun 1:00,21.6/33.9,236.8,1.2,1.0,2.5,8.4,0.0,0.0,0.0,0.0,13.0
Ryan Tannehill,FA,MIA,QB,,@Sea,Sun 4:05,24.1/40,246.1,1.1,0.9,1.9,6.4,0.0,0.0,0.0,0.0,12.7
Case Keenum,FA,LAR,QB,,@SF,Mon 10:20,18.7/31.6,219.2,0.9,0.6,2.7,9.0,0.1,0.0,0.0,0.0,12.1
Trevor Siemian,FA,DEN,QB,,Car,Thu 8:30,19.3/35.7,203.1,1.2,1.6,2.3,8.8,0.1,0.0,0.0,0.0,10.6
Scott Tolzien,FA,IND,QB,,Det,Sun 4:25,0.1/0.2,1.3,0.0,0.0,0.0,0.0,0.0,0.0,0.0,0.0,0.0
Trevone Boykin,FA,SEA,QB,,Mia,Sun 4:05,0.1/0.2,1.0,0.0,0.0,0.0,0.0,0.0,0.0,0.0,0.0,0.0
Matt McGloin,FA,OAK,QB,,@NO,Sun 1:00,0.1/0.2,1.4,0.0,0.0,0.0,0.0,0.0,0.0,0.0,0.0,0.0
Chase Daniel,FA,PHI,QB,,Cle,Sun 1:00,0.1/0.2,1.2,0.0,0.0,0.0,0.0,0.0,0.0,0.0,0.0,0.0
Ryan Nassib,FA,NYG,QB,,@Dal,Sun 4:25,0.1/0.2,1.3,0.0,0.0,0.0,0.0,0.0,0.0,0.0,0.0,0.0
Drew Stanton,FA,ARI,QB,,NE,Sun 8:30,0.1/0.2,1.2,0.0,0.0,0.0,0.0,0.0,0.0,0.0,0.0,0.0
EJ Manuel,FA,BUF,QB,,@Bal,Sun 1:00,0.1/0.2,1.0,0.0,0.0,0.0,0.0,0.0,0.0,0.0,0.0,0.0
Landry Jones,FA,PIT,QB,,@Wsh,Mon 7:10,0.1/0.2,1.1,0.0,0.0,0.0,0.1,0.0,0.0,0.0,0.0,0.0
Brett Hundley,FA,GNB,QB,,@Jax,Sun 1:00,0.1/0.2,1.2,0.0,0.0,0.0,0.0,0.0,0.0,0.0,0.0,0.0
Chad Henne,FA,JAC,QB,,GB,Sun 1:00,0.1/0.2,1.2,0.0,0.0,0.0,0.0,0.0,0.0,0.0,0.0,0.0
Colt McCoy,FA,WAS,QB,,Pit,Mon 7:10,0.1/0.2,1.3,0.0,0.0,0.0,0.0,0.0,0.0,0.0,0.0,0.0
Colin Kaepernick,FA,SFO,QB,,LA,Mon 10:20,0.1/0.2,1.1,0.0,0.0,0.0,0.1,0.0,0.0,0.0,0.0,0.0
Luke McCown,FA,NOR,QB,,Oak,Sun 1:00,0.1/0.2,1.2,0.0,0.0,0.0,0.0,0.0,0.0,0.0,0.0,0.0
Mark Sanchez,FA,DAL,QB,,NYG,Sun 4:25,0.1/0.2,1.1,0.0,0.0,0.0,0.0,0.0,0.0,0.0,0.0,0.0
Jacoby Brissett,FA,NWE,QB,,@Ari,Sun 8:30,0.1/0.2,1.2,0.0,0.0,0.0,0.0,0.0,0.0,0.0,0.0,0.0
Joe Webb,FA,CAR,QB,,@Den,Thu 8:30,0/0,0.0,0.0,0.0,0.0,0.0,0.0,0.0,0.0,0.0,0.0
Dan Orlovsky,FA,DET,QB,,@Ind,Sun 4:25,0.1/0.2,1.5,0.0,0.0,0.0,0.0,0.0,0.0,0.0,0.0,0.0
Nick Foles,FA,KAN,QB,,SD,Sun 1:00,0.1/0.2,1.2,0.0,0.0,0.0,0.0,0.0,0.0,0.0,0.0,0.0
Tom Savage,FA,HOU,QB,,Chi,Sun 1:00,0.1/0.2,1.2,0.0,0.0,0.0,0.0,0.0,0.0,0.0,0.0,0.0
Derek Anderson,FA,CAR,QB,,@Den,Thu 8:30,0.1/0.2,0.9,0.0,0.0,0.0,0.0,0.0,0.0,0.0,0.0,0.0
Ryan Mallett,FA,BAL,QB,,Buf,Sun 1:00,0.1/0.2,1.1,0.0,0.0,0.0,0.0,0.0,0.0,0.0,0.0,0.0
Geno Smith,FA,NYJ,QB,,Cin,Sun 1:00,0.1/0.2,1.1,0.0,0.0,0.0,0.1,0.0,0.0,0.0,0.0,0.0
Mike Glennon,FA,TAM,QB,,@Atl,Sun 1:00,0.1/0.2,1.2,0.0,0.0,0.0,0.0,0.0,0.0,0.0,0.0,0.0
Sam Bradford,FA,MIN,QB,,@Ten,Sun 1:00,0.1/0.2,1.2,0.0,0.0,0.0,0.0,0.0,0.0,0.0,0.0,0.0
Josh McCown,FA,CLE,QB,,@Phi,Sun 1:00,0.1/0.2,1.2,0.0,0.0,0.0,0.0,0.0,0.0,0.0,0.0,0.0
Matt Schaub,FA,ATL,QB,,TB,Sun 1:00,0.1/0.2,1.3,0.0,0.0,0.0,0.0,0.0,0.0,0.0,0.0,0.0
Matt Cassel,FA,TEN,QB,,Min,Sun 1:00,0.1/0.2,1.0,0.0,0.0,0.0,0.0,0.0,0.0,0.0,0.0,0.0
AJ McCarron,FA,CIN,QB,,@NYJ,Sun 1:00,0.1/0.2,1.0,0.0,0.0,0.0,0.0,0.0,0.0,0.0,0.0,0.0
Paxton Lynch,FA,DEN,QB,,Car,Thu 8:30,0.1/0.2,1.1,0.0,0.0,0.0,0.0,0.0,0.0,0.0,0.0,0.0
Kellen Clemens,FA,SDG,QB,,@KC,Sun 1:00,0.1/0.2,1.2,0.0,0.0,0.0,0.0,0.0,0.0,0.0,0.0,0.0
Sean Mannion,FA,LAR,QB,,@SF,Mon 10:20,0.1/0.2,1.1,0.0,0.0,0.0,0.0,0.0,0.0,0.0,0.0,0.0
Brian Hoyer,FA,CHI,QB,,@Hou,Sun 1:00,0.1/0.2,1.2,0.0,0.0,0.0,0.0,0.0,0.0,0.0,0.0,0.0
Matt Moore,FA,MIA,QB,,@Sea,Sun 4:05,0.1/0.2,1.1,0.0,0.0,0.0,0.0,0.0,0.0,0.0,0.0,0.0
Tom Brady,FA,NWE,QB,,@Ari,Sun 8:30,0/0,0.0,0.0,0.0,0.0,0.0,0.0,0.0,0.0,0.0,0.0
Mike Vick,FA,PIT,QB,,@Wsh,Mon 7:10,0/0,0.0,0.0,0.0,0.0,0.0,0.0,0.0,0.0,0.0,0.0
Tony Romo*,FA,DAL,QB,,NYG,Sun 4:25,0/0,0.0,0.0,0.0,0.0,0.0,0.0,0.0,0.0,0.0,0.0
Tarvaris Jackson,FA,SEA,QB,,Mia,Sun 4:05,0/0,0.0,0.0,0.0,0.0,0.0,0.0,0.0,0.0,0.0,0.0
Charlie Whitehurst,FA,IND,QB,,Det,Sun 4:25,0/0,0.0,0.0,0.0,0.0,0.0,0.0,0.0,0.0,0.0,0.0
Bruce Gradkowski*,FA,PIT,QB,,@Wsh,Mon 7:10,0/0,0.0,0.0,0.0,0.0,0.0,0.0,0.0,0.0,0.0,0.0
Josh Javon Johnson,FA,NYG,QB,,@Dal,Sun 4:25,0/0,0.0,0.0,0.0,0.0,0.0,0.0,0.0,0.0,0.0,0.0
Matt Flynn,FA,NOR,QB,,Oak,Sun 1:00,0/0,0.0,0.0,0.0,0.0,0.0,0.0,0.0,0.0,0.0,0.0
Josh Freeman,FA,IND,QB,,Det,Sun 4:25,0/0,0.0,0.0,0.0,0.0,0.0,0.0,0.0,0.0,0.0,0.0
Jimmy Clausen,FA,BAL,QB,,Buf,Sun 1:00,0/0,0.0,0.0,0.0,0.0,0.0,0.0,0.0,0.0,0.0,0.0
Tim Tebow,FA,FA,QB,,** BYE **,0/0,0,0.0,0.0,0.0,0.0,0.0,0.0,0.0,0.0,,
Dan LeFevour,FA,TAM,QB,,@Atl,Sun 1:00,0/0,0.0,0.0,0.0,0.0,0.0,0.0,0.0,0.0,0.0,0.0
Thaddeus Lewis*,FA,SFO,QB,,LA,Mon 10:20,0/0,0.0,0.0,0.0,0.0,0.0,0.0,0.0,0.0,0.0,0.0
Christian Ponder,FA,SFO,QB,,LA,Mon 10:20,0/0,0.0,0.0,0.0,0.0,0.0,0.0,0.0,0.0,0.0,0.0
T.J. Yates,FA,HOU,QB,,Chi,Sun 1:00,0/0,0.0,0.0,0.0,0.0,0.0,0.0,0.0,0.0,0.0,0.0
Jerrod Johnson,FA,DAL,QB,,NYG,Sun 4:25,0/0,0.0,0.0,0.0,0.0,0.0,0.0,0.0,0.0,0.0,0.0
Brandon Weeden,FA,HOU,QB,,Chi,Sun 1:00,0/0,0.0,0.0,0.0,0.0,0.0,0.0,0.0,0.0,0.0,0.0
Kellen Moore*,FA,DAL,QB,,NYG,Sun 4:25,0/0,0.0,0.0,0.0,0.0,0.0,0.0,0.0,0.0,0.0,0.0
Ryan Lindley,FA,IND,QB,,Det,Sun 4:25,0/0,0.0,0.0,0.0,0.0,0.0,0.0,0.0,0.0,0.0,0.0
Austin Davis,FA,DEN,QB,,Car,Thu 8:30,0/0,0.0,0.0,0.0,0.0,0.0,0.0,0.0,0.0,0.0,0.0
Matt Simms,FA,ATL,QB,,TB,Sun 1:00,0/0,0.0,0.0,0.0,0.0,0.0,0.0,0.0,0.0,0.0,0.0
Alex Tanney,FA,TEN,QB,,Min,Sun 1:00,0/0,0.0,0.0,0.0,0.0,0.0,0.0,0.0,0.0,0.0,0.0
Sean Renfree,FA,ATL,QB,,TB,Sun 1:00,0/0,0.0,0.0,0.0,0.0,0.0,0.0,0.0,0.0,0.0,0.0
Zac Dysert,FA,MIA,QB,,@Sea,Sun 4:05,0/0,0.0,0.0,0.0,0.0,0.0,0.0,0.0,0.0,0.0,0.0
Matt Barkley,FA,ARI,QB,,NE,Sun 8:30,0/0,0.0,0.0,0.0,0.0,0.0,0.0,0.0,0.0,0.0,0.0
Ryan Griffin,FA,TAM,QB,,@Atl,Sun 1:00,0/0,0.0,0.0,0.0,0.0,0.0,0.0,0.0,0.0,0.0,0.0
Tyler Bray,FA,KAN,QB,,SD,Sun 1:00,0/0,0.0,0.0,0.0,0.0,0.0,0.0,0.0,0.0,0.0,0.0
Teddy Bridgewater*,FA,MIN,QB,,@Ten,Sun 1:00,0/0,0.0,0.0,0.0,0.0,0.0,0.0,0.0,0.0,0.0,0.0
Johnny Manziel,FA,CLE,QB,,@Phi,Sun 1:00,0/0,0.0,0.0,0.0,0.0,0.0,0.0,0.0,0.0,0.0,0.0
Tajh Boyd,FA,PIT,QB,,@Wsh,Mon 7:10,0/0,0.0,0.0,0.0,0.0,0.0,0.0,0.0,0.0,0.0,0.0
Logan Thomas,FA,NYG,QB,,@Dal,Sun 4:25,0/0,0.0,0.0,0.0,0.0,0.0,0.0,0.0,0.0,0.0,0.0
Zach Mettenberger,FA,PIT,QB,,@Wsh,Mon 7:10,0/0,0.0,0.0,0.0,0.0,0.0,0.0,0.0,0.0,0.0,0.0
David Fales,FA,CHI,QB,,@Hou,Sun 1:00,0/0,0.0,0.0,0.0,0.0,0.0,0.0,0.0,0.0,0.0,0.0
Keith Wenning,FA,CIN,QB,,@NYJ,Sun 1:00,0/0,0.0,0.0,0.0,0.0,0.0,0.0,0.0,0.0,0.0,0.0
Aaron Murray,FA,KAN,QB,,SD,Sun 1:00,0/0,0.0,0.0,0.0,0.0,0.0,0.0,0.0,0.0,0.0,0.0
Matt Blanchard,FA,CHI,QB,,@Hou,Sun 1:00,0/0,0.0,0.0,0.0,0.0,0.0,0.0,0.0,0.0,0.0,0.0
Dustin Vaughan,FA,PIT,QB,,@Wsh,Mon 7:10,0/0,0.0,0.0,0.0,0.0,0.0,0.0,0.0,0.0,0.0,0.0
Connor Shaw*,FA,CHI,QB,,@Hou,Sun 1:00,0/0,0.0,0.0,0.0,0.0,0.0,0.0,0.0,0.0,0.0,0.0
Bryce Petty,FA,NYJ,QB,,Cin,Sun 1:00,0/0,0.0,0.0,0.0,0.0,0.0,0.0,0.0,0.0,0.0,0.0
Dylan Thompson,FA,LAR,QB,,@SF,Mon 10:20,0/0,0.0,0.0,0.0,0.0,0.0,0.0,0.0,0.0,0.0,0.0
Garrett Grayson,FA,NOR,QB,,Oak,Sun 1:00,0/0,0.0,0.0,0.0,0.0,0.0,0.0,0.0,0.0,0.0,0.0
Jared Goff,FA,LAR,QB,,@SF,Mon 10:20,0/0,0.0,0.0,0.0,0.0,0.0,0.0,0.0,0.0,0.0,0.0
Christian Hackenberg,FA,NYJ,QB,,Cin,Sun 1:00,0/0,0.0,0.0,0.0,0.0,0.0,0.0,0.0,0.0,0.0,0.0
Cody Kessler,FA,CLE,QB,,@Phi,Sun 1:00,0/0,0.0,0.0,0.0,0.0,0.0,0.0,0.0,0.0,0.0,0.0
Connor Cook,FA,OAK,QB,,@NO,Sun 1:00,0/0,0.0,0.0,0.0,0.0,0.0,0.0,0.0,0.0,0.0,0.0
Cardale Jones,FA,BUF,QB,,@Bal,Sun 1:00,0/0,0.0,0.0,0.0,0.0,0.0,0.0,0.0,0.0,0.0,0.0
Kevin Hogan,FA,KAN,QB,,SD,Sun 1:00,0/0,0.0,0.0,0.0,0.0,0.0,0.0,0.0,0.0,0.0,0.0
Nate Sudfeld,FA,WAS,QB,,Pit,Mon 7:10,0/0,0.0,0.0,0.0,0.0,0.0,0.0,0.0,0.0,0.0,0.0
Jake Rudock,FA,DET,QB,,@Ind,Sun 4:25,0/0,0.0,0.0,0.0,0.0,0.0,0.0,0.0,0.0,0.0,0.0
Brandon Allen,FA,JAC,QB,,GB,Sun 1:00,0/0,0.0,0.0,0.0,0.0,0.0,0.0,0.0,0.0,0.0,0.0
Jeff Driskel,FA,CIN,QB,,@NYJ,Sun 1:00,0/0,0.0,0.0,0.0,0.0,0.0,0.0,0.0,0.0,0.0,0.0
Brandon Doughty,FA,MIA,QB,,@Sea,Sun 4:05,0/0,0.0,0.0,0.0,0.0,0.0,0.0,0.0,0.0,0.0,0.0
Taylor Heinicke*,FA,MIN,QB,,@Ten,Sun 1:00,0/0,0.0,0.0,0.0,0.0,0.0,0.0,0.0,0.0,0.0,0.0
Stephen Morris,FA,IND,QB,,Det,Sun 4:25,0/0,0.0,0.0,0.0,0.0,0.0,0.0,0.0,0.0,0.0,0.0
Todd Gurley,BKN,LAR,RB,,@SF,Mon 10:20,0/0,0.0,0.0,0.0,20.6,91.7,0.8,2.5,21.1,0.1,16.4
Adrian Peterson,APE,MIN,RB,,@Ten,Sun 1:00,0/0,0.0,0.0,0.0,20.0,91.4,0.7,1.9,15.5,0.0,14.5
DeAngelo Williams,50%,PIT,RB,,@Wsh,Mon 7:10,0/0,0.0,0.0,0.0,17.3,83.7,0.5,3.0,22.2,0.1,13.8
Lamar Miller,FUNK,HOU,RB,,Chi,Sun 1:00,0/0,0.0,0.0,0.0,18.7,82.0,0.5,2.7,20.6,0.1,13.8
Devonta Freeman,SLIV,ATL,RB,,TB,Sun 1:00,0/0,0.0,0.0,0.0,15.8,59.3,0.5,4.2,34.5,0.2,13.4
LeSean McCoy,SLIV,BUF,RB,,@Bal,Sun 1:00,0/0,0.0,0.0,0.0,16.7,72.1,0.6,2.7,20.0,0.1,13.3
Ezekiel Elliott,SCOT,DAL,RB,,NYG,Sun 4:25,0/0,0.0,0.0,0.0,16.0,71.9,0.5,2.6,21.8,0.1,12.8
David Johnson,50%,ARI,RB,,NE,Sun 8:30,0/0,0.0,0.0,0.0,14.4,58.4,0.4,3.9,35.5,0.2,12.7
Mark Ingram,BKN,NOR,RB,,Oak,Sun 1:00,0/0,0.0,0.0,0.0,15.1,63.2,0.6,3.2,21.5,0.1,12.4
Doug Martin,NOG,TAM,RB,,@Atl,Sun 1:00,0/0,0.0,0.0,0.0,17.2,78.3,0.4,2.1,16.2,0.1,12.2
Carlos Hyde,SLIV,SFO,RB,,LA,Mon 10:20,0/0,0.0,0.0,0.0,17.7,69.2,0.5,2.0,14.0,0.1,11.7
Latavius Murray,50%,OAK,RB,,@NO,Sun 1:00,0/0,0.0,0.0,0.0,14.1,66.6,0.4,2.3,18.0,0.1,11.3
Ryan Mathews,SCOT,PHI,RB,,Cle,Sun 1:00,0/0,0.0,0.0,0.0,14.6,71.0,0.5,1.4,11.4,0.0,11.1
Spencer Ware,SCOT,KAN,RB,,SD,Sun 1:00,0/0,0.0,0.0,0.0,12.8,60.3,0.6,1.2,9.2,0.0,10.9
DeMarco Murray,SLIV,TEN,RB,,Min,Sun 1:00,0/0,0.0,0.0,0.0,15.0,66.3,0.5,1.8,13.5,0.0,10.9
Frank Gore,SCOT,IND,RB,,Det,Sun 4:25,0/0,0.0,0.0,0.0,14.5,60.3,0.4,2.0,17.6,0.1,10.7
Jeremy Langford,SLIV,CHI,RB,,@Hou,Sun 1:00,0/0,0.0,0.0,0.0,15.7,61.0,0.4,2.4,19.6,0.1,10.4
Eddie Lacy,50%,GNB,RB,,@Jax,Sun 1:00,0/0,0.0,0.0,0.0,14.4,59.9,0.4,1.9,15.5,0.1,10.3
Matt Forte,FUNK,NYJ,RB,,Cin,Sun 1:00,0/0,0.0,0.0,0.0,13.4,56.9,0.3,3.2,24.5,0.1,10.3
Ameer Abdullah,APE,DET,RB,,@Ind,Sun 4:25,0/0,0.0,0.0,0.0,12.4,55.5,0.3,2.4,19.8,0.1,9.8
Rashad Jennings,BKN,NYG,RB,,@Dal,Sun 4:25,0/0,0.0,0.0,0.0,13.0,56.8,0.3,2.1,17.0,0.1,9.8
C.J. Anderson,SCOT,DEN,RB,,Car,Thu 8:30,0/0,0.0,0.0,0.0,13.9,60.2,0.4,1.6,11.6,0.0,9.7
Christine Michael,FA,SEA,RB,,Mia,Sun 4:05,0/0,0.0,0.0,0.0,13.8,60.4,0.4,1.0,8.7,0.1,9.5
Jeremy Hill,BKN,CIN,RB,,@NYJ,Sun 1:00,0/0,0.0,0.0,0.0,14.0,51.7,0.4,1.2,8.5,0.0,8.5
Justin Forsett,LOS,BAL,RB,,Buf,Sun 1:00,0/0,0.0,0.0,0.0,11.6,54.2,0.3,1.6,10.2,0.0,8.5
Jonathan Stewart,NOG,CAR,RB,,@Den,Thu 8:30,0/0,0.0,0.0,0.0,14.4,55.5,0.3,1.2,7.9,0.0,8.3
Danny Woodhead,LOS,SDG,RB,,@KC,Sun 1:00,0/0,0.0,0.0,0.0,6.1,25.3,0.1,4.5,38.4,0.2,8.3
Melvin Gordon,BKN,SDG,RB,,@KC,Sun 1:00,0/0,0.0,0.0,0.0,13.9,55.2,0.2,2.2,13.6,0.1,7.9
Charcandrick West,FA,KAN,RB,,SD,Sun 1:00,0/0,0.0,0.0,0.0,8.3,35.9,0.4,1.9,16.1,0.1,7.9
Isaiah Crowell,FA,CLE,RB,,@Phi,Sun 1:00,0/0,0.0,0.0,0.0,12.2,50.5,0.3,1.0,7.7,0.0,7.8
Giovani Bernard,NOG,CIN,RB,,@NYJ,Sun 1:00,0/0,0.0,0.0,0.0,9.3,35.9,0.2,3.1,24.4,0.1,7.7
Theo Riddick,FA,DET,RB,,@Ind,Sun 4:25,0/0,0.0,0.0,0.0,3.9,16.6,0.1,4.4,40.2,0.2,7.6
Duke Johnson Jr.,NOG,CLE,RB,,@Phi,Sun 1:00,0/0,0.0,0.0,0.0,8.1,33.7,0.2,3.1,25.6,0.1,7.5
Matt Jones,FUNK,WAS,RB,,Pit,Mon 7:10,0/0,0.0,0.0,0.0,11.3,45.1,0.3,1.4,14.0,0.1,7.5
Chris Ivory,50%,JAC,RB,,GB,Sun 1:00,0/0,0.0,0.0,0.0,10.4,46.5,0.3,1.3,8.9,0.0,7.5
LeGarrette Blount,FA,NWE,RB,,@Ari,Sun 8:30,0/0,0.0,0.0,0.0,13.6,56.5,0.3,0.3,1.9,0.0,7.4
Charles Sims,FA,TAM,RB,,@Atl,Sun 1:00,0/0,0.0,0.0,0.0,6.8,28.8,0.1,3.5,30.1,0.1,7.3
Derrick Henry,APE,TEN,RB,,Min,Sun 1:00,0/0,0.0,0.0,0.0,9.1,39.0,0.4,1.3,10.4,0.0,7.2
T.J. Yeldon,APE,JAC,RB,,GB,Sun 1:00,0/0,0.0,0.0,0.0,8.7,36.8,0.2,2.3,17.2,0.1,6.9
Darren Sproles,FA,PHI,RB,,Cle,Sun 1:00,0/0,0.0,0.0,0.0,5.0,24.6,0.2,2.8,26.2,0.1,6.9
Bilal Powell,FA,NYJ,RB,,Cin,Sun 1:00,0/0,0.0,0.0,0.0,8.5,36.0,0.2,2.5,17.7,0.1,6.6
Terrance West,FA,BAL,RB,,Buf,Sun 1:00,0/0,0.0,0.0,0.0,10.0,42.2,0.3,1.1,7.3,0.0,6.6
Shane Vereen,FA,NYG,RB,,@Dal,Sun 4:25,0/0,0.0,0.0,0.0,4.0,17.4,0.1,3.3,30.2,0.2,6.5
Tevin Coleman,FA,ATL,RB,,TB,Sun 1:00,0/0,0.0,0.0,0.0,8.4,33.3,0.3,1.4,10.7,0.0,6.4
Arian Foster,NOG,MIA,RB,,@Sea,Sun 4:05,0/0,0.0,0.0,0.0,8.9,33.0,0.2,2.3,16.6,0.1,6.3
Devontae Booker,FA,DEN,RB,,Car,Thu 8:30,0/0,0.0,0.0,0.0,8.4,33.5,0.3,1.4,9.9,0.0,6.0
Thomas Rawls,APE,SEA,RB,,Mia,Sun 4:05,0/0,0.0,0.0,0.0,7.4,35.5,0.2,0.6,5.3,0.0,5.7
James Starks,FA,GNB,RB,,@Jax,Sun 1:00,0/0,0.0,0.0,0.0,7.6,31.2,0.2,1.3,10.6,0.1,5.4
Jerick McKinnon,FA,MIN,RB,,@Ten,Sun 1:00,0/0,0.0,0.0,0.0,5.1,23.0,0.1,2.3,18.7,0.1,5.3
Shaun Draughn,FA,SFO,RB,,LA,Mon 10:20,0/0,0.0,0.0,0.0,6.0,22.2,0.1,2.5,18.1,0.1,5.2
James White,FA,NWE,RB,,@Ari,Sun 8:30,0/0,0.0,0.0,0.0,2.8,10.9,0.1,3.4,30.5,0.1,5.1
DeAndre Washington,FA,OAK,RB,,@NO,Sun 1:00,0/0,0.0,0.0,0.0,5.0,22.5,0.1,1.7,15.9,0.1,4.9
C.J. Prosise,FA,SEA,RB,,Mia,Sun 4:05,0/0,0.0,0.0,0.0,4.6,19.8,0.2,1.7,14.9,0.1,4.8
Ka'Deem Carey,FA,CHI,RB,,@Hou,Sun 1:00,0/0,0.0,0.0,0.0,6.6,26.5,0.1,1.5,10.4,0.0,4.7
C.J. Spiller,FA,NOR,RB,,Oak,Sun 1:00,0/0,0.0,0.0,0.0,3.3,14.1,0.1,2.9,21.3,0.1,4.6
Chris Thompson,FA,WAS,RB,,Pit,Mon 7:10,0/0,0.0,0.0,0.0,2.9,13.0,0.1,2.8,23.6,0.1,4.6
Robert Kelley,FA,WAS,RB,,Pit,Mon 7:10,0/0,0.0,0.0,0.0,6.9,27.6,0.2,0.3,2.2,0.0,4.0
Jay Ajayi,FA,MIA,RB,,@Sea,Sun 4:05,0/0,0.0,0.0,0.0,5.7,20.0,0.1,1.4,9.4,0.0,3.8
Orleans Darkwa,FA,NYG,RB,,@Dal,Sun 4:25,0/0,0.0,0.0,0.0,5.8,24.5,0.2,0.3,2.2,0.0,3.7
Alfred Morris,SCOT,DAL,RB,,NYG,Sun 4:25,0/0,0.0,0.0,0.0,6.0,25.9,0.1,0.2,1.8,0.0,3.7
Fitzgerald Toussaint,FA,PIT,RB,,@Wsh,Mon 7:10,0/0,0.0,0.0,0.0,4.3,17.9,0.1,1.2,8.9,0.0,3.6
Robert Turbin,FA,IND,RB,,Det,Sun 4:25,0/0,0.0,0.0,0.0,4.3,17.7,0.1,1.1,9.0,0.1,3.5
Reggie Bush,FA,BUF,RB,,@Bal,Sun 1:00,0/0,0.0,0.0,0.0,4.3,17.9,0.1,1.0,7.5,0.0,3.5
Tim Hightower,FA,NOR,RB,,Oak,Sun 1:00,0/0,0.0,0.0,0.0,4.5,17.8,0.2,0.6,4.4,0.0,3.4
Chris Johnson,FA,ARI,RB,,NE,Sun 8:30,0/0,0.0,0.0,0.0,5.8,24.0,0.1,0.1,1.0,0.0,3.3
Javorius Allen,FA,BAL,RB,,Buf,Sun 1:00,0/0,0.0,0.0,0.0,2.6,10.9,0.1,1.9,13.8,0.1,3.3
Benjamin Cunningham,FA,LAR,RB,,@SF,Mon 10:20,0/0,0.0,0.0,0.0,2.6,10.9,0.1,1.5,13.6,0.0,3.2
Tyler Ervin,FA,HOU,RB,,Chi,Sun 1:00,0/0,0.0,0.0,0.0,3.7,15.0,0.1,0.8,5.9,0.0,3.0
Brandon Bolden,FA,NWE,RB,,@Ari,Sun 8:30,0/0,0.0,0.0,0.0,4.0,15.7,0.1,0.8,5.8,0.0,2.8
Lance Dunbar,FA,DAL,RB,,NYG,Sun 4:25,0/0,0.0,0.0,0.0,1.9,8.5,0.0,1.4,12.6,0.1,2.7
Mike Gillislee,FA,BUF,RB,,@Bal,Sun 1:00,0/0,0.0,0.0,0.0,3.5,14.3,0.1,0.4,3.0,0.0,2.5
Andre Ellington,FA,ARI,RB,,NE,Sun 8:30,0/0,0.0,0.0,0.0,2.4,9.8,0.1,1.1,9.6,0.0,2.5
Mike Tolbert,FA,CAR,RB,,@Den,Thu 8:30,0/0,0.0,0.0,0.0,2.9,9.7,0.1,0.9,6.7,0.0,2.4
Zach Zenner,FA,DET,RB,,@Ind,Sun 4:25,0/0,0.0,0.0,0.0,3.3,14.6,0.1,0.3,2.4,0.0,2.4
Cameron Artis-Payne,FA,CAR,RB,,@Den,Thu 8:30,0/0,0.0,0.0,0.0,4.0,14.7,0.1,0.5,2.9,0.0,2.3
Kenjon Barner,FA,PHI,RB,,Cle,Sun 1:00,0/0,0.0,0.0,0.0,2.8,12.6,0.1,0.5,3.8,0.0,2.3
Kyle Juszczyk,FA,BAL,RB,,Buf,Sun 1:00,0/0,0.0,0.0,0.0,0.1,0.5,0.0,1.6,12.7,0.1,2.0
Alfred Blue,FA,HOU,RB,,Chi,Sun 1:00,0/0,0.0,0.0,0.0,2.9,11.0,0.1,0.3,2.0,0.0,1.8
Jordan Howard,FA,CHI,RB,,@Hou,Sun 1:00,0/0,0.0,0.0,0.0,2.5,9.7,0.1,0.5,3.3,0.0,1.8
Jamize Olawale,FA,OAK,RB,,@NO,Sun 1:00,0/0,0.0,0.0,0.0,1.1,5.3,0.0,0.8,6.6,0.1,1.7
Mike Davis,FA,SFO,RB,,LA,Mon 10:20,0/0,0.0,0.0,0.0,2.2,8.2,0.1,0.5,3.6,0.0,1.6
Josh Ferguson,FA,IND,RB,,Det,Sun 4:25,0/0,0.0,0.0,0.0,1.7,6.7,0.0,0.5,4.1,0.0,1.4
Matt Asiata,FA,MIN,RB,,@Ten,Sun 1:00,0/0,0.0,0.0,0.0,0.9,3.3,0.0,0.7,5.5,0.0,1.2
Knile Davis,FA,KAN,RB,,SD,Sun 1:00,0/0,0.0,0.0,0.0,1.5,6.3,0.1,0.2,1.8,0.0,1.2
Jordan Todman,FA,IND,RB,,Det,Sun 4:25,0/0,0.0,0.0,0.0,1.4,6.1,0.0,0.3,2.0,0.0,1.1
Isaiah Pead,FA,MIA,RB,,@Sea,Sun 4:05,0/0,0.0,0.0,0.0,1.5,5.4,0.0,0.6,3.6,0.0,1.1
Jalen Richard,FA,OAK,RB,,@NO,Sun 1:00,0/0,0.0,0.0,0.0,1.1,5.1,0.0,0.3,2.3,0.0,1.0
Fozzy Whittaker,FA,CAR,RB,,@Den,Thu 8:30,0/0,0.0,0.0,0.0,1.2,4.2,0.0,0.5,2.9,0.0,1.0
Antonio Andrews,FA,TEN,RB,,Min,Sun 1:00,0/0,0.0,0.0,0.0,1.3,5.2,0.0,0.2,1.6,0.0,0.9
Jonathan Grimes,FA,HOU,RB,,Chi,Sun 1:00,0/0,0.0,0.0,0.0,0.7,2.8,0.0,0.5,3.9,0.0,0.9
Alex Collins,FA,SEA,RB,,Mia,Sun 4:05,0/0,0.0,0.0,0.0,1.5,6.1,0.0,0.0,0.0,0.0,0.9
Paul Perkins,FA,NYG,RB,,@Dal,Sun 4:25,0/0,0.0,0.0,0.0,1.3,5.3,0.0,0.1,1.1,0.0,0.9
Kapri Bibbs,FA,DEN,RB,,Car,Thu 8:30,0/0,0.0,0.0,0.0,1.3,4.8,0.0,0.2,1.5,0.0,0.9
Zach Line,FA,MIN,RB,,@Ten,Sun 1:00,0/0,0.0,0.0,0.0,0.4,1.4,0.0,0.4,3.6,0.0,0.8
Malcolm Brown,FA,LAR,RB,,@SF,Mon 10:20,0/0,0.0,0.0,0.0,0.9,3.6,0.0,0.2,1.8,0.0,0.7
Ryan Hewitt,FA,CIN,RB,,@NYJ,Sun 1:00,0/0,0.0,0.0,0.0,0.0,0.0,0.0,0.7,4.9,0.0,0.7
Patrick DiMarco,FA,ATL,RB,,TB,Sun 1:00,0/0,0.0,0.0,0.0,0.1,0.4,0.0,0.6,4.2,0.0,0.7
Rex Burkhead,FA,CIN,RB,,@NYJ,Sun 1:00,0/0,0.0,0.0,0.0,0.5,1.9,0.0,0.5,3.3,0.0,0.7
George Atkinson III,FA,CLE,RB,,@Phi,Sun 1:00,0/0,0.0,0.0,0.0,1.0,3.8,0.0,0.1,0.9,0.0,0.6
Dwayne Washington,FA,DET,RB,,@Ind,Sun 4:25,0/0,0.0,0.0,0.0,0.5,2.3,0.0,0.3,2.4,0.0,0.6
Terron Ward,FA,ATL,RB,,TB,Sun 1:00,0/0,0.0,0.0,0.0,0.5,1.9,0.0,0.3,2.1,0.0,0.6
Wendell Smallwood,FA,PHI,RB,,Cle,Sun 1:00,0/0,0.0,0.0,0.0,0.5,2.2,0.0,0.2,1.9,0.0,0.5
John Kuhn,FA,NOR,RB,,Oak,Sun 1:00,0/0,0.0,0.0,0.0,0.5,1.6,0.0,0.1,1.1,0.0,0.5
James Develin,FA,NWE,RB,,@Ari,Sun 8:30,0/0,0.0,0.0,0.0,0.5,1.5,0.0,0.3,1.9,0.0,0.5
Anthony Sherman,FA,KAN,RB,,SD,Sun 1:00,0/0,0.0,0.0,0.0,0.0,0.0,0.0,0.5,3.6,0.0,0.5
Kenyan Drake,FA,MIA,RB,,@Sea,Sun 4:05,0/0,0.0,0.0,0.0,0.6,1.9,0.0,0.3,1.8,0.0,0.5
Aaron Ripkowski,FA,GNB,RB,,@Jax,Sun 1:00,0/0,0.0,0.0,0.0,0.3,0.8,0.0,0.3,2.0,0.0,0.5
Taiwan Jones,FA,OAK,RB,,@NO,Sun 1:00,0/0,0.0,0.0,0.0,0.2,1.0,0.0,0.3,2.3,0.0,0.5
Cory Harkey,FA,LAR,RB,,@SF,Mon 10:20,0/0,0.0,0.0,0.0,0.0,0.0,0.0,0.4,3.5,0.0,0.4
Michael Burton,FA,DET,RB,,@Ind,Sun 4:25,0/0,0.0,0.0,0.0,0.1,0.4,0.0,0.3,2.3,0.0,0.4
Jhurell Pressley,FA,GNB,RB,,@Jax,Sun 1:00,0/0,0.0,0.0,0.0,0.8,2.9,0.0,0.0,0.0,0.0,0.4
Daryl Richardson,FA,PIT,RB,,@Wsh,Mon 7:10,0/0,0.0,0.0,0.0,0.7,2.9,0.0,0.0,0.0,0.0,0.4
D.J. Foster,FA,NWE,RB,,@Ari,Sun 8:30,0/0,0.0,0.0,0.0,0.2,0.9,0.0,0.3,1.9,0.0,0.3
Denard Robinson,FA,JAC,RB,,GB,Sun 1:00,0/0,0.0,0.0,0.0,0.4,1.7,0.0,0.1,0.9,0.0,0.3
Jonathan Williams,FA,BUF,RB,,@Bal,Sun 1:00,0/0,0.0,0.0,0.0,0.6,2.1,0.0,0.0,0.0,0.0,0.3
Malcolm Johnson,FA,CLE,RB,,@Phi,Sun 1:00,0/0,0.0,0.0,0.0,0.1,0.4,0.0,0.2,1.8,0.0,0.3
Jalston Fowler,FA,TEN,RB,,Min,Sun 1:00,0/0,0.0,0.0,0.0,0.1,0.5,0.0,0.2,1.6,0.0,0.3
Damien Williams,FA,MIA,RB,,@Sea,Sun 4:05,0/0,0.0,0.0,0.0,0.2,0.6,0.0,0.3,1.8,0.0,0.3
Daniel Lasco,FA,NOR,RB,,Oak,Sun 1:00,0/0,0.0,0.0,0.0,0.3,1.0,0.0,0.2,1.1,0.0,0.3
Marcus Murphy,FA,NOR,RB,,Oak,Sun 1:00,0/0,0.0,0.0,0.0,0.0,0.0,0.0,0.0,0.0,0.0,0.2
DuJuan Harris,FA,SFO,RB,,LA,Mon 10:20,0/0,0.0,0.0,0.0,0.0,0.0,0.0,0.2,1.8,0.0,0.2
Andre Williams,FA,SDG,RB,,@KC,Sun 1:00,0/0,0.0,0.0,0.0,0.4,1.7,0.0,0.0,0.0,0.0,0.2
Corey Grant,FA,JAC,RB,,GB,Sun 1:00,0/0,0.0,0.0,0.0,0.2,0.9,0.0,0.0,0.0,0.0,0.2
Stepfan Taylor,FA,ARI,RB,,NE,Sun 8:30,0/0,0.0,0.0,0.0,0.1,0.4,0.0,0.1,1.0,0.0,0.2
Jay Prosch,FA,HOU,RB,,Chi,Sun 1:00,0/0,0.0,0.0,0.0,0.3,1.0,0.0,0.0,0.0,0.0,0.2
Chase Reynolds,FA,LAR,RB,,@SF,Mon 10:20,0/0,0.0,0.0,0.0,0.3,1.1,0.0,0.0,0.0,0.0,0.2
Roosevelt Nix,FA,PIT,RB,,@Wsh,Mon 7:10,0/0,0.0,0.0,0.0,0.0,0.0,0.0,0.1,1.1,0.0,0.2
Darius Jackson,FA,DAL,RB,,NYG,Sun 4:25,0/0,0.0,0.0,0.0,0.3,1.1,0.0,0.0,0.0,0.0,0.1
Derek Watt,FA,SDG,RB,,@KC,Sun 1:00,0/0,0.0,0.0,0.0,0.0,0.0,0.0,0.1,1.0,0.0,0.1
Bobby Rainey,FA,NYG,RB,,@Dal,Sun 4:25,0/0,0.0,0.0,0.0,0.1,0.5,0.0,0.0,0.0,0.0,0.1
Andy Janovich,FA,DEN,RB,,Car,Thu 8:30,0/0,0.0,0.0,0.0,0.1,0.4,0.0,0.0,0.0,0.0,0.1
Steven Jackson,FA,NWE,RB,,@Ari,Sun 8:30,0/0,0.0,0.0,0.0,0.0,0.0,0.0,0.0,0.0,0.0,0.0
Fred Jackson,FA,SEA,RB,,Mia,Sun 4:05,0/0,0.0,0.0,0.0,0.0,0.0,0.0,0.0,0.0,0.0,0.0
Marshawn Lynch,FA,SEA,RB,,Mia,Sun 4:05,0/0,0.0,0.0,0.0,0.0,0.0,0.0,0.0,0.0,0.0,0.0
Ahmad Bradshaw,FA,IND,RB,,Det,Sun 4:25,0/0,0.0,0.0,0.0,0.0,0.0,0.0,0.0,0.0,0.0,0.0
Pierre Thomas,FA,WAS,RB,,Pit,Mon 7:10,0/0,0.0,0.0,0.0,0.0,0.0,0.0,0.0,0.0,0.0,0.0
Darren McFadden*,FA,DAL,RB,,NYG,Sun 4:25,0/0,0.0,0.0,0.0,0.0,0.0,0.0,0.0,0.0,0.0,0.0
Ray Rice,FA,FA,RB,,** BYE **,0/0,0,0.0,0.0,0.0,0.0,0.0,0.0,0.0,0.0,,
Jamaal Charles,LOS,KAN,RB,,SD,Sun 1:00,0/0,0.0,0.0,0.0,0.0,0.0,0.0,0.0,0.0,0.0,0.0
Jerome Felton,FA,BUF,RB,,@Bal,Sun 1:00,0/0,0.0,0.0,0.0,0.0,0.0,0.0,0.0,0.0,0.0,0.0
Marcel Reece,FA,OAK,RB,,@NO,Sun 1:00,0/0,0.0,0.0,0.0,0.0,0.0,0.0,0.0,0.0,0.0,0.0
Donald Brown,FA,NWE,RB,,@Ari,Sun 8:30,0/0,0.0,0.0,0.0,0.0,0.0,0.0,0.0,0.0,0.0,0.0
Jorvorskie Lane,FA,TAM,RB,,@Atl,Sun 1:00,0/0,0.0,0.0,0.0,0.0,0.0,0.0,0.0,0.0,0.0,0.0
Knowshon Moreno,FA,FA,RB,,** BYE **,0/0,0,0.0,0.0,0.0,0.0,0.0,0.0,0.0,0.0,,
Cedric Peerman*,FA,CIN,RB,,@NYJ,Sun 1:00,0/0,0.0,0.0,0.0,0.0,0.0,0.0,0.0,0.0,0.0,0.0
Marcus Thigpen,FA,BUF,RB,,@Bal,Sun 1:00,0/0,0.0,0.0,0.0,0.0,0.0,0.0,0.0,0.0,0.0,0.0
Darrel Young,FA,CHI,RB,,@Hou,Sun 1:00,0/0,0.0,0.0,0.0,0.0,0.0,0.0,0.0,0.0,0.0,0.0
Antone Smith,FA,NYJ,RB,,Cin,Sun 1:00,0/0,0.0,0.0,0.0,0.0,0.0,0.0,0.0,0.0,0.0,0.0
Dexter McCluster,FA,TEN,RB,,Min,Sun 1:00,0/0,0.0,0.0,0.0,0.0,0.0,0.0,0.0,0.0,0.0,0.0
Ben Tate,FA,PIT,RB,,@Wsh,Mon 7:10,0/0,0.0,0.0,0.0,0.0,0.0,0.0,0.0,0.0,0.0,0.0
Toby Gerhart,FA,JAC,RB,,GB,Sun 1:00,0/0,0.0,0.0,0.0,0.0,0.0,0.0,0.0,0.0,0.0,0.0
Boobie Dixon,FA,BUF,RB,,@Bal,Sun 1:00,0/0,0.0,0.0,0.0,0.0,0.0,0.0,0.0,0.0,0.0,0.0
Joique Bell,FA,DET,RB,,@Ind,Sun 4:25,0/0,0.0,0.0,0.0,0.0,0.0,0.0,0.0,0.0,0.0,0.0
Tyler Clutts,FA,DAL,RB,,NYG,Sun 4:25,0/0,0.0,0.0,0.0,0.0,0.0,0.0,0.0,0.0,0.0,0.0
Stevan Ridley,FA,IND,RB,,Det,Sun 4:25,0/0,0.0,0.0,0.0,0.0,0.0,0.0,0.0,0.0,0.0,0.0
Ryan Williams,FA,DAL,RB,,NYG,Sun 4:25,0/0,0.0,0.0,0.0,0.0,0.0,0.0,0.0,0.0,0.0,0.0
Daniel Thomas,FA,MIA,RB,,@Sea,Sun 4:05,0/0,0.0,0.0,0.0,0.0,0.0,0.0,0.0,0.0,0.0,0.0
Kendall Hunter,FA,NOR,RB,,Oak,Sun 1:00,0/0,0.0,0.0,0.0,0.0,0.0,0.0,0.0,0.0,0.0,0.0
Roy Helu Jr.*,FA,OAK,RB,,@NO,Sun 1:00,0/0,0.0,0.0,0.0,0.0,0.0,0.0,0.0,0.0,0.0,0.0
Jacquizz Rodgers,FA,CHI,RB,,@Hou,Sun 1:00,0/0,0.0,0.0,0.0,0.0,0.0,0.0,0.0,0.0,0.0,0.0
Dion Lewis*,FA,NWE,RB,,@Ari,Sun 8:30,0/0,0.0,0.0,0.0,0.0,0.0,0.0,0.0,0.0,0.0,0.0
Will Johnson*,FA,NYG,RB,,@Dal,Sun 4:25,0/0,0.0,0.0,0.0,0.0,0.0,0.0,0.0,0.0,0.0,0.0
Trent Richardson,FA,BAL,RB,,Buf,Sun 1:00,0/0,0.0,0.0,0.0,0.0,0.0,0.0,0.0,0.0,0.0,0.0
Chris Polk,FA,HOU,RB,,Chi,Sun 1:00,0/0,0.0,0.0,0.0,0.0,0.0,0.0,0.0,0.0,0.0,0.0
LaMike James,FA,MIA,RB,,@Sea,Sun 4:05,0/0,0.0,0.0,0.0,0.0,0.0,0.0,0.0,0.0,0.0,0.0
Bernard Pierce,FA,NYJ,RB,,Cin,Sun 1:00,0/0,0.0,0.0,0.0,0.0,0.0,0.0,0.0,0.0,0.0,0.0
Ronnie Hillman,FA,DEN,RB,,Car,Thu 8:30,0/0,0.0,0.0,0.0,0.0,0.0,0.0,0.0,0.0,0.0,0.0
Cyrus Gray,FA,ATL,RB,,TB,Sun 1:00,0/0,0.0,0.0,0.0,0.0,0.0,0.0,0.0,0.0,0.0,0.0
Vick Ballard,FA,NOR,RB,,Oak,Sun 1:00,0/0,0.0,0.0,0.0,0.0,0.0,0.0,0.0,0.0,0.0,0.0
Daniel Herron,FA,BUF,RB,,@Bal,Sun 1:00,0/0,0.0,0.0,0.0,0.0,0.0,0.0,0.0,0.0,0.0,0.0
Bryce Brown,FA,SEA,RB,,Mia,Sun 4:05,0/0,0.0,0.0,0.0,0.0,0.0,0.0,0.0,0.0,0.0,0.0
Joe Banyard,FA,JAC,RB,,GB,Sun 1:00,0/0,0.0,0.0,0.0,0.0,0.0,0.0,0.0,0.0,0.0,0.0
Derrick Coleman,FA,SEA,RB,,Mia,Sun 4:05,0/0,0.0,0.0,0.0,0.0,0.0,0.0,0.0,0.0,0.0,0.0
Jonas Gray,FA,JAC,RB,,GB,Sun 1:00,0/0,0.0,0.0,0.0,0.0,0.0,0.0,0.0,0.0,0.0,0.0
Travaris Cadet,FA,NOR,RB,,Oak,Sun 1:00,0/0,0.0,0.0,0.0,0.0,0.0,0.0,0.0,0.0,0.0,0.0
Montee Ball,FA,FA,RB,,** BYE **,0/0,0,0.0,0.0,0.0,0.0,0.0,0.0,0.0,0.0,,
Le'Veon Bell,WA (Sat),PIT,RB,,@Wsh,Mon 7:10,0/0,0.0,0.0,0.0,0.0,0.0,0.0,0.0,0.0,0.0,0.0
Mike James,FA,TAM,RB,,@Atl,Sun 1:00,0/0,0.0,0.0,0.0,0.0,0.0,0.0,0.0,0.0,0.0,0.0
Tommy Bohanon,FA,NYJ,RB,,Cin,Sun 1:00,0/0,0.0,0.0,0.0,0.0,0.0,0.0,0.0,0.0,0.0,0.0
Zac Stacy,FA,NYJ,RB,,Cin,Sun 1:00,0/0,0.0,0.0,0.0,0.0,0.0,0.0,0.0,0.0,0.0,0.0
Joseph Randle,FA,FA,RB,,** BYE **,0/0,0,0.0,0.0,0.0,0.0,0.0,0.0,0.0,0.0,,
Kerwynn Williams,FA,ARI,RB,,NE,Sun 8:30,0/0,0.0,0.0,0.0,0.0,0.0,0.0,0.0,0.0,0.0,0.0
Kendall Gaskins,FA,SFO,RB,,LA,Mon 10:20,0/0,0.0,0.0,0.0,0.0,0.0,0.0,0.0,0.0,0.0,0.0
Steven Miller,FA,DET,RB,,@Ind,Sun 4:25,0/0,0.0,0.0,0.0,0.0,0.0,0.0,0.0,0.0,0.0,0.0
George Winn,FA,DET,RB,,@Ind,Sun 4:25,0/0,0.0,0.0,0.0,0.0,0.0,0.0,0.0,0.0,0.0,0.0
Khiry Robinson,FA,NYJ,RB,,Cin,Sun 1:00,0/0,0.0,0.0,0.0,0.0,0.0,0.0,0.0,0.0,0.0,0.0
Dri Archer,FA,BUF,RB,,@Bal,Sun 1:00,0/0,0.0,0.0,0.0,0.0,0.0,0.0,0.0,0.0,0.0,0.0
Tre Mason*,FA,LAR,RB,,@SF,Mon 10:20,0/0,0.0,0.0,0.0,0.0,0.0,0.0,0.0,0.0,0.0,0.0
Bishop Sankey,FA,TEN,RB,,Min,Sun 1:00,0/0,0.0,0.0,0.0,0.0,0.0,0.0,0.0,0.0,0.0,0.0
Tyler Gaffney*,FA,NWE,RB,,@Ari,Sun 8:30,0/0,0.0,0.0,0.0,0.0,0.0,0.0,0.0,0.0,0.0,0.0
Storm Johnson,FA,TAM,RB,,@Atl,Sun 1:00,0/0,0.0,0.0,0.0,0.0,0.0,0.0,0.0,0.0,0.0,0.0
Lache Seastrunk,FA,NYJ,RB,,Cin,Sun 1:00,0/0,0.0,0.0,0.0,0.0,0.0,0.0,0.0,0.0,0.0,0.0
Lorenzo Taliaferro*,FA,BAL,RB,,Buf,Sun 1:00,0/0,0.0,0.0,0.0,0.0,0.0,0.0,0.0,0.0,0.0,0.0
Marion Grice,FA,ARI,RB,,NE,Sun 8:30,0/0,0.0,0.0,0.0,0.0,0.0,0.0,0.0,0.0,0.0,0.0
Juwan Thompson,FA,DEN,RB,,Car,Thu 8:30,0/0,0.0,0.0,0.0,0.0,0.0,0.0,0.0,0.0,0.0,0.0
Branden Oliver*,FA,SDG,RB,,@KC,Sun 1:00,0/0,0.0,0.0,0.0,0.0,0.0,0.0,0.0,0.0,0.0,0.0
Darrin Reaves,FA,KAN,RB,,SD,Sun 1:00,0/0,0.0,0.0,0.0,0.0,0.0,0.0,0.0,0.0,0.0,0.0
Silas Redd,FA,WAS,RB,,Pit,Mon 7:10,0/0,0.0,0.0,0.0,0.0,0.0,0.0,0.0,0.0,0.0,0.0
Trey Watts,FA,LAR,RB,,@SF,Mon 10:20,0/0,0.0,0.0,0.0,0.0,0.0,0.0,0.0,0.0,0.0,0.0
Austin Johnson,FA,NOR,RB,,Oak,Sun 1:00,0/0,0.0,0.0,0.0,0.0,0.0,0.0,0.0,0.0,0.0,0.0
Senorise Perry,FA,CHI,RB,,@Hou,Sun 1:00,0/0,0.0,0.0,0.0,0.0,0.0,0.0,0.0,0.0,0.0,0.0
Glenn Winston*,FA,CLE,RB,,@Phi,Sun 1:00,0/0,0.0,0.0,0.0,0.0,0.0,0.0,0.0,0.0,0.0,0.0
Joey Iosefa,FA,NWE,RB,,@Ari,Sun 8:30,0/0,0.0,0.0,0.0,0.0,0.0,0.0,0.0,0.0,0.0,0.0
David Cobb,FA,TEN,RB,,Min,Sun 1:00,0/0,0.0,0.0,0.0,0.0,0.0,0.0,0.0,0.0,0.0,0.0
Karlos Williams,FA,BUF,RB,,@Bal,Sun 1:00,0/0,0.0,0.0,0.0,0.0,0.0,0.0,0.0,0.0,0.0,0.0
Kenny Hilliard,FA,HOU,RB,,Chi,Sun 1:00,0/0,0.0,0.0,0.0,0.0,0.0,0.0,0.0,0.0,0.0,0.0
Josh Robinson,FA,IND,RB,,Det,Sun 4:25,0/0,0.0,0.0,0.0,0.0,0.0,0.0,0.0,0.0,0.0,0.0
Tyler Varga,FA,IND,RB,,Det,Sun 4:25,0/0,0.0,0.0,0.0,0.0,0.0,0.0,0.0,0.0,0.0,0.0
Michael Dyer,FA,OAK,RB,,@NO,Sun 1:00,0/0,0.0,0.0,0.0,0.0,0.0,0.0,0.0,0.0,0.0,0.0
John Crockett*,FA,GNB,RB,,@Jax,Sun 1:00,0/0,0.0,0.0,0.0,0.0,0.0,0.0,0.0,0.0,0.0,0.0
Terrence Magee,FA,LAR,RB,,@SF,Mon 10:20,0/0,0.0,0.0,0.0,0.0,0.0,0.0,0.0,0.0,0.0,0.0
Gus Johnson,FA,SDG,RB,,@KC,Sun 1:00,0/0,0.0,0.0,0.0,0.0,0.0,0.0,0.0,0.0,0.0,0.0
Jarryd Hayne,FA,SFO,RB,,LA,Mon 10:20,0/0,0.0,0.0,0.0,0.0,0.0,0.0,0.0,0.0,0.0,0.0
Brandon Wegher,FA,CAR,RB,,@Den,Thu 8:30,0/0,0.0,0.0,0.0,0.0,0.0,0.0,0.0,0.0,0.0,0.0
Alonzo Harris,FA,GNB,RB,,@Jax,Sun 1:00,0/0,0.0,0.0,0.0,0.0,0.0,0.0,0.0,0.0,0.0,0.0
Nikita Whitlock*,FA,NYG,RB,,@Dal,Sun 4:25,0/0,0.0,0.0,0.0,0.0,0.0,0.0,0.0,0.0,0.0,0.0
Raheem Mostert,FA,CLE,RB,,@Phi,Sun 1:00,0/0,0.0,0.0,0.0,0.0,0.0,0.0,0.0,0.0,0.0,0.0
Rod Smith,FA,DAL,RB,,NYG,Sun 4:25,0/0,0.0,0.0,0.0,0.0,0.0,0.0,0.0,0.0,0.0,0.0
Trey Williams,FA,IND,RB,,Det,Sun 4:25,0/0,0.0,0.0,0.0,0.0,0.0,0.0,0.0,0.0,0.0,0.0
Akeem Hunt,FA,HOU,RB,,Chi,Sun 1:00,0/0,0.0,0.0,0.0,0.0,0.0,0.0,0.0,0.0,0.0,0.0
Kenneth Dixon*,WA (Fri),BAL,RB,,Buf,Sun 1:00,0/0,0.0,0.0,0.0,0.0,0.0,0.0,0.0,0.0,0.0,0.0
Kelvin Taylor,FA,SFO,RB,,LA,Mon 10:20,0/0,0.0,0.0,0.0,0.0,0.0,0.0,0.0,0.0,0.0,0.0
Keith Marshall*,FA,WAS,RB,,Pit,Mon 7:10,0/0,0.0,0.0,0.0,0.0,0.0,0.0,0.0,0.0,0.0,0.0
Zac Brooks,FA,SEA,RB,,Mia,Sun 4:05,0/0,0.0,0.0,0.0,0.0,0.0,0.0,0.0,0.0,0.0,0.0
Terrell Watson,FA,CLE,RB,,@Phi,Sun 1:00,0/0,0.0,0.0,0.0,0.0,0.0,0.0,0.0,0.0,0.0,0.0
Brandon Wilds,FA,ATL,RB,,TB,Sun 1:00,0/0,0.0,0.0,0.0,0.0,0.0,0.0,0.0,0.0,0.0,0.0
Byron Marshall,FA,PHI,RB,,Cle,Sun 1:00,0/0,0.0,0.0,0.0,0.0,0.0,0.0,0.0,0.0,0.0,0.0
James Wilder Jr.,FA,BUF,RB,,@Bal,Sun 1:00,0/0,0.0,0.0,0.0,0.0,0.0,0.0,0.0,0.0,0.0,0.0
Dreamius Smith,FA,SDG,RB,,@KC,Sun 1:00,0/0,0.0,0.0,0.0,0.0,0.0,0.0,0.0,0.0,0.0,0.0
Devon Johnson*,FA,CAR,RB,,@Den,Thu 8:30,0/0,0.0,0.0,0.0,0.0,0.0,0.0,0.0,0.0,0.0,0.0
Antonio Brown,NOG,PIT,WR,,@Wsh,Mon 7:10,0/0,0.0,0.0,0.0,0.2,1.5,0.0,8.8,118.4,0.6,15.8
Julio Jones,SCOT,ATL,WR,,TB,Sun 1:00,0/0,0.0,0.0,0.0,0.0,0.0,0.0,7.7,109.5,0.5,13.9
Odell Beckham Jr.,SLIV,NYG,WR,,@Dal,Sun 4:25,0/0,0.0,0.0,0.0,0.0,0.0,0.0,6.7,100.8,0.6,13.6
DeAndre Hopkins,FUNK,HOU,WR,,Chi,Sun 1:00,0/0,0.0,0.0,0.0,0.0,0.0,0.0,6.0,87.4,0.5,11.7
Allen Robinson,50%,JAC,WR,,GB,Sun 1:00,0/0,0.0,0.0,0.0,0.0,0.0,0.0,5.3,82.6,0.5,11.2
Amari Cooper,50%,OAK,WR,,@NO,Sun 1:00,0/0,0.0,0.0,0.0,0.2,1.5,0.0,5.6,79.2,0.5,11.1
Dez Bryant,BKN,DAL,WR,,NYG,Sun 4:25,0/0,0.0,0.0,0.0,0.0,0.0,0.0,5.1,72.2,0.6,10.8
A.J. Green,LOS,CIN,WR,,@NYJ,Sun 1:00,0/0,0.0,0.0,0.0,0.0,0.0,0.0,5.5,78.1,0.5,10.8
Sammy Watkins,APE,BUF,WR,,@Bal,Sun 1:00,0/0,0.0,0.0,0.0,0.1,0.9,0.0,4.6,73.2,0.5,10.5
Mike Evans,APE,TAM,WR,,@Atl,Sun 1:00,0/0,0.0,0.0,0.0,0.0,0.0,0.0,5.1,76.7,0.5,10.5
T.Y. Hilton,LOS,IND,WR,,Det,Sun 4:25,0/0,0.0,0.0,0.0,0.1,0.8,0.0,4.7,74.8,0.5,10.4
Jordy Nelson,APE,GNB,WR,,@Jax,Sun 1:00,0/0,0.0,0.0,0.0,0.0,0.0,0.0,4.7,72.5,0.5,10.2
Brandon Marshall,SCOT,NYJ,WR,,Cin,Sun 1:00,0/0,0.0,0.0,0.0,0.0,0.0,0.0,6.0,72.5,0.5,10.2
Randall Cobb,SLIV,GNB,WR,,@Jax,Sun 1:00,0/0,0.0,0.0,0.0,1.0,4.5,0.0,5.3,64.6,0.5,9.9
Alshon Jeffery,50%,CHI,WR,,@Hou,Sun 1:00,0/0,0.0,0.0,0.0,0.0,0.0,0.0,5.6,75.2,0.4,9.9
Keenan Allen,BKN,SDG,WR,,@KC,Sun 1:00,0/0,0.0,0.0,0.0,0.0,0.0,0.0,6.9,75.7,0.3,9.7
Brandin Cooks,SCOT,NOR,WR,,Oak,Sun 1:00,0/0,0.0,0.0,0.0,0.5,3.1,0.0,5.4,65.0,0.4,9.6
Eric Decker,NOG,NYJ,WR,,Cin,Sun 1:00,0/0,0.0,0.0,0.0,0.0,0.0,0.0,5.3,64.8,0.5,9.4
Golden Tate,APE,DET,WR,,@Ind,Sun 4:25,0/0,0.0,0.0,0.0,0.4,2.9,0.0,5.6,68.7,0.3,9.4
Donte Moncrief,BKN,IND,WR,,Det,Sun 4:25,0/0,0.0,0.0,0.0,0.0,0.0,0.0,4.8,61.0,0.5,9.3
Marvin Jones,BKN,DET,WR,,@Ind,Sun 4:25,0/0,0.0,0.0,0.0,0.0,0.0,0.0,4.7,68.7,0.4,9.2
Larry Fitzgerald,NOG,ARI,WR,,NE,Sun 8:30,0/0,0.0,0.0,0.0,0.0,0.0,0.0,5.7,64.9,0.5,9.2
DeSean Jackson,LOS,WAS,WR,,Pit,Mon 7:10,0/0,0.0,0.0,0.0,0.0,0.0,0.0,3.9,70.3,0.3,9.1
Michael Crabtree,SLIV,OAK,WR,,@NO,Sun 1:00,0/0,0.0,0.0,0.0,0.0,0.0,0.0,4.9,61.1,0.5,9.1
John Brown,APE,ARI,WR,,NE,Sun 8:30,0/0,0.0,0.0,0.0,0.2,1.5,0.0,4.4,65.7,0.4,9.1
Michael Floyd,SLIV,ARI,WR,,NE,Sun 8:30,0/0,0.0,0.0,0.0,0.0,0.0,0.0,4.1,64.5,0.4,9.1
Doug Baldwin,FUNK,SEA,WR,,Mia,Sun 4:05,0/0,0.0,0.0,0.0,0.0,0.0,0.0,4.5,60.9,0.5,9.1
Jeremy Maclin,LOS,KAN,WR,,SD,Sun 1:00,0/0,0.0,0.0,0.0,0.3,1.7,0.0,4.8,67.8,0.3,9.0
Demaryius Thomas,NOG,DEN,WR,,Car,Thu 8:30,0/0,0.0,0.0,0.0,0.0,0.0,0.0,5.4,63.3,0.4,8.7
Jarvis Landry,SLIV,MIA,WR,,@Sea,Sun 4:05,0/0,0.0,0.0,0.0,0.8,2.8,0.0,7.2,65.2,0.3,8.6
Jordan Matthews,FUNK,PHI,WR,,Cle,Sun 1:00,0/0,0.0,0.0,0.0,0.0,0.0,0.0,4.6,60.1,0.4,8.2
Tyler Lockett,NOG,SEA,WR,,Mia,Sun 4:05,0/0,0.0,0.0,0.0,0.3,2.0,0.0,3.3,50.4,0.4,8.1
Emmanuel Sanders,FUNK,DEN,WR,,Car,Thu 8:30,0/0,0.0,0.0,0.0,0.3,1.6,0.0,4.8,61.4,0.3,8.0
Tavon Austin,FA,LAR,WR,,@SF,Mon 10:20,0/0,0.0,0.0,0.0,3.2,16.5,0.1,4.2,44.2,0.2,7.9
Julian Edelman,FA,NWE,WR,,@Ari,Sun 8:30,0/0,0.0,0.0,0.0,0.5,2.9,0.0,5.2,54.8,0.3,7.8
Sterling Shepard,NOG,NYG,WR,,@Dal,Sun 4:25,0/0,0.0,0.0,0.0,0.0,0.0,0.0,4.5,56.9,0.3,7.6
Pierre Garcon,FA,WAS,WR,,Pit,Mon 7:10,0/0,0.0,0.0,0.0,0.0,0.0,0.0,4.4,53.1,0.4,7.6
Torrey Smith,LOS,SFO,WR,,LA,Mon 10:20,0/0,0.0,0.0,0.0,0.0,0.0,0.0,3.4,56.5,0.3,7.4
Corey Coleman,FA,CLE,WR,,@Phi,Sun 1:00,0/0,0.0,0.0,0.0,0.2,1.5,0.0,4.4,55.6,0.2,7.3
Stefon Diggs,SCOT,MIN,WR,,@Ten,Sun 1:00,0/0,0.0,0.0,0.0,0.3,1.8,0.0,4.2,55.0,0.3,7.3
Michael Thomas,FA,NOR,WR,,Oak,Sun 1:00,0/0,0.0,0.0,0.0,0.0,0.0,0.0,3.6,47.5,0.4,7.1
Mohamed Sanu,FA,ATL,WR,,TB,Sun 1:00,0/0,0.0,0.0,0.0,0.4,2.4,0.0,4.0,48.2,0.3,7.0
Willie Snead,APE,NOR,WR,,Oak,Sun 1:00,0/0,0.0,0.0,0.0,0.0,0.0,0.0,4.2,53.0,0.3,7.0
Vincent Jackson,FA,TAM,WR,,@Atl,Sun 1:00,0/0,0.0,0.0,0.0,0.0,0.0,0.0,3.3,51.5,0.3,7.0
Will Fuller,FA,HOU,WR,,Chi,Sun 1:00,0/0,0.0,0.0,0.0,0.1,0.9,0.0,3.1,49.3,0.3,7.0
Markus Wheaton,FA,PIT,WR,,@Wsh,Mon 7:10,0/0,0.0,0.0,0.0,0.0,0.0,0.0,3.6,49.9,0.3,6.7
Steve Smith Sr.,FA,BAL,WR,,Buf,Sun 1:00,0/0,0.0,0.0,0.0,0.0,0.0,0.0,3.7,50.2,0.3,6.7
Allen Hurns,50%,JAC,WR,,GB,Sun 1:00,0/0,0.0,0.0,0.0,0.0,0.0,0.0,3.5,47.9,0.3,6.6
Kelvin Benjamin,SCOT,CAR,WR,,@Den,Thu 8:30,0/0,0.0,0.0,0.0,0.0,0.0,0.0,3.5,42.7,0.4,6.6
Travis Benjamin,FA,SDG,WR,,@KC,Sun 1:00,0/0,0.0,0.0,0.0,0.0,0.0,0.0,3.4,49.1,0.2,6.4
Kevin White,FA,CHI,WR,,@Hou,Sun 1:00,0/0,0.0,0.0,0.0,0.0,0.0,0.0,3.7,49.6,0.2,6.4
Kenny Stills,FA,MIA,WR,,@Sea,Sun 4:05,0/0,0.0,0.0,0.0,0.0,0.0,0.0,3.8,52.2,0.2,6.4
Phillip Dorsett,FA,IND,WR,,Det,Sun 4:25,0/0,0.0,0.0,0.0,0.4,2.3,0.0,3.1,40.8,0.3,6.4
Kenny Britt,FA,LAR,WR,,@SF,Mon 10:20,0/0,0.0,0.0,0.0,0.0,0.0,0.0,2.9,50.3,0.2,6.4
Terrelle Pryor,FA,CLE,WR,,@Phi,Sun 1:00,0/0,0.0,0.0,0.0,0.2,1.5,0.0,3.3,46.3,0.3,6.3
Mike Wallace,FA,BAL,WR,,Buf,Sun 1:00,0/0,0.0,0.0,0.0,0.1,0.8,0.0,3.4,42.7,0.3,6.3
Anquan Boldin,FA,DET,WR,,@Ind,Sun 4:25,0/0,0.0,0.0,0.0,0.0,0.0,0.0,3.4,46.7,0.2,6.1
Terrance Williams,FA,DAL,WR,,NYG,Sun 4:25,0/0,0.0,0.0,0.0,0.0,0.0,0.0,2.6,42.2,0.3,6.0
Chris Conley,FA,KAN,WR,,SD,Sun 1:00,0/0,0.0,0.0,0.0,0.0,0.0,0.0,3.5,41.3,0.3,5.8
Devin Funchess,FA,CAR,WR,,@Den,Thu 8:30,0/0,0.0,0.0,0.0,0.0,0.0,0.0,3.1,38.5,0.3,5.7
Eli Rogers,FA,PIT,WR,,@Wsh,Mon 7:10,0/0,0.0,0.0,0.0,0.0,0.0,0.0,3.9,42.8,0.2,5.7
Chris Hogan,FA,NWE,WR,,@Ari,Sun 8:30,0/0,0.0,0.0,0.0,0.1,0.7,0.0,3.4,37.6,0.3,5.4
Kamar Aiken,FA,BAL,WR,,Buf,Sun 1:00,0/0,0.0,0.0,0.0,0.0,0.0,0.0,3.2,38.0,0.3,5.3
Tyler Boyd,FA,CIN,WR,,@NYJ,Sun 1:00,0/0,0.0,0.0,0.0,0.5,3.1,0.0,2.8,35.6,0.2,5.3
Tajae Sharpe,50%,TEN,WR,,Min,Sun 1:00,0/0,0.0,0.0,0.0,0.0,0.0,0.0,3.4,41.7,0.2,5.3
Jermaine Kearse,FA,SEA,WR,,Mia,Sun 4:05,0/0,0.0,0.0,0.0,0.0,0.0,0.0,2.2,32.6,0.3,5.2
Robert Woods,FA,BUF,WR,,@Bal,Sun 1:00,0/0,0.0,0.0,0.0,0.1,0.9,0.0,2.9,34.8,0.2,5.1
Jamison Crowder,FA,WAS,WR,,Pit,Mon 7:10,0/0,0.0,0.0,0.0,0.1,0.7,0.0,3.6,34.5,0.2,5.0
Rishard Matthews,FA,TEN,WR,,Min,Sun 1:00,0/0,0.0,0.0,0.0,0.0,0.0,0.0,3.1,38.4,0.2,4.9
Charles Johnson,FA,MIN,WR,,@Ten,Sun 1:00,0/0,0.0,0.0,0.0,0.0,0.0,0.0,2.5,37.4,0.2,4.9
Braxton Miller,FA,HOU,WR,,Chi,Sun 1:00,0/0,0.0,0.0,0.0,0.6,3.6,0.0,2.9,32.1,0.2,4.7
Ted Ginn Jr.,FA,CAR,WR,,@Den,Thu 8:30,0/0,0.0,0.0,0.0,0.3,1.7,0.0,2.3,31.5,0.2,4.6
Victor Cruz,FA,NYG,WR,,@Dal,Sun 4:25,0/0,0.0,0.0,0.0,0.0,0.0,0.0,2.4,34.1,0.2,4.6
Quinton Patton,FA,SFO,WR,,LA,Mon 10:20,0/0,0.0,0.0,0.0,0.0,0.0,0.0,3.1,34.3,0.2,4.6
Seth Roberts,FA,OAK,WR,,@NO,Sun 1:00,0/0,0.0,0.0,0.0,0.0,0.0,0.0,2.3,29.4,0.2,4.3
Brandon LaFell,FA,CIN,WR,,@NYJ,Sun 1:00,0/0,0.0,0.0,0.0,0.0,0.0,0.0,2.4,30.9,0.2,4.2
Davante Adams,FA,GNB,WR,,@Jax,Sun 1:00,0/0,0.0,0.0,0.0,0.0,0.0,0.0,2.3,27.2,0.2,4.1
Andrew Hawkins,FA,CLE,WR,,@Phi,Sun 1:00,0/0,0.0,0.0,0.0,0.1,0.8,0.0,2.8,31.8,0.1,4.0
Cole Beasley,FA,DAL,WR,,NYG,Sun 4:25,0/0,0.0,0.0,0.0,0.0,0.0,0.0,3.0,29.4,0.2,3.9
Andre Johnson,FA,TEN,WR,,Min,Sun 1:00,0/0,0.0,0.0,0.0,0.0,0.0,0.0,2.3,28.6,0.2,3.9
Tyrell Williams,FA,SDG,WR,,@KC,Sun 1:00,0/0,0.0,0.0,0.0,0.0,0.0,0.0,2.2,27.2,0.2,3.7
Dorial Green-Beckham,FA,PHI,WR,,Cle,Sun 1:00,0/0,0.0,0.0,0.0,0.0,0.0,0.0,1.6,25.6,0.2,3.6
Marqise Lee,FA,JAC,WR,,GB,Sun 1:00,0/0,0.0,0.0,0.0,0.4,2.8,0.0,2.1,22.6,0.2,3.6
Leonte Carroo,FA,MIA,WR,,@Sea,Sun 4:05,0/0,0.0,0.0,0.0,0.0,0.0,0.0,2.2,28.3,0.1,3.6
Quincy Enunwa,FA,NYJ,WR,,Cin,Sun 1:00,0/0,0.0,0.0,0.0,0.0,0.0,0.0,2.1,23.6,0.2,3.5
Jaelen Strong,FA,HOU,WR,,Chi,Sun 1:00,0/0,0.0,0.0,0.0,0.0,0.0,0.0,1.9,24.0,0.2,3.5
Albert Wilson,FA,KAN,WR,,SD,Sun 1:00,0/0,0.0,0.0,0.0,0.3,1.7,0.0,1.9,24.3,0.1,3.4
Rod Streater,FA,SFO,WR,,LA,Mon 10:20,0/0,0.0,0.0,0.0,0.0,0.0,0.0,1.9,25.7,0.1,3.3
Eddie Royal,FA,CHI,WR,,@Hou,Sun 1:00,0/0,0.0,0.0,0.0,0.1,0.8,0.0,2.4,23.2,0.1,3.2
Sammie Coates,FA,PIT,WR,,@Wsh,Mon 7:10,0/0,0.0,0.0,0.0,0.0,0.0,0.0,1.7,21.9,0.1,3.1
Nelson Agholor,FA,PHI,WR,,Cle,Sun 1:00,0/0,0.0,0.0,0.0,0.0,0.0,0.0,1.7,22.8,0.1,3.1
J.J. Nelson,FA,ARI,WR,,NE,Sun 8:30,0/0,0.0,0.0,0.0,0.1,0.7,0.0,1.2,21.8,0.1,3.1
Bradley Marquez,FA,LAR,WR,,@SF,Mon 10:20,0/0,0.0,0.0,0.0,0.0,0.0,0.0,2.0,23.2,0.1,2.9
Laquon Treadwell,FA,MIN,WR,,@Ten,Sun 1:00,0/0,0.0,0.0,0.0,0.0,0.0,0.0,1.5,21.8,0.1,2.8
Adam Humphries,FA,TAM,WR,,@Atl,Sun 1:00,0/0,0.0,0.0,0.0,0.0,0.0,0.0,1.9,17.6,0.1,2.7
Adam Thielen,FA,MIN,WR,,@Ten,Sun 1:00,0/0,0.0,0.0,0.0,0.1,0.9,0.0,1.4,18.5,0.1,2.6
Jeremy Kerley,FA,SFO,WR,,LA,Mon 10:20,0/0,0.0,0.0,0.0,0.0,0.0,0.0,1.7,19.3,0.1,2.5
Paul Richardson,FA,SEA,WR,,Mia,Sun 4:05,0/0,0.0,0.0,0.0,0.0,0.0,0.0,1.1,14.0,0.1,2.2
Brian Quick,FA,LAR,WR,,@SF,Mon 10:20,0/0,0.0,0.0,0.0,0.0,0.0,0.0,1.1,16.6,0.1,2.2
Harry Douglas,FA,TEN,WR,,Min,Sun 1:00,0/0,0.0,0.0,0.0,0.0,0.0,0.0,1.2,15.3,0.1,2.2
Jakeem Grant,FA,MIA,WR,,@Sea,Sun 4:05,0/0,0.0,0.0,0.0,0.0,0.0,0.0,1.3,15.0,0.1,2.1
Ryan Grant,FA,WAS,WR,,Pit,Mon 7:10,0/0,0.0,0.0,0.0,0.0,0.0,0.0,1.1,14.5,0.1,2.1
Jordan Norwood,FA,DEN,WR,,Car,Thu 8:30,0/0,0.0,0.0,0.0,0.0,0.0,0.0,1.2,14.2,0.1,2.1
Marquise Goodwin,FA,BUF,WR,,@Bal,Sun 1:00,0/0,0.0,0.0,0.0,0.0,0.0,0.0,0.9,15.0,0.1,2.1
Breshad Perriman,FA,BAL,WR,,Buf,Sun 1:00,0/0,0.0,0.0,0.0,0.0,0.0,0.0,1.0,14.3,0.1,2.0
Jared Abbrederis,FA,GNB,WR,,@Jax,Sun 1:00,0/0,0.0,0.0,0.0,0.0,0.0,0.0,1.0,12.9,0.1,2.0
Justin Hardy,FA,ATL,WR,,TB,Sun 1:00,0/0,0.0,0.0,0.0,0.0,0.0,0.0,1.4,14.0,0.1,2.0
Rashard Higgins,FA,CLE,WR,,@Phi,Sun 1:00,0/0,0.0,0.0,0.0,0.0,0.0,0.0,1.1,14.7,0.1,1.9
Rashad Greene,FA,JAC,WR,,GB,Sun 1:00,0/0,0.0,0.0,0.0,0.0,0.0,0.0,1.2,10.3,0.1,1.8
Malcolm Mitchell,FA,NWE,WR,,@Ari,Sun 8:30,0/0,0.0,0.0,0.0,0.0,0.0,0.0,1.1,13.5,0.1,1.8
Quan Bray,FA,IND,WR,,Det,Sun 4:25,0/0,0.0,0.0,0.0,0.0,0.0,0.0,0.8,10.7,0.1,1.8
Josh Huff,FA,PHI,WR,,Cle,Sun 1:00,0/0,0.0,0.0,0.0,0.0,0.0,0.0,1.0,11.2,0.1,1.7
Aaron Burbridge,FA,SFO,WR,,LA,Mon 10:20,0/0,0.0,0.0,0.0,0.0,0.0,0.0,1.0,12.7,0.1,1.6
Dontrelle Inman,FA,SDG,WR,,@KC,Sun 1:00,0/0,0.0,0.0,0.0,0.0,0.0,0.0,0.9,11.3,0.1,1.5
Lucky Whitehead,FA,DAL,WR,,NYG,Sun 4:25,0/0,0.0,0.0,0.0,1.1,4.7,0.0,0.4,4.9,0.0,1.5
Brice Butler,FA,DAL,WR,,NYG,Sun 4:25,0/0,0.0,0.0,0.0,0.0,0.0,0.0,0.8,9.9,0.1,1.5
Ty Montgomery,FA,GNB,WR,,@Jax,Sun 1:00,0/0,0.0,0.0,0.0,0.3,1.6,0.0,0.6,8.3,0.1,1.4
Corey Brown,FA,CAR,WR,,@Den,Thu 8:30,0/0,0.0,0.0,0.0,0.3,1.7,0.0,0.7,9.0,0.1,1.4
Tavarres King,FA,NYG,WR,,@Dal,Sun 4:25,0/0,0.0,0.0,0.0,0.0,0.0,0.0,0.7,9.1,0.1,1.3
Danny Amendola,FA,NWE,WR,,@Ari,Sun 8:30,0/0,0.0,0.0,0.0,0.1,0.7,0.0,0.6,7.9,0.0,1.2
Greg Salas,FA,BUF,WR,,@Bal,Sun 1:00,0/0,0.0,0.0,0.0,0.0,0.0,0.0,0.7,7.8,0.1,1.2
Cody Latimer,FA,DEN,WR,,Car,Thu 8:30,0/0,0.0,0.0,0.0,0.1,0.8,0.0,0.8,7.9,0.0,1.2
Chris Moore,FA,BAL,WR,,Buf,Sun 1:00,0/0,0.0,0.0,0.0,0.0,0.0,0.0,0.6,7.5,0.0,1.1
Cordarrelle Patterson,FA,MIN,WR,,@Ten,Sun 1:00,0/0,0.0,0.0,0.0,0.3,1.8,0.0,0.4,4.9,0.0,1.1
Justin Hunter,FA,MIA,WR,,@Sea,Sun 4:05,0/0,0.0,0.0,0.0,0.0,0.0,0.0,0.7,7.5,0.0,1.0
Andre Roberts,FA,DET,WR,,@Ind,Sun 4:25,0/0,0.0,0.0,0.0,0.0,0.0,0.0,0.5,6.4,0.0,1.0
Andre Holmes,FA,OAK,WR,,@NO,Sun 1:00,0/0,0.0,0.0,0.0,0.0,0.0,0.0,0.4,6.0,0.0,0.9
Darrius Heyward-Bey,FA,PIT,WR,,@Wsh,Mon 7:10,0/0,0.0,0.0,0.0,0.0,0.0,0.0,0.5,6.1,0.0,0.9
Jeff Janis,FA,GNB,WR,,@Jax,Sun 1:00,0/0,0.0,0.0,0.0,0.0,0.0,0.0,0.4,5.5,0.0,0.9
Taylor Gabriel,FA,ATL,WR,,TB,Sun 1:00,0/0,0.0,0.0,0.0,0.0,0.0,0.0,0.5,5.8,0.0,0.8
Trevor Davis,FA,GNB,WR,,@Jax,Sun 1:00,0/0,0.0,0.0,0.0,0.0,0.0,0.0,0.4,5.5,0.0,0.8
Aldrick Robinson,FA,ATL,WR,,TB,Sun 1:00,0/0,0.0,0.0,0.0,0.0,0.0,0.0,0.5,5.8,0.0,0.8
Dwayne Harris,FA,NYG,WR,,@Dal,Sun 4:25,0/0,0.0,0.0,0.0,0.1,0.8,0.0,0.2,3.0,0.0,0.7
Demarcus Robinson,FA,KAN,WR,,SD,Sun 1:00,0/0,0.0,0.0,0.0,0.0,0.0,0.0,0.4,5.0,0.0,0.7
Cecil Shorts III,FA,TAM,WR,,@Atl,Sun 1:00,0/0,0.0,0.0,0.0,0.0,0.0,0.0,0.4,4.9,0.0,0.7
Jarius Wright,FA,MIN,WR,,@Ten,Sun 1:00,0/0,0.0,0.0,0.0,0.0,0.0,0.0,0.4,4.9,0.0,0.6
De'Anthony Thomas,FA,KAN,WR,,SD,Sun 1:00,0/0,0.0,0.0,0.0,0.3,1.7,0.0,0.2,2.5,0.0,0.6
Rashad Ross,FA,WAS,WR,,Pit,Mon 7:10,0/0,0.0,0.0,0.0,0.0,0.0,0.0,0.2,2.9,0.0,0.5
Jalin Marshall,FA,NYJ,WR,,Cin,Sun 1:00,0/0,0.0,0.0,0.0,0.0,0.0,0.0,0.2,2.3,0.0,0.5
Ty Hill,FA,KAN,WR,,SD,Sun 1:00,0/0,0.0,0.0,0.0,0.0,0.0,0.0,0.2,2.5,0.0,0.5
Deonte Thompson,FA,CHI,WR,,@Hou,Sun 1:00,0/0,0.0,0.0,0.0,0.0,0.0,0.0,0.2,2.3,0.0,0.5
Walter Powell,FA,BUF,WR,,@Bal,Sun 1:00,0/0,0.0,0.0,0.0,0.0,0.0,0.0,0.2,3.1,0.0,0.4
Brandon Coleman,FA,NOR,WR,,Oak,Sun 1:00,0/0,0.0,0.0,0.0,0.0,0.0,0.0,0.2,3.1,0.0,0.4
Jaron Brown,FA,ARI,WR,,NE,Sun 8:30,0/0,0.0,0.0,0.0,0.0,0.0,0.0,0.2,2.8,0.0,0.4
Keith Mumphery,FA,HOU,WR,,Chi,Sun 1:00,0/0,0.0,0.0,0.0,0.0,0.0,0.0,0.2,2.6,0.0,0.4
Jordan Payton,FA,CLE,WR,,@Phi,Sun 1:00,0/0,0.0,0.0,0.0,0.0,0.0,0.0,0.2,2.5,0.0,0.3
Ricardo Louis,FA,CLE,WR,,@Phi,Sun 1:00,0/0,0.0,0.0,0.0,0.0,0.0,0.0,0.2,2.5,0.0,0.3
James Wright,FA,CIN,WR,,@NYJ,Sun 1:00,0/0,0.0,0.0,0.0,0.0,0.0,0.0,0.2,2.3,0.0,0.3
Joshua Bellamy,FA,CHI,WR,,@Hou,Sun 1:00,0/0,0.0,0.0,0.0,0.0,0.0,0.0,0.2,2.3,0.0,0.3
Cameron Meredith,FA,CHI,WR,,@Hou,Sun 1:00,0/0,0.0,0.0,0.0,0.0,0.0,0.0,0.2,2.3,0.0,0.3
Eric Weems,FA,ATL,WR,,TB,Sun 1:00,0/0,0.0,0.0,0.0,0.0,0.0,0.0,0.1,1.5,0.0,0.3
Alex Erickson,FA,CIN,WR,,@NYJ,Sun 1:00,0/0,0.0,0.0,0.0,0.0,0.0,0.0,0.1,1.1,0.0,0.3
Brenton Bersin,FA,CAR,WR,,@Den,Thu 8:30,0/0,0.0,0.0,0.0,0.0,0.0,0.0,0.2,2.0,0.0,0.3
Damiere Byrd,FA,CAR,WR,,@Den,Thu 8:30,0/0,0.0,0.0,0.0,0.0,0.0,0.0,0.2,2.0,0.0,0.3
Isaiah Burse,FA,SDG,WR,,@KC,Sun 1:00,0/0,0.0,0.0,0.0,0.0,0.0,0.0,0.1,1.4,0.0,0.2
Kendall Wright*,FA,TEN,WR,,Min,Sun 1:00,0/0,0.0,0.0,0.0,0.3,1.8,0.0,0.0,0.0,0.0,0.2
Roger Lewis,FA,NYG,WR,,@Dal,Sun 4:25,0/0,0.0,0.0,0.0,0.0,0.0,0.0,0.1,1.5,0.0,0.2
Russell Shepard,FA,TAM,WR,,@Atl,Sun 1:00,0/0,0.0,0.0,0.0,0.0,0.0,0.0,0.1,1.2,0.0,0.2
Devin Hester,FA,BAL,WR,,Buf,Sun 1:00,0/0,0.0,0.0,0.0,0.0,0.0,0.0,0.0,0.0,0.0,0.2
Bryan Walters,FA,JAC,WR,,GB,Sun 1:00,0/0,0.0,0.0,0.0,0.0,0.0,0.0,0.1,1.2,0.0,0.2
Cody Core,FA,CIN,WR,,@NYJ,Sun 1:00,0/0,0.0,0.0,0.0,0.0,0.0,0.0,0.1,1.1,0.0,0.2
Brandon Tate,FA,BUF,WR,,@Bal,Sun 1:00,0/0,0.0,0.0,0.0,0.0,0.0,0.0,0.0,0.0,0.0,0.1
Marc Mariani,FA,TEN,WR,,Min,Sun 1:00,0/0,0.0,0.0,0.0,0.0,0.0,0.0,0.0,0.0,0.0,0.1
Pharoh Cooper,FA,LAR,WR,,@SF,Mon 10:20,0/0,0.0,0.0,0.0,0.0,0.0,0.0,0.0,0.0,0.0,0.0
Michael Thomas,FA,LAR,WR,,@SF,Mon 10:20,0/0,0.0,0.0,0.0,0.0,0.0,0.0,0.0,0.0,0.0,0.0
Jerricho Cotchery,FA,CAR,WR,,@Den,Thu 8:30,0/0,0.0,0.0,0.0,0.0,0.0,0.0,0.0,0.0,0.0,0.0
Wes Welker,FA,LAR,WR,,@SF,Mon 10:20,0/0,0.0,0.0,0.0,0.0,0.0,0.0,0.0,0.0,0.0,0.0
Roddy White,FA,ATL,WR,,TB,Sun 1:00,0/0,0.0,0.0,0.0,0.0,0.0,0.0,0.0,0.0,0.0,0.0
Joshua Cribbs,FA,IND,WR,,Det,Sun 4:25,0/0,0.0,0.0,0.0,0.0,0.0,0.0,0.0,0.0,0.0,0.0
Nate Washington,FA,NWE,WR,,@Ari,Sun 8:30,0/0,0.0,0.0,0.0,0.0,0.0,0.0,0.0,0.0,0.0,0.0
Lance Moore,FA,ATL,WR,,TB,Sun 1:00,0/0,0.0,0.0,0.0,0.0,0.0,0.0,0.0,0.0,0.0,0.0
Greg Jennings,FA,MIA,WR,,@Sea,Sun 4:05,0/0,0.0,0.0,0.0,0.0,0.0,0.0,0.0,0.0,0.0,0.0
Derek Hagan,FA,TEN,WR,,Min,Sun 1:00,0/0,0.0,0.0,0.0,0.0,0.0,0.0,0.0,0.0,0.0,0.0
Jason Avant,FA,KAN,WR,,SD,Sun 1:00,0/0,0.0,0.0,0.0,0.0,0.0,0.0,0.0,0.0,0.0,0.0
Marques Colston,FA,NOR,WR,,Oak,Sun 1:00,0/0,0.0,0.0,0.0,0.0,0.0,0.0,0.0,0.0,0.0,0.0
Miles Austin,FA,PHI,WR,,Cle,Sun 1:00,0/0,0.0,0.0,0.0,0.0,0.0,0.0,0.0,0.0,0.0,0.0
Calvin Johnson,FA,DET,WR,,@Ind,Sun 4:25,0/0,0.0,0.0,0.0,0.0,0.0,0.0,0.0,0.0,0.0,0.0
Dwayne Bowe,FA,CLE,WR,,@Phi,Sun 1:00,0/0,0.0,0.0,0.0,0.0,0.0,0.0,0.0,0.0,0.0,0.0
Jacoby Jones,FA,PIT,WR,,@Wsh,Mon 7:10,0/0,0.0,0.0,0.0,0.0,0.0,0.0,0.0,0.0,0.0,0.0
James Jones,FA,SDG,WR,,@KC,Sun 1:00,0/0,0.0,0.0,0.0,0.0,0.0,0.0,0.0,0.0,0.0,0.0
Jerome Simpson,FA,SFO,WR,,LA,Mon 10:20,0/0,0.0,0.0,0.0,0.0,0.0,0.0,0.0,0.0,0.0,0.0
Andre Jerome Caldwell,FA,DET,WR,,@Ind,Sun 4:25,0/0,0.0,0.0,0.0,0.0,0.0,0.0,0.0,0.0,0.0,0.0
Matthew Slater,FA,NWE,WR,,@Ari,Sun 8:30,0/0,0.0,0.0,0.0,0.0,0.0,0.0,0.0,0.0,0.0,0.0
Stevie Johnson*,FA,SDG,WR,,@KC,Sun 1:00,0/0,0.0,0.0,0.0,0.0,0.0,0.0,0.0,0.0,0.0,0.0
Brandon Gibson,FA,NWE,WR,,@Ari,Sun 8:30,0/0,0.0,0.0,0.0,0.0,0.0,0.0,0.0,0.0,0.0,0.0
Brian Hartline,FA,CLE,WR,,@Phi,Sun 1:00,0/0,0.0,0.0,0.0,0.0,0.0,0.0,0.0,0.0,0.0,0.0
Percy Harvin,FA,BUF,WR,,@Bal,Sun 1:00,0/0,0.0,0.0,0.0,0.0,0.0,0.0,0.0,0.0,0.0,0.0
Louis Murphy*,FA,TAM,WR,,@Atl,Sun 1:00,0/0,0.0,0.0,0.0,0.0,0.0,0.0,0.0,0.0,0.0,0.0
Hakeem Nicks,FA,NOR,WR,,Oak,Sun 1:00,0/0,0.0,0.0,0.0,0.0,0.0,0.0,0.0,0.0,0.0,0.0
Kevin Ogletree,FA,NYG,WR,,@Dal,Sun 4:25,0/0,0.0,0.0,0.0,0.0,0.0,0.0,0.0,0.0,0.0,0.0
Arrelious Benn,FA,JAC,WR,,GB,Sun 1:00,0/0,0.0,0.0,0.0,0.0,0.0,0.0,0.0,0.0,0.0,0.0
Marcus Easley*,FA,BUF,WR,,@Bal,Sun 1:00,0/0,0.0,0.0,0.0,0.0,0.0,0.0,0.0,0.0,0.0,0.0
Riley Cooper,FA,PHI,WR,,Cle,Sun 1:00,0/0,0.0,0.0,0.0,0.0,0.0,0.0,0.0,0.0,0.0,0.0
Kyle Williams,FA,NYJ,WR,,Cin,Sun 1:00,0/0,0.0,0.0,0.0,0.0,0.0,0.0,0.0,0.0,0.0,0.0
Mike Williams,FA,KAN,WR,,SD,Sun 1:00,0/0,0.0,0.0,0.0,0.0,0.0,0.0,0.0,0.0,0.0,0.0
Seyi Ajirotutu,FA,PHI,WR,,Cle,Sun 1:00,0/0,0.0,0.0,0.0,0.0,0.0,0.0,0.0,0.0,0.0,0.0
Marlon Moore*,FA,CLE,WR,,@Phi,Sun 1:00,0/0,0.0,0.0,0.0,0.0,0.0,0.0,0.0,0.0,0.0,0.0
Preston Parker,FA,FA,WR,,** BYE **,0/0,0,0.0,0.0,0.0,0.0,0.0,0.0,0.0,0.0,,
Danario Alexander,FA,SDG,WR,,@KC,Sun 1:00,0/0,0.0,0.0,0.0,0.0,0.0,0.0,0.0,0.0,0.0,0.0
Leonard Hankerson,FA,BUF,WR,,@Bal,Sun 1:00,0/0,0.0,0.0,0.0,0.0,0.0,0.0,0.0,0.0,0.0,0.0
Greg Little,FA,BUF,WR,,@Bal,Sun 1:00,0/0,0.0,0.0,0.0,0.0,0.0,0.0,0.0,0.0,0.0,0.0
Vincent Brown,FA,NOR,WR,,Oak,Sun 1:00,0/0,0.0,0.0,0.0,0.0,0.0,0.0,0.0,0.0,0.0,0.0
Denarius Moore,FA,BUF,WR,,@Bal,Sun 1:00,0/0,0.0,0.0,0.0,0.0,0.0,0.0,0.0,0.0,0.0,0.0
Ricardo Lockette,FA,SEA,WR,,Mia,Sun 4:05,0/0,0.0,0.0,0.0,0.0,0.0,0.0,0.0,0.0,0.0,0.0
Joe Morgan,FA,BAL,WR,,Buf,Sun 1:00,0/0,0.0,0.0,0.0,0.0,0.0,0.0,0.0,0.0,0.0,0.0
Jeremy Ross,FA,NYJ,WR,,Cin,Sun 1:00,0/0,0.0,0.0,0.0,0.0,0.0,0.0,0.0,0.0,0.0,0.0
Justin Blackmon,FA,JAC,WR,,GB,Sun 1:00,0/0,0.0,0.0,0.0,0.0,0.0,0.0,0.0,0.0,0.0,0.0
Stephen Hill,FA,CAR,WR,,@Den,Thu 8:30,0/0,0.0,0.0,0.0,0.0,0.0,0.0,0.0,0.0,0.0,0.0
Rueben Randle,FA,PHI,WR,,Cle,Sun 1:00,0/0,0.0,0.0,0.0,0.0,0.0,0.0,0.0,0.0,0.0,0.0
Keshawn Martin,FA,NWE,WR,,@Ari,Sun 8:30,0/0,0.0,0.0,0.0,0.0,0.0,0.0,0.0,0.0,0.0,0.0
T.J. Graham,FA,PHI,WR,,Cle,Sun 1:00,0/0,0.0,0.0,0.0,0.0,0.0,0.0,0.0,0.0,0.0,0.0
Nick Toon,FA,LAR,WR,,@SF,Mon 10:20,0/0,0.0,0.0,0.0,0.0,0.0,0.0,0.0,0.0,0.0,0.0
DeVier Posey,FA,DEN,WR,,Car,Thu 8:30,0/0,0.0,0.0,0.0,0.0,0.0,0.0,0.0,0.0,0.0,0.0
LaVon Brazill,FA,IND,WR,,Det,Sun 4:25,0/0,0.0,0.0,0.0,0.0,0.0,0.0,0.0,0.0,0.0,0.0
Chris Givens,FA,PHI,WR,,Cle,Sun 1:00,0/0,0.0,0.0,0.0,0.0,0.0,0.0,0.0,0.0,0.0,0.0
Kashif Moore,FA,KAN,WR,,SD,Sun 1:00,0/0,0.0,0.0,0.0,0.0,0.0,0.0,0.0,0.0,0.0,0.0
Nathan Palmer,FA,OAK,WR,,@NO,Sun 1:00,0/0,0.0,0.0,0.0,0.0,0.0,0.0,0.0,0.0,0.0,0.0
Chris Owusu,FA,NYJ,WR,,Cin,Sun 1:00,0/0,0.0,0.0,0.0,0.0,0.0,0.0,0.0,0.0,0.0,0.0
Brian Tyms,FA,IND,WR,,Det,Sun 4:25,0/0,0.0,0.0,0.0,0.0,0.0,0.0,0.0,0.0,0.0,0.0
Jeff Fuller*,FA,SEA,WR,,Mia,Sun 4:05,0/0,0.0,0.0,0.0,0.0,0.0,0.0,0.0,0.0,0.0,0.0
Jarrett Boykin,FA,BUF,WR,,@Bal,Sun 1:00,0/0,0.0,0.0,0.0,0.0,0.0,0.0,0.0,0.0,0.0,0.0
Griff Whalen,FA,MIA,WR,,@Sea,Sun 4:05,0/0,0.0,0.0,0.0,0.0,0.0,0.0,0.0,0.0,0.0,0.0
LaRon Byrd*,FA,CAR,WR,,@Den,Thu 8:30,0/0,0.0,0.0,0.0,0.0,0.0,0.0,0.0,0.0,0.0,0.0
Brittan Golden,FA,ARI,WR,,NE,Sun 8:30,0/0,0.0,0.0,0.0,0.0,0.0,0.0,0.0,0.0,0.0,0.0
Damaris Johnson,FA,TEN,WR,,Min,Sun 1:00,0/0,0.0,0.0,0.0,0.0,0.0,0.0,0.0,0.0,0.0,0.0
Josh Gordon,SCOT,CLE,WR,,@Phi,Sun 1:00,0/0,0.0,0.0,0.0,0.0,0.0,0.0,0.0,0.0,0.0,0.0
Stedman Bailey*,FA,LAR,WR,,@SF,Mon 10:20,0/0,0.0,0.0,0.0,0.0,0.0,0.0,0.0,0.0,0.0,0.0
Aaron Dobson,FA,NWE,WR,,@Ari,Sun 8:30,0/0,0.0,0.0,0.0,0.0,0.0,0.0,0.0,0.0,0.0,0.0
B.J. Daniels,FA,CHI,WR,,@Hou,Sun 1:00,0/0,0.0,0.0,0.0,0.0,0.0,0.0,0.0,0.0,0.0,0.0
Cobi Hamilton,FA,PIT,WR,,@Wsh,Mon 7:10,0/0,0.0,0.0,0.0,0.0,0.0,0.0,0.0,0.0,0.0,0.0
Josh Boyce,FA,CLE,WR,,@Phi,Sun 1:00,0/0,0.0,0.0,0.0,0.0,0.0,0.0,0.0,0.0,0.0,0.0
Chris Harper,FA,NYG,WR,,@Dal,Sun 4:25,0/0,0.0,0.0,0.0,0.0,0.0,0.0,0.0,0.0,0.0,0.0
Corey Fuller*,FA,DET,WR,,@Ind,Sun 4:25,0/0,0.0,0.0,0.0,0.0,0.0,0.0,0.0,0.0,0.0,0.0
Marquess Wilson*,FA,CHI,WR,,@Hou,Sun 1:00,0/0,0.0,0.0,0.0,0.0,0.0,0.0,0.0,0.0,0.0,0.0
Da'Rick Rogers,FA,KAN,WR,,SD,Sun 1:00,0/0,0.0,0.0,0.0,0.0,0.0,0.0,0.0,0.0,0.0,0.0
Ryan Spadola*,FA,DET,WR,,@Ind,Sun 4:25,0/0,0.0,0.0,0.0,0.0,0.0,0.0,0.0,0.0,0.0,0.0
Nick Williams,FA,ATL,WR,,TB,Sun 1:00,0/0,0.0,0.0,0.0,0.0,0.0,0.0,0.0,0.0,0.0,0.0
Rodney Smith,FA,DAL,WR,,NYG,Sun 4:25,0/0,0.0,0.0,0.0,0.0,0.0,0.0,0.0,0.0,0.0,0.0
Kenbrell Thompkins,FA,NYJ,WR,,Cin,Sun 1:00,0/0,0.0,0.0,0.0,0.0,0.0,0.0,0.0,0.0,0.0,0.0
Myles White,FA,NYG,WR,,@Dal,Sun 4:25,0/0,0.0,0.0,0.0,0.0,0.0,0.0,0.0,0.0,0.0,0.0
Marlon Brown,FA,BAL,WR,,Buf,Sun 1:00,0/0,0.0,0.0,0.0,0.0,0.0,0.0,0.0,0.0,0.0,0.0
Shaq Evans*,FA,JAC,WR,,GB,Sun 1:00,0/0,0.0,0.0,0.0,0.0,0.0,0.0,0.0,0.0,0.0,0.0
Jeremy Gallon,FA,NWE,WR,,@Ari,Sun 8:30,0/0,0.0,0.0,0.0,0.0,0.0,0.0,0.0,0.0,0.0,0.0
Kevin Norwood*,FA,CAR,WR,,@Den,Thu 8:30,0/0,0.0,0.0,0.0,0.0,0.0,0.0,0.0,0.0,0.0,0.0
Martavis Bryant,FA,PIT,WR,,@Wsh,Mon 7:10,0/0,0.0,0.0,0.0,0.0,0.0,0.0,0.0,0.0,0.0,0.0
Jalen Saunders,FA,NWE,WR,,@Ari,Sun 8:30,0/0,0.0,0.0,0.0,0.0,0.0,0.0,0.0,0.0,0.0,0.0
Bruce Ellington*,FA,SFO,WR,,LA,Mon 10:20,0/0,0.0,0.0,0.0,0.0,0.0,0.0,0.0,0.0,0.0,0.0
Devin Street,FA,DAL,WR,,NYG,Sun 4:25,0/0,0.0,0.0,0.0,0.0,0.0,0.0,0.0,0.0,0.0,0.0
Corey Washington,FA,ATL,WR,,TB,Sun 1:00,0/0,0.0,0.0,0.0,0.0,0.0,0.0,0.0,0.0,0.0,0.0
Robert Herron,FA,OAK,WR,,@NO,Sun 1:00,0/0,0.0,0.0,0.0,0.0,0.0,0.0,0.0,0.0,0.0,0.0
Michael Campanaro*,FA,BAL,WR,,Buf,Sun 1:00,0/0,0.0,0.0,0.0,0.0,0.0,0.0,0.0,0.0,0.0,0.0
Frankie Hammond,FA,KAN,WR,,SD,Sun 1:00,0/0,0.0,0.0,0.0,0.0,0.0,0.0,0.0,0.0,0.0,0.0
TJ Jones,FA,DET,WR,,@Ind,Sun 4:25,0/0,0.0,0.0,0.0,0.0,0.0,0.0,0.0,0.0,0.0,0.0
Jeremy Butler,FA,BAL,WR,,Buf,Sun 1:00,0/0,0.0,0.0,0.0,0.0,0.0,0.0,0.0,0.0,0.0,0.0
Damian Copeland,FA,DET,WR,,@Ind,Sun 4:25,0/0,0.0,0.0,0.0,0.0,0.0,0.0,0.0,0.0,0.0,0.0
Jonathan Krause,FA,TAM,WR,,@Atl,Sun 1:00,0/0,0.0,0.0,0.0,0.0,0.0,0.0,0.0,0.0,0.0,0.0
Freddie Martino,FA,TAM,WR,,@Atl,Sun 1:00,0/0,0.0,0.0,0.0,0.0,0.0,0.0,0.0,0.0,0.0,0.0
Kevin Smith*,FA,SEA,WR,,Mia,Sun 4:05,0/0,0.0,0.0,0.0,0.0,0.0,0.0,0.0,0.0,0.0,0.0
Andre Debose,FA,IND,WR,,Det,Sun 4:25,0/0,0.0,0.0,0.0,0.0,0.0,0.0,0.0,0.0,0.0,0.0
DiAndre Campbell,FA,SFO,WR,,LA,Mon 10:20,0/0,0.0,0.0,0.0,0.0,0.0,0.0,0.0,0.0,0.0,0.0
Issac Blakeney,FA,PIT,WR,,@Wsh,Mon 7:10,0/0,0.0,0.0,0.0,0.0,0.0,0.0,0.0,0.0,0.0,0.0
Geremy Davis,FA,NYG,WR,,@Dal,Sun 4:25,0/0,0.0,0.0,0.0,0.0,0.0,0.0,0.0,0.0,0.0,0.0
Da'Ron Brown,FA,KAN,WR,,SD,Sun 1:00,0/0,0.0,0.0,0.0,0.0,0.0,0.0,0.0,0.0,0.0,0.0
Kenny Bell,FA,TAM,WR,,@Atl,Sun 1:00,0/0,0.0,0.0,0.0,0.0,0.0,0.0,0.0,0.0,0.0,0.0
Dres Anderson,FA,SFO,WR,,LA,Mon 10:20,0/0,0.0,0.0,0.0,0.0,0.0,0.0,0.0,0.0,0.0,0.0
DeAndrew White,FA,SFO,WR,,LA,Mon 10:20,0/0,0.0,0.0,0.0,0.0,0.0,0.0,0.0,0.0,0.0,0.0
Kaelin Clay*,FA,BAL,WR,,Buf,Sun 1:00,0/0,0.0,0.0,0.0,0.0,0.0,0.0,0.0,0.0,0.0,0.0
Tre McBride,FA,TEN,WR,,Min,Sun 1:00,0/0,0.0,0.0,0.0,0.0,0.0,0.0,0.0,0.0,0.0,0.0
Dezmin Lewis,FA,BUF,WR,,@Bal,Sun 1:00,0/0,0.0,0.0,0.0,0.0,0.0,0.0,0.0,0.0,0.0,0.0
Devin Smith*,FA,NYJ,WR,,Cin,Sun 1:00,0/0,0.0,0.0,0.0,0.0,0.0,0.0,0.0,0.0,0.0,0.0
Evan Spencer,FA,TAM,WR,,@Atl,Sun 1:00,0/0,0.0,0.0,0.0,0.0,0.0,0.0,0.0,0.0,0.0,0.0
DeVante Parker,FA,MIA,WR,,@Sea,Sun 4:05,0/0,0.0,0.0,0.0,0.0,0.0,0.0,0.0,0.0,0.0,0.0
Vince Mayle,FA,DAL,WR,,NYG,Sun 4:25,0/0,0.0,0.0,0.0,0.0,0.0,0.0,0.0,0.0,0.0,0.0
Mario Alford*,FA,CIN,WR,,@NYJ,Sun 1:00,0/0,0.0,0.0,0.0,0.0,0.0,0.0,0.0,0.0,0.0,0.0
DeAndre Smelter,FA,SFO,WR,,LA,Mon 10:20,0/0,0.0,0.0,0.0,0.0,0.0,0.0,0.0,0.0,0.0,0.0
Duron Carter,FA,IND,WR,,Det,Sun 4:25,0/0,0.0,0.0,0.0,0.0,0.0,0.0,0.0,0.0,0.0,0.0
Antwan Goodley,FA,SEA,WR,,Mia,Sun 4:05,0/0,0.0,0.0,0.0,0.0,0.0,0.0,0.0,0.0,0.0,0.0
Chris Matthews*,FA,BAL,WR,,Buf,Sun 1:00,0/0,0.0,0.0,0.0,0.0,0.0,0.0,0.0,0.0,0.0,0.0
Seantavius Jones,FA,KAN,WR,,SD,Sun 1:00,0/0,0.0,0.0,0.0,0.0,0.0,0.0,0.0,0.0,0.0,0.0
Bennie Fowler*,FA,DEN,WR,,Car,Thu 8:30,0/0,0.0,0.0,0.0,0.0,0.0,0.0,0.0,0.0,0.0,0.0
Matt Hazel,FA,MIA,WR,,@Sea,Sun 4:05,0/0,0.0,0.0,0.0,0.0,0.0,0.0,0.0,0.0,0.0,0.0
Chris Harper,FA,NWE,WR,,@Ari,Sun 8:30,0/0,0.0,0.0,0.0,0.0,0.0,0.0,0.0,0.0,0.0,0.0
Tyler Murphy,FA,MIA,WR,,@Sea,Sun 4:05,0/0,0.0,0.0,0.0,0.0,0.0,0.0,0.0,0.0,0.0,0.0
Donteea Dye,FA,TAM,WR,,@Atl,Sun 1:00,0/0,0.0,0.0,0.0,0.0,0.0,0.0,0.0,0.0,0.0,0.0
Javontee Herndon*,FA,SDG,WR,,@KC,Sun 1:00,0/0,0.0,0.0,0.0,0.0,0.0,0.0,0.0,0.0,0.0,0.0
Daniel Brown,FA,BAL,WR,,Buf,Sun 1:00,0/0,0.0,0.0,0.0,0.0,0.0,0.0,0.0,0.0,0.0,0.0
Eric Rogers*,FA,SFO,WR,,LA,Mon 10:20,0/0,0.0,0.0,0.0,0.0,0.0,0.0,0.0,0.0,0.0,0.0
Josh Doctson,FA,WAS,WR,,Pit,Mon 7:10,0/0,0.0,0.0,0.0,0.0,0.0,0.0,0.0,0.0,0.0,0.0
Moritz Bohringer,FA,MIN,WR,,@Ten,Sun 1:00,0/0,0.0,0.0,0.0,0.0,0.0,0.0,0.0,0.0,0.0,0.0
Keenan Reynolds,FA,BAL,WR,,Buf,Sun 1:00,0/0,0.0,0.0,0.0,0.0,0.0,0.0,0.0,0.0,0.0,0.0
Kolby Listenbee*,FA,BUF,WR,,@Bal,Sun 1:00,0/0,0.0,0.0,0.0,0.0,0.0,0.0,0.0,0.0,0.0,0.0
Devin Lucien,FA,NWE,WR,,@Ari,Sun 8:30,0/0,0.0,0.0,0.0,0.0,0.0,0.0,0.0,0.0,0.0,0.0
Demarcus Ayers,FA,PIT,WR,,@Wsh,Mon 7:10,0/0,0.0,0.0,0.0,0.0,0.0,0.0,0.0,0.0,0.0,0.0
Daniel Braverman,FA,CHI,WR,,@Hou,Sun 1:00,0/0,0.0,0.0,0.0,0.0,0.0,0.0,0.0,0.0,0.0,0.0
Devin Lewis Fuller,FA,ATL,WR,,TB,Sun 1:00,0/0,0.0,0.0,0.0,0.0,0.0,0.0,0.0,0.0,0.0,0.0
Charone Peake,FA,NYJ,WR,,Cin,Sun 1:00,0/0,0.0,0.0,0.0,0.0,0.0,0.0,0.0,0.0,0.0,0.0
Kenny Lawler,FA,SEA,WR,,Mia,Sun 4:05,0/0,0.0,0.0,0.0,0.0,0.0,0.0,0.0,0.0,0.0,0.0
Max McCaffrey,FA,OAK,WR,,@NO,Sun 1:00,0/0,0.0,0.0,0.0,0.0,0.0,0.0,0.0,0.0,0.0,0.0
Kasen Williams,FA,SEA,WR,,Mia,Sun 4:05,0/0,0.0,0.0,0.0,0.0,0.0,0.0,0.0,0.0,0.0,0.0
Reggie Bell,FA,NOR,WR,,Oak,Sun 1:00,0/0,0.0,0.0,0.0,0.0,0.0,0.0,0.0,0.0,0.0,0.0
Jake Kumerow,FA,CIN,WR,,@NYJ,Sun 1:00,0/0,0.0,0.0,0.0,0.0,0.0,0.0,0.0,0.0,0.0,0.0
Marquez North*,FA,LAR,WR,,@SF,Mon 10:20,0/0,0.0,0.0,0.0,0.0,0.0,0.0,0.0,0.0,0.0,0.0
Andy Jones,FA,DAL,WR,,NYG,Sun 4:25,0/0,0.0,0.0,0.0,0.0,0.0,0.0,0.0,0.0,0.0,0.0
Xavier Rush,FA,PHI,WR,,Cle,Sun 1:00,0/0,0.0,0.0,0.0,0.0,0.0,0.0,0.0,0.0,0.0,0.0
Dom Williams,FA,SDG,WR,,@KC,Sun 1:00,0/0,0.0,0.0,0.0,0.0,0.0,0.0,0.0,0.0,0.0,0.0
R.J. Harris,FA,NOR,WR,,Oak,Sun 1:00,0/0,0.0,0.0,0.0,0.0,0.0,0.0,0.0,0.0,0.0,0.0
Jordan Taylor,FA,DEN,WR,,Car,Thu 8:30,0/0,0.0,0.0,0.0,0.0,0.0,0.0,0.0,0.0,0.0,0.0
Bernard Reedy,FA,TAM,WR,,@Atl,Sun 1:00,0/0,0.0,0.0,0.0,0.0,0.0,0.0,0.0,0.0,0.0,0.0
Paul McRoberts,FA,LAR,WR,,@SF,Mon 10:20,0/0,0.0,0.0,0.0,0.0,0.0,0.0,0.0,0.0,0.0,0.0
Wendall Williams,FA,HOU,WR,,Chi,Sun 1:00,0/0,0.0,0.0,0.0,0.0,0.0,0.0,0.0,0.0,0.0,0.0
Anthony Dable,FA,NYG,WR,,@Dal,Sun 4:25,0/0,0.0,0.0,0.0,0.0,0.0,0.0,0.0,0.0,0.0,0.0
Darius Jennings,FA,CLE,WR,,@Phi,Sun 1:00,0/0,0.0,0.0,0.0,0.0,0.0,0.0,0.0,0.0,0.0,0.0
Devon Cajuste,FA,SFO,WR,,LA,Mon 10:20,0/0,0.0,0.0,0.0,0.0,0.0,0.0,0.0,0.0,0.0,0.0
Mitch Mathews,FA,KAN,WR,,SD,Sun 1:00,0/0,0.0,0.0,0.0,0.0,0.0,0.0,0.0,0.0,0.0,0.0
Keyarris Garrett,FA,CAR,WR,,@Den,Thu 8:30,0/0,0.0,0.0,0.0,0.0,0.0,0.0,0.0,0.0,0.0,0.0
Tanner McEvoy,WA (Sat),SEA,WR,,Mia,Sun 4:05,--/--,,,,,,,,,,
Bryce Treggs,WA (Sat),PHI,WR,,Cle,Sun 1:00,--/--,,,,,,,,,,
Rob Gronkowski,FA,NWE,TE,,@Ari,Sun 8:30,0/0,0.0,0.0,0.0,0.0,0.0,0.0,4.6,66.6,0.5,9.7
Jordan Reed,SLIV,WAS,TE,,Pit,Mon 7:10,0/0,0.0,0.0,0.0,0.0,0.0,0.0,5.8,61.3,0.6,9.6
Travis Kelce,NOG,KAN,TE,,SD,Sun 1:00,0/0,0.0,0.0,0.0,0.0,0.0,0.0,5.1,58.1,0.4,7.9
Coby Fleener,50%,NOR,TE,,Oak,Sun 1:00,0/0,0.0,0.0,0.0,0.0,0.0,0.0,4.3,48.9,0.4,7.6
Delanie Walker,FUNK,TEN,TE,,Min,Sun 1:00,0/0,0.0,0.0,0.0,0.0,0.0,0.0,4.4,53.7,0.3,7.4
Gary Barnidge,BKN,CLE,TE,,@Phi,Sun 1:00,0/0,0.0,0.0,0.0,0.0,0.0,0.0,4.1,54.0,0.3,7.3
Greg Olsen,SCOT,CAR,TE,,@Den,Thu 8:30,0/0,0.0,0.0,0.0,0.0,0.0,0.0,4.6,53.3,0.3,7.1
Zach Ertz,LOS,PHI,TE,,Cle,Sun 1:00,0/0,0.0,0.0,0.0,0.0,0.0,0.0,3.9,50.4,0.3,7.0
Jason Witten,FUNK,DAL,TE,,NYG,Sun 4:25,0/0,0.0,0.0,0.0,0.0,0.0,0.0,4.6,48.1,0.3,6.8
Clive Walford,FA,OAK,TE,,@NO,Sun 1:00,0/0,0.0,0.0,0.0,0.0,0.0,0.0,3.4,41.4,0.4,6.6
Julius Thomas,LOS,JAC,TE,,GB,Sun 1:00,0/0,0.0,0.0,0.0,0.0,0.0,0.0,4.0,42.1,0.4,6.6
Antonio Gates,APE,SDG,TE,,@KC,Sun 1:00,0/0,0.0,0.0,0.0,0.0,0.0,0.0,4.0,44.5,0.3,6.4
Eric Ebron,FA,DET,TE,,@Ind,Sun 4:25,0/0,0.0,0.0,0.0,0.0,0.0,0.0,3.8,43.3,0.3,6.2
Jared Cook,FA,GNB,TE,,@Jax,Sun 1:00,0/0,0.0,0.0,0.0,0.0,0.0,0.0,3.1,39.5,0.3,6.0
Dwayne Allen,FA,IND,TE,,Det,Sun 4:25,0/0,0.0,0.0,0.0,0.0,0.0,0.0,3.1,34.6,0.4,5.7
Charles Clay,FA,BUF,TE,,@Bal,Sun 1:00,0/0,0.0,0.0,0.0,0.0,0.0,0.0,3.6,38.6,0.3,5.6
Zach Miller,BKN,CHI,TE,,@Hou,Sun 1:00,0/0,0.0,0.0,0.0,0.0,0.0,0.0,4.1,40.8,0.2,5.5
Martellus Bennett,FA,NWE,TE,,@Ari,Sun 8:30,0/0,0.0,0.0,0.0,0.0,0.0,0.0,3.4,32.9,0.3,5.0
Kyle Rudolph,FA,MIN,TE,,@Ten,Sun 1:00,0/0,0.0,0.0,0.0,0.0,0.0,0.0,3.1,34.3,0.2,4.9
Larry Donnell,FA,NYG,TE,,@Dal,Sun 4:25,0/0,0.0,0.0,0.0,0.0,0.0,0.0,2.8,29.5,0.3,4.9
Jordan Cameron,FA,MIA,TE,,@Sea,Sun 4:05,0/0,0.0,0.0,0.0,0.0,0.0,0.0,3.1,34.4,0.2,4.6
Jesse James,FA,PIT,TE,,@Wsh,Mon 7:10,0/0,0.0,0.0,0.0,0.0,0.0,0.0,2.7,28.4,0.3,4.4
Jacob Tamme,FA,ATL,TE,,TB,Sun 1:00,0/0,0.0,0.0,0.0,0.0,0.0,0.0,2.8,29.4,0.2,4.0
Vance McDonald,FA,SFO,TE,,LA,Mon 10:20,0/0,0.0,0.0,0.0,0.0,0.0,0.0,2.4,28.7,0.2,4.0
Tyler Kroft,FA,CIN,TE,,@NYJ,Sun 1:00,0/0,0.0,0.0,0.0,0.0,0.0,0.0,2.5,26.5,0.2,4.0
Crockett Gillmore,FA,BAL,TE,,Buf,Sun 1:00,0/0,0.0,0.0,0.0,0.0,0.0,0.0,2.4,23.6,0.2,3.5
Virgil Green,FA,DEN,TE,,Car,Thu 8:30,0/0,0.0,0.0,0.0,0.0,0.0,0.0,2.8,22.4,0.2,3.4
Jimmy Graham,FUNK,SEA,TE,,Mia,Sun 4:05,0/0,0.0,0.0,0.0,0.0,0.0,0.0,1.5,19.2,0.2,3.4
Cameron Brate,FA,TAM,TE,,@Atl,Sun 1:00,0/0,0.0,0.0,0.0,0.0,0.0,0.0,2.0,23.0,0.2,3.4
Austin Seferian-Jenkins,FA,TAM,TE,,@Atl,Sun 1:00,0/0,0.0,0.0,0.0,0.0,0.0,0.0,1.8,23.0,0.2,3.3
Will Tye,FA,NYG,TE,,@Dal,Sun 4:25,0/0,0.0,0.0,0.0,0.0,0.0,0.0,1.8,19.0,0.2,3.0
Josh Hill,FA,NOR,TE,,Oak,Sun 1:00,0/0,0.0,0.0,0.0,0.0,0.0,0.0,2.0,18.8,0.2,3.0
Lance Kendricks,FA,LAR,TE,,@SF,Mon 10:20,0/0,0.0,0.0,0.0,0.0,0.0,0.0,2.0,22.5,0.1,2.9
Luke Willson,FA,SEA,TE,,Mia,Sun 4:05,0/0,0.0,0.0,0.0,0.0,0.0,0.0,1.4,18.5,0.2,2.9
Darren Fells,FA,ARI,TE,,NE,Sun 8:30,0/0,0.0,0.0,0.0,0.0,0.0,0.0,1.4,15.9,0.2,2.6
Maxx Williams,FA,BAL,TE,,Buf,Sun 1:00,0/0,0.0,0.0,0.0,0.0,0.0,0.0,1.9,16.6,0.2,2.6
Austin Hooper,FA,ATL,TE,,TB,Sun 1:00,0/0,0.0,0.0,0.0,0.0,0.0,0.0,1.5,16.9,0.1,2.5
Tyler Higbee,FA,LAR,TE,,@SF,Mon 10:20,0/0,0.0,0.0,0.0,0.0,0.0,0.0,1.5,18.8,0.1,2.5
Hunter Henry,FA,SDG,TE,,@KC,Sun 1:00,0/0,0.0,0.0,0.0,0.0,0.0,0.0,1.6,16.6,0.1,2.4
Garrett Celek,FA,SFO,TE,,LA,Mon 10:20,0/0,0.0,0.0,0.0,0.0,0.0,0.0,1.5,15.4,0.1,2.2
Mychal Rivera,FA,OAK,TE,,@NO,Sun 1:00,0/0,0.0,0.0,0.0,0.0,0.0,0.0,1.2,13.6,0.1,2.1
C.J. Fiedorowicz,FA,HOU,TE,,Chi,Sun 1:00,0/0,0.0,0.0,0.0,0.0,0.0,0.0,1.4,13.1,0.1,2.1
Richard Rodgers,FA,GNB,TE,,@Jax,Sun 1:00,0/0,0.0,0.0,0.0,0.0,0.0,0.0,1.2,12.5,0.1,2.0
Jermaine Gresham,FA,ARI,TE,,NE,Sun 8:30,0/0,0.0,0.0,0.0,0.0,0.0,0.0,1.4,12.9,0.1,2.0
C.J. Uzomah,FA,CIN,TE,,@NYJ,Sun 1:00,0/0,0.0,0.0,0.0,0.0,0.0,0.0,1.2,13.0,0.1,2.0
Brent Celek,FA,PHI,TE,,Cle,Sun 1:00,0/0,0.0,0.0,0.0,0.0,0.0,0.0,1.0,13.9,0.1,1.9
Ryan Griffin,FA,HOU,TE,,Chi,Sun 1:00,0/0,0.0,0.0,0.0,0.0,0.0,0.0,1.1,12.9,0.1,1.9
Cole Wick,FA,DET,TE,,@Ind,Sun 4:25,0/0,0.0,0.0,0.0,0.0,0.0,0.0,1.0,12.2,0.1,1.8
Niles Paul,FA,WAS,TE,,Pit,Mon 7:10,0/0,0.0,0.0,0.0,0.0,0.0,0.0,1.0,12.2,0.1,1.8
Anthony Fasano,FA,TEN,TE,,Min,Sun 1:00,0/0,0.0,0.0,0.0,0.0,0.0,0.0,0.9,10.3,0.1,1.6
Stephen Anderson,FA,HOU,TE,,Chi,Sun 1:00,0/0,0.0,0.0,0.0,0.0,0.0,0.0,0.9,10.2,0.1,1.5
Marcedes Lewis,FA,JAC,TE,,GB,Sun 1:00,0/0,0.0,0.0,0.0,0.0,0.0,0.0,0.8,9.7,0.1,1.5
Jeff Heuerman,FA,DEN,TE,,Car,Thu 8:30,0/0,0.0,0.0,0.0,0.0,0.0,0.0,1.0,10.0,0.1,1.5
Trey Burton,FA,PHI,TE,,Cle,Sun 1:00,0/0,0.0,0.0,0.0,0.0,0.0,0.0,0.8,9.9,0.1,1.4
Jack Doyle,FA,IND,TE,,Det,Sun 4:25,0/0,0.0,0.0,0.0,0.0,0.0,0.0,0.7,7.8,0.1,1.3
Erik Swoope,FA,IND,TE,,Det,Sun 4:25,0/0,0.0,0.0,0.0,0.0,0.0,0.0,0.7,7.8,0.1,1.3
Vernon Davis,FA,WAS,TE,,Pit,Mon 7:10,0/0,0.0,0.0,0.0,0.0,0.0,0.0,0.7,8.3,0.1,1.3
Rhett Ellison,FA,MIN,TE,,@Ten,Sun 1:00,0/0,0.0,0.0,0.0,0.0,0.0,0.0,0.8,9.4,0.1,1.3
Dion Sims,FA,MIA,TE,,@Sea,Sun 4:05,0/0,0.0,0.0,0.0,0.0,0.0,0.0,1.0,8.9,0.1,1.2
Ed Dickson,FA,CAR,TE,,@Den,Thu 8:30,0/0,0.0,0.0,0.0,0.0,0.0,0.0,0.8,7.7,0.1,1.1
Gavin Escobar,FA,DAL,TE,,NYG,Sun 4:25,0/0,0.0,0.0,0.0,0.0,0.0,0.0,0.6,7.0,0.1,1.1
Demetrius Harris,FA,KAN,TE,,SD,Sun 1:00,0/0,0.0,0.0,0.0,0.0,0.0,0.0,0.6,7.1,0.1,1.0
Kellen Davis,FA,NYJ,TE,,Cin,Sun 1:00,0/0,0.0,0.0,0.0,0.0,0.0,0.0,0.7,6.7,0.1,1.0
Blake Bell,FA,SFO,TE,,LA,Mon 10:20,0/0,0.0,0.0,0.0,0.0,0.0,0.0,0.6,6.9,0.0,1.0
Logan Paulsen,FA,CHI,TE,,@Hou,Sun 1:00,0/0,0.0,0.0,0.0,0.0,0.0,0.0,0.7,6.6,0.0,0.9
Lee Smith,FA,OAK,TE,,@NO,Sun 1:00,0/0,0.0,0.0,0.0,0.0,0.0,0.0,0.5,5.7,0.1,0.9
Brandon Williams,FA,SEA,TE,,Mia,Sun 4:05,0/0,0.0,0.0,0.0,0.0,0.0,0.0,0.4,4.2,0.1,0.7
Brandon Bostick,FA,NYJ,TE,,Cin,Sun 1:00,0/0,0.0,0.0,0.0,0.0,0.0,0.0,0.4,4.4,0.0,0.7
David Johnson,FA,PIT,TE,,@Wsh,Mon 7:10,0/0,0.0,0.0,0.0,0.0,0.0,0.0,0.4,4.3,0.0,0.7
Jim Dray,FA,BUF,TE,,@Bal,Sun 1:00,0/0,0.0,0.0,0.0,0.0,0.0,0.0,0.4,3.9,0.0,0.6
Chris Manhertz,FA,NOR,TE,,Oak,Sun 1:00,0/0,0.0,0.0,0.0,0.0,0.0,0.0,0.3,2.9,0.0,0.5
Jerell Adams,FA,NYG,TE,,@Dal,Sun 4:25,0/0,0.0,0.0,0.0,0.0,0.0,0.0,0.3,2.9,0.0,0.5
Justin Perillo,FA,GNB,TE,,@Jax,Sun 1:00,0/0,0.0,0.0,0.0,0.0,0.0,0.0,0.2,2.6,0.0,0.4
Troy Niklas,FA,ARI,TE,,NE,Sun 8:30,0/0,0.0,0.0,0.0,0.0,0.0,0.0,0.3,2.7,0.0,0.4
Sean McGrath,FA,SDG,TE,,@KC,Sun 1:00,0/0,0.0,0.0,0.0,0.0,0.0,0.0,0.3,2.7,0.0,0.4
Dennis Pitta,FA,BAL,TE,,Buf,Sun 1:00,0/0,0.0,0.0,0.0,0.0,0.0,0.0,0.2,2.4,0.0,0.4
Luke Stocker,FA,TAM,TE,,@Atl,Sun 1:00,0/0,0.0,0.0,0.0,0.0,0.0,0.0,0.2,2.4,0.0,0.3
MarQueis Gray,FA,MIA,TE,,@Sea,Sun 4:05,0/0,0.0,0.0,0.0,0.0,0.0,0.0,0.2,2.4,0.0,0.3
Seth DeValve,FA,CLE,TE,,@Phi,Sun 1:00,0/0,0.0,0.0,0.0,0.0,0.0,0.0,0.2,2.3,0.0,0.3
Nick O'Leary,FA,BUF,TE,,@Bal,Sun 1:00,0/0,0.0,0.0,0.0,0.0,0.0,0.0,0.2,2.0,0.0,0.3
Temarrick Hemingway,FA,LAR,TE,,@SF,Mon 10:20,0/0,0.0,0.0,0.0,0.0,0.0,0.0,0.2,2.3,0.0,0.3
John Phillips,FA,DEN,TE,,Car,Thu 8:30,0/0,0.0,0.0,0.0,0.0,0.0,0.0,0.2,2.0,0.0,0.3
Levine Toilolo,FA,ATL,TE,,TB,Sun 1:00,0/0,0.0,0.0,0.0,0.0,0.0,0.0,0.1,1.4,0.0,0.2
AJ Derby,FA,NWE,TE,,@Ari,Sun 8:30,0/0,0.0,0.0,0.0,0.0,0.0,0.0,0.1,1.3,0.0,0.2
Clay Harbor,FA,NWE,TE,,@Ari,Sun 8:30,0/0,0.0,0.0,0.0,0.0,0.0,0.0,0.1,1.3,0.0,0.2
Neal Sterling,FA,JAC,TE,,GB,Sun 1:00,0/0,0.0,0.0,0.0,0.0,0.0,0.0,0.1,1.2,0.0,0.2
Ben Koyack,FA,JAC,TE,,GB,Sun 1:00,0/0,0.0,0.0,0.0,0.0,0.0,0.0,0.1,1.2,0.0,0.2
Brandon Myers,FA,TAM,TE,,@Atl,Sun 1:00,0/0,0.0,0.0,0.0,0.0,0.0,0.0,0.1,1.2,0.0,0.2
Randall Telfer,FA,CLE,TE,,@Phi,Sun 1:00,0/0,0.0,0.0,0.0,0.0,0.0,0.0,0.1,1.2,0.0,0.2
Phillip Supernaw,FA,TEN,TE,,Min,Sun 1:00,0/0,0.0,0.0,0.0,0.0,0.0,0.0,0.1,1.0,0.0,0.2
Jace Amaro,FA,TEN,TE,,Min,Sun 1:00,0/0,0.0,0.0,0.0,0.0,0.0,0.0,0.1,1.0,0.0,0.2
Kellen Winslow,FA,NYJ,TE,,Cin,Sun 1:00,0/0,0.0,0.0,0.0,0.0,0.0,0.0,0.0,0.0,0.0,0.0
Benjamin Watson*,FA,BAL,TE,,Buf,Sun 1:00,0/0,0.0,0.0,0.0,0.0,0.0,0.0,0.0,0.0,0.0,0.0
Alex Smith,FA,WAS,TE,,Pit,Mon 7:10,0/0,0.0,0.0,0.0,0.0,0.0,0.0,0.0,0.0,0.0,0.0
Owen Daniels,FA,DEN,TE,,Car,Thu 8:30,0/0,0.0,0.0,0.0,0.0,0.0,0.0,0.0,0.0,0.0,0.0
Daniel Fells,FA,NYG,TE,,@Dal,Sun 4:25,0/0,0.0,0.0,0.0,0.0,0.0,0.0,0.0,0.0,0.0,0.0
Matt Spaeth,FA,PIT,TE,,@Wsh,Mon 7:10,0/0,0.0,0.0,0.0,0.0,0.0,0.0,0.0,0.0,0.0,0.0
Scott Chandler*,FA,NWE,TE,,@Ari,Sun 8:30,0/0,0.0,0.0,0.0,0.0,0.0,0.0,0.0,0.0,0.0,0.0
Clark Harris,FA,CIN,TE,,@NYJ,Sun 1:00,0/0,0.0,0.0,0.0,0.0,0.0,0.0,0.0,0.0,0.0,0.0
Fred Davis,FA,WAS,TE,,Pit,Mon 7:10,0/0,0.0,0.0,0.0,0.0,0.0,0.0,0.0,0.0,0.0,0.0
Craig Stevens,FA,TEN,TE,,Min,Sun 1:00,0/0,0.0,0.0,0.0,0.0,0.0,0.0,0.0,0.0,0.0,0.0
Matthew Mulligan,FA,DET,TE,,@Ind,Sun 4:25,0/0,0.0,0.0,0.0,0.0,0.0,0.0,0.0,0.0,0.0,0.0
James Casey,FA,DEN,TE,,Car,Thu 8:30,0/0,0.0,0.0,0.0,0.0,0.0,0.0,0.0,0.0,0.0,0.0
Chase Coffman,FA,IND,TE,,Det,Sun 4:25,0/0,0.0,0.0,0.0,0.0,0.0,0.0,0.0,0.0,0.0,0.0
Bear Pascoe,FA,NWE,TE,,@Ari,Sun 8:30,0/0,0.0,0.0,0.0,0.0,0.0,0.0,0.0,0.0,0.0,0.0
Brandon Pettigrew*,FA,DET,TE,,@Ind,Sun 4:25,0/0,0.0,0.0,0.0,0.0,0.0,0.0,0.0,0.0,0.0,0.0
Tony Moeaki,FA,CHI,TE,,@Hou,Sun 1:00,0/0,0.0,0.0,0.0,0.0,0.0,0.0,0.0,0.0,0.0,0.0
Garrett Graham*,FA,DEN,TE,,Car,Thu 8:30,0/0,0.0,0.0,0.0,0.0,0.0,0.0,0.0,0.0,0.0,0.0
Michael Hoomanawanui*,FA,NOR,TE,,Oak,Sun 1:00,0/0,0.0,0.0,0.0,0.0,0.0,0.0,0.0,0.0,0.0,0.0
Anthony McCoy,FA,SEA,TE,,Mia,Sun 4:05,0/0,0.0,0.0,0.0,0.0,0.0,0.0,0.0,0.0,0.0,0.0
Andrew Quarless,FA,DET,TE,,@Ind,Sun 4:25,0/0,0.0,0.0,0.0,0.0,0.0,0.0,0.0,0.0,0.0,0.0
Richie Brockel,FA,CAR,TE,,@Den,Thu 8:30,0/0,0.0,0.0,0.0,0.0,0.0,0.0,0.0,0.0,0.0,0.0
Jeff Cumberland*,FA,SDG,TE,,@KC,Sun 1:00,0/0,0.0,0.0,0.0,0.0,0.0,0.0,0.0,0.0,0.0,0.0
Rob Housler,FA,CHI,TE,,@Hou,Sun 1:00,0/0,0.0,0.0,0.0,0.0,0.0,0.0,0.0,0.0,0.0,0.0
Bruce Miller,FA,SFO,TE,,LA,Mon 10:20,0/0,0.0,0.0,0.0,0.0,0.0,0.0,0.0,0.0,0.0,0.0
David Ausberry,FA,DET,TE,,@Ind,Sun 4:25,0/0,0.0,0.0,0.0,0.0,0.0,0.0,0.0,0.0,0.0,0.0
D.J. Williams,FA,WAS,TE,,Pit,Mon 7:10,0/0,0.0,0.0,0.0,0.0,0.0,0.0,0.0,0.0,0.0,0.0
Orson Charles,FA,DET,TE,,@Ind,Sun 4:25,0/0,0.0,0.0,0.0,0.0,0.0,0.0,0.0,0.0,0.0,0.0
Ladarius Green*,FA,PIT,TE,,@Wsh,Mon 7:10,0/0,0.0,0.0,0.0,0.0,0.0,0.0,0.0,0.0,0.0,0.0
James Hanna*,FA,DAL,TE,,NYG,Sun 4:25,0/0,0.0,0.0,0.0,0.0,0.0,0.0,0.0,0.0,0.0,0.0
Dominique Jones,FA,MIA,TE,,@Sea,Sun 4:05,0/0,0.0,0.0,0.0,0.0,0.0,0.0,0.0,0.0,0.0,0.0
Derek Carrier*,FA,WAS,TE,,Pit,Mon 7:10,0/0,0.0,0.0,0.0,0.0,0.0,0.0,0.0,0.0,0.0,0.0
Chase Ford,FA,BAL,TE,,Buf,Sun 1:00,0/0,0.0,0.0,0.0,0.0,0.0,0.0,0.0,0.0,0.0,0.0
Cooper Helfet*,FA,SEA,TE,,Mia,Sun 4:05,0/0,0.0,0.0,0.0,0.0,0.0,0.0,0.0,0.0,0.0,0.0
Ifeanyi Momah,FA,ARI,TE,,NE,Sun 8:30,0/0,0.0,0.0,0.0,0.0,0.0,0.0,0.0,0.0,0.0,0.0
Tyler Eifert*,NOG,CIN,TE,,@NYJ,Sun 1:00,0/0,0.0,0.0,0.0,0.0,0.0,0.0,0.0,0.0,0.0,0.0
Michael Williams*,FA,NWE,TE,,@Ari,Sun 8:30,0/0,0.0,0.0,0.0,0.0,0.0,0.0,0.0,0.0,0.0,0.0
Chris Gragg*,FA,BUF,TE,,@Bal,Sun 1:00,0/0,0.0,0.0,0.0,0.0,0.0,0.0,0.0,0.0,0.0,0.0
Justice Cunningham,FA,LAR,TE,,@SF,Mon 10:20,0/0,0.0,0.0,0.0,0.0,0.0,0.0,0.0,0.0,0.0,0.0
Chris Pantale,FA,PHI,TE,,Cle,Sun 1:00,0/0,0.0,0.0,0.0,0.0,0.0,0.0,0.0,0.0,0.0,0.0
Timothy Wright*,FA,DET,TE,,@Ind,Sun 4:25,0/0,0.0,0.0,0.0,0.0,0.0,0.0,0.0,0.0,0.0,0.0
Zach Sudfeld,FA,NYJ,TE,,Cin,Sun 1:00,0/0,0.0,0.0,0.0,0.0,0.0,0.0,0.0,0.0,0.0,0.0
Jake Stoneburner,FA,LAR,TE,,@SF,Mon 10:20,0/0,0.0,0.0,0.0,0.0,0.0,0.0,0.0,0.0,0.0,0.0
Brian Leonhardt,FA,MIN,TE,,@Ten,Sun 1:00,0/0,0.0,0.0,0.0,0.0,0.0,0.0,0.0,0.0,0.0,0.0
Marcel Jensen,FA,WAS,TE,,Pit,Mon 7:10,0/0,0.0,0.0,0.0,0.0,0.0,0.0,0.0,0.0,0.0,0.0
Asante Cleveland,FA,SDG,TE,,@KC,Sun 1:00,0/0,0.0,0.0,0.0,0.0,0.0,0.0,0.0,0.0,0.0,0.0
Nic Jacobs,FA,JAC,TE,,GB,Sun 1:00,0/0,0.0,0.0,0.0,0.0,0.0,0.0,0.0,0.0,0.0,0.0
Blake Annen*,FA,BUF,TE,,@Bal,Sun 1:00,0/0,0.0,0.0,0.0,0.0,0.0,0.0,0.0,0.0,0.0,0.0
RaShaun Allen,FA,NOR,TE,,Oak,Sun 1:00,0/0,0.0,0.0,0.0,0.0,0.0,0.0,0.0,0.0,0.0,0.0
James O'Shaughnessy,FA,KAN,TE,,SD,Sun 1:00,0/0,0.0,0.0,0.0,0.0,0.0,0.0,0.0,0.0,0.0,0.0
MyCole Pruitt,FA,MIN,TE,,@Ten,Sun 1:00,0/0,0.0,0.0,0.0,0.0,0.0,0.0,0.0,0.0,0.0,0.0
Gerald Christian,FA,ARI,TE,,NE,Sun 8:30,0/0,0.0,0.0,0.0,0.0,0.0,0.0,0.0,0.0,0.0,0.0
Nick Boyle,FA,BAL,TE,,Buf,Sun 1:00,0/0,0.0,0.0,0.0,0.0,0.0,0.0,0.0,0.0,0.0,0.0
Darren Waller,FA,BAL,TE,,Buf,Sun 1:00,0/0,0.0,0.0,0.0,0.0,0.0,0.0,0.0,0.0,0.0,0.0
Busta Anderson,FA,SFO,TE,,LA,Mon 10:20,0/0,0.0,0.0,0.0,0.0,0.0,0.0,0.0,0.0,0.0,0.0
Kennard Backman*,FA,GNB,TE,,@Jax,Sun 1:00,0/0,0.0,0.0,0.0,0.0,0.0,0.0,0.0,0.0,0.0,0.0
Geoff Swaim,FA,DAL,TE,,NYG,Sun 4:25,0/0,0.0,0.0,0.0,0.0,0.0,0.0,0.0,0.0,0.0,0.0
E.J. Bibbs,FA,CLE,TE,,@Phi,Sun 1:00,0/0,0.0,0.0,0.0,0.0,0.0,0.0,0.0,0.0,0.0,0.0
Khari Lee,FA,DET,TE,,@Ind,Sun 4:25,0/0,0.0,0.0,0.0,0.0,0.0,0.0,0.0,0.0,0.0,0.0
Jerome Cunningham,FA,TEN,TE,,Min,Sun 1:00,0/0,0.0,0.0,0.0,0.0,0.0,0.0,0.0,0.0,0.0,0.0
Wes Saxton,FA,NYJ,TE,,Cin,Sun 1:00,0/0,0.0,0.0,0.0,0.0,0.0,0.0,0.0,0.0,0.0,0.0
Nick Vannett,FA,SEA,TE,,Mia,Sun 4:05,0/0,0.0,0.0,0.0,0.0,0.0,0.0,0.0,0.0,0.0,0.0
David Morgan II,FA,MIN,TE,,@Ten,Sun 1:00,0/0,0.0,0.0,0.0,0.0,0.0,0.0,0.0,0.0,0.0,0.0
Dan Vitale,FA,BUF,TE,,@Bal,Sun 1:00,0/0,0.0,0.0,0.0,0.0,0.0,0.0,0.0,0.0,0.0,0.0
Rico Darnell Gathers,FA,DAL,TE,,NYG,Sun 4:25,0/0,0.0,0.0,0.0,0.0,0.0,0.0,0.0,0.0,0.0,0.0
Thomas Duarte,FA,MIA,TE,,@Sea,Sun 4:05,0/0,0.0,0.0,0.0,0.0,0.0,0.0,0.0,0.0,0.0,0.0
Beau Sandland,FA,CAR,TE,,@Den,Thu 8:30,0/0,0.0,0.0,0.0,0.0,0.0,0.0,0.0,0.0,0.0,0.0
Ben Braunecker,FA,CHI,TE,,@Hou,Sun 1:00,0/0,0.0,0.0,0.0,0.0,0.0,0.0,0.0,0.0,0.0,0.0
Matt LaCosse*,FA,NYG,TE,,@Dal,Sun 4:25,0/0,0.0,0.0,0.0,0.0,0.0,0.0,0.0,0.0,0.0,0.0
Anthony Denham,FA,HOU,TE,,Chi,Sun 1:00,0/0,0.0,0.0,0.0,0.0,0.0,0.0,0.0,0.0,0.0,0.0
Bryce Williams,FA,NWE,TE,,@Ari,Sun 8:30,0/0,0.0,0.0,0.0,0.0,0.0,0.0,0.0,0.0,0.0,0.0
Alan Cross,WA (Fri),TAM,TE,,@Atl,Sun 1:00,--/--,,,,,,,,,,
Braedon Bowman,WA (Fri),NYJ,TE,,Cin,Sun 1:00,--/--,,,,,,,,,,
Brian Parker,WA (Sat),NYJ,TE,,Cin,Sun 1:00,--/--,,,,,,,,,,
Seahawks,NOG,SEA,DST,,Mia,Sun 4:05,0/0,0.0,0.0,0.0,0.0,0.0,0.0,0.0,0.0,0.0,10.9
Panthers,FUNK,CAR,DST,,@Den,Thu 8:30,0/0,0.0,0.0,0.0,0.0,0.0,0.0,0.0,0.0,0.0,10.6
Packers,LOS,GNB,DST,,@Jax,Sun 1:00,0/0,0.0,0.0,0.0,0.0,0.0,0.0,0.0,0.0,0.0,9.0
Rams,APE,LAR,DST,,@SF,Mon 10:20,0/0,0.0,0.0,0.0,0.0,0.0,0.0,0.0,0.0,0.0,8.5
Eagles,FA,PHI,DST,,Cle,Sun 1:00,0/0,0.0,0.0,0.0,0.0,0.0,0.0,0.0,0.0,0.0,8.2
Cardinals,SLIV,ARI,DST,,NE,Sun 8:30,0/0,0.0,0.0,0.0,0.0,0.0,0.0,0.0,0.0,0.0,7.6
Vikings,BKN,MIN,DST,,@Ten,Sun 1:00,0/0,0.0,0.0,0.0,0.0,0.0,0.0,0.0,0.0,0.0,7.3
Texans,SCOT,HOU,DST,,Chi,Sun 1:00,0/0,0.0,0.0,0.0,0.0,0.0,0.0,0.0,0.0,0.0,7.1
Bengals,LOS,CIN,DST,,@NYJ,Sun 1:00,0/0,0.0,0.0,0.0,0.0,0.0,0.0,0.0,0.0,0.0,7.0
Broncos,BKN,DEN,DST,,Car,Thu 8:30,0/0,0.0,0.0,0.0,0.0,0.0,0.0,0.0,0.0,0.0,6.9
Bills,SLIV,BUF,DST,,@Bal,Sun 1:00,0/0,0.0,0.0,0.0,0.0,0.0,0.0,0.0,0.0,0.0,6.8
Jets,FUNK,NYJ,DST,,Cin,Sun 1:00,0/0,0.0,0.0,0.0,0.0,0.0,0.0,0.0,0.0,0.0,6.6
Buccaneers,FA,TAM,DST,,@Atl,Sun 1:00,0/0,0.0,0.0,0.0,0.0,0.0,0.0,0.0,0.0,0.0,6.3
Ravens,50%,BAL,DST,,Buf,Sun 1:00,0/0,0.0,0.0,0.0,0.0,0.0,0.0,0.0,0.0,0.0,6.2
Chiefs,50%,KAN,DST,,SD,Sun 1:00,0/0,0.0,0.0,0.0,0.0,0.0,0.0,0.0,0.0,0.0,6.1
Lions,FA,DET,DST,,@Ind,Sun 4:25,0/0,0.0,0.0,0.0,0.0,0.0,0.0,0.0,0.0,0.0,6.0
Steelers,FA,PIT,DST,,@Wsh,Mon 7:10,0/0,0.0,0.0,0.0,0.0,0.0,0.0,0.0,0.0,0.0,6.0
49ers,FA,SFO,DST,,LA,Mon 10:20,0/0,0.0,0.0,0.0,0.0,0.0,0.0,0.0,0.0,0.0,5.7
Falcons,FA,ATL,DST,,TB,Sun 1:00,0/0,0.0,0.0,0.0,0.0,0.0,0.0,0.0,0.0,0.0,5.7
Colts,FA,IND,DST,,Det,Sun 4:25,0/0,0.0,0.0,0.0,0.0,0.0,0.0,0.0,0.0,0.0,5.6
Bears,FA,CHI,DST,,@Hou,Sun 1:00,0/0,0.0,0.0,0.0,0.0,0.0,0.0,0.0,0.0,0.0,5.5
Giants,FA,NYG,DST,,@Dal,Sun 4:25,0/0,0.0,0.0,0.0,0.0,0.0,0.0,0.0,0.0,0.0,5.4
Patriots,FA,NWE,DST,,@Ari,Sun 8:30,0/0,0.0,0.0,0.0,0.0,0.0,0.0,0.0,0.0,0.0,5.4
Raiders,FA,OAK,DST,,@NO,Sun 1:00,0/0,0.0,0.0,0.0,0.0,0.0,0.0,0.0,0.0,0.0,5.3
Browns,FA,CLE,DST,,@Phi,Sun 1:00,0/0,0.0,0.0,0.0,0.0,0.0,0.0,0.0,0.0,0.0,5.3
Jaguars,FA,JAC,DST,,GB,Sun 1:00,0/0,0.0,0.0,0.0,0.0,0.0,0.0,0.0,0.0,0.0,5.2
Titans,FA,TEN,DST,,Min,Sun 1:00,0/0,0.0,0.0,0.0,0.0,0.0,0.0,0.0,0.0,0.0,4.9
Saints,FA,NOR,DST,,Oak,Sun 1:00,0/0,0.0,0.0,0.0,0.0,0.0,0.0,0.0,0.0,0.0,4.9
Chargers,FA,SDG,DST,,@KC,Sun 1:00,0/0,0.0,0.0,0.0,0.0,0.0,0.0,0.0,0.0,0.0,4.3
Dolphins,FA,MIA,DST,,@Sea,Sun 4:05,0/0,0.0,0.0,0.0,0.0,0.0,0.0,0.0,0.0,0.0,3.6
Redskins,FA,WAS,DST,,Pit,Mon 7:10,0/0,0.0,0.0,0.0,0.0,0.0,0.0,0.0,0.0,0.0,3.0
Cowboys,FA,DAL,DST,,NYG,Sun 4:25,0/0,0.0,0.0,0.0,0.0,0.0,0.0,0.0,0.0,0.0,2.1
Steven Hauschka,LOS,SEA,K,,Mia,Sun 4:05,0/0,0.0,0.0,0.0,0.0,0.0,0.0,0.0,0.0,0.0,9.6
Adam Vinatieri,LOS,IND,K,,Det,Sun 4:25,0/0,0.0,0.0,0.0,0.0,0.0,0.0,0.0,0.0,0.0,9.6
Justin Tucker,BKN,BAL,K,,Buf,Sun 1:00,0/0,0.0,0.0,0.0,0.0,0.0,0.0,0.0,0.0,0.0,8.6
Matt Bryant,FA,ATL,K,,TB,Sun 1:00,0/0,0.0,0.0,0.0,0.0,0.0,0.0,0.0,0.0,0.0,8.5
Dan Bailey,FUNK,DAL,K,,NYG,Sun 4:25,0/0,0.0,0.0,0.0,0.0,0.0,0.0,0.0,0.0,0.0,8.4
Blair Walsh,FA,MIN,K,,@Ten,Sun 1:00,0/0,0.0,0.0,0.0,0.0,0.0,0.0,0.0,0.0,0.0,8.4
Mason Crosby,FUNK,GNB,K,,@Jax,Sun 1:00,0/0,0.0,0.0,0.0,0.0,0.0,0.0,0.0,0.0,0.0,8.3
Cairo Santos,SCOT,KAN,K,,SD,Sun 1:00,0/0,0.0,0.0,0.0,0.0,0.0,0.0,0.0,0.0,0.0,8.2
Nick Novak,FA,HOU,K,,Chi,Sun 1:00,0/0,0.0,0.0,0.0,0.0,0.0,0.0,0.0,0.0,0.0,8.2
Roberto Aguayo,SLIV,TAM,K,,@Atl,Sun 1:00,0/0,0.0,0.0,0.0,0.0,0.0,0.0,0.0,0.0,0.0,8.1
Matt Prater,APE,DET,K,,@Ind,Sun 4:25,0/0,0.0,0.0,0.0,0.0,0.0,0.0,0.0,0.0,0.0,8.0
Chandler Catanzaro,50%,ARI,K,,NE,Sun 8:30,0/0,0.0,0.0,0.0,0.0,0.0,0.0,0.0,0.0,0.0,8.0
Chris Boswell,FA,PIT,K,,@Wsh,Mon 7:10,0/0,0.0,0.0,0.0,0.0,0.0,0.0,0.0,0.0,0.0,7.9
Dustin Hopkins,FA,WAS,K,,Pit,Mon 7:10,0/0,0.0,0.0,0.0,0.0,0.0,0.0,0.0,0.0,0.0,7.9
Randy Bullock,FA,NYG,K,,@Dal,Sun 4:25,0/0,0.0,0.0,0.0,0.0,0.0,0.0,0.0,0.0,0.0,7.7
Sebastian Janikowski,FA,OAK,K,,@NO,Sun 1:00,0/0,0.0,0.0,0.0,0.0,0.0,0.0,0.0,0.0,0.0,7.7
Jason Myers,FA,JAC,K,,GB,Sun 1:00,0/0,0.0,0.0,0.0,0.0,0.0,0.0,0.0,0.0,0.0,7.6
Stephen Gostkowski,FA,NWE,K,,@Ari,Sun 8:30,0/0,0.0,0.0,0.0,0.0,0.0,0.0,0.0,0.0,0.0,7.6
Dan Carpenter,FA,BUF,K,,@Bal,Sun 1:00,0/0,0.0,0.0,0.0,0.0,0.0,0.0,0.0,0.0,0.0,7.5
Caleb Sturgis,FA,PHI,K,,Cle,Sun 1:00,0/0,0.0,0.0,0.0,0.0,0.0,0.0,0.0,0.0,0.0,7.4
Phil Dawson,FA,SFO,K,,LA,Mon 10:20,0/0,0.0,0.0,0.0,0.0,0.0,0.0,0.0,0.0,0.0,7.3
Brandon McManus,FA,DEN,K,,Car,Thu 8:30,0/0,0.0,0.0,0.0,0.0,0.0,0.0,0.0,0.0,0.0,7.2
Nick Folk,FA,NYJ,K,,Cin,Sun 1:00,0/0,0.0,0.0,0.0,0.0,0.0,0.0,0.0,0.0,0.0,7.1
Graham Gano,NOG,CAR,K,,@Den,Thu 8:30,0/0,0.0,0.0,0.0,0.0,0.0,0.0,0.0,0.0,0.0,7.0
Mike Nugent,FA,CIN,K,,@NYJ,Sun 1:00,0/0,0.0,0.0,0.0,0.0,0.0,0.0,0.0,0.0,0.0,6.8
Ryan Succop,FA,TEN,K,,Min,Sun 1:00,0/0,0.0,0.0,0.0,0.0,0.0,0.0,0.0,0.0,0.0,6.7
Josh Lambo,FA,SDG,K,,@KC,Sun 1:00,0/0,0.0,0.0,0.0,0.0,0.0,0.0,0.0,0.0,0.0,6.6
Patrick Murray,FA,CLE,K,,@Phi,Sun 1:00,0/0,0.0,0.0,0.0,0.0,0.0,0.0,0.0,0.0,0.0,6.5
Connor Barth,FA,CHI,K,,@Hou,Sun 1:00,0/0,0.0,0.0,0.0,0.0,0.0,0.0,0.0,0.0,0.0,6.4
Greg Zuerlein,FA,LAR,K,,@SF,Mon 10:20,0/0,0.0,0.0,0.0,0.0,0.0,0.0,0.0,0.0,0.0,6.3
Andrew Franks,FA,MIA,K,,@Sea,Sun 4:05,0/0,0.0,0.0,0.0,0.0,0.0,0.0,0.0,0.0,0.0,5.5
Jay Feely,FA,FA,K,,** BYE **,0/0,0,0.0,0.0,0.0,0.0,0.0,0.0,0.0,0.0,,
Shayne Graham,FA,ATL,K,,TB,Sun 1:00,0/0,0.0,0.0,0.0,0.0,0.0,0.0,0.0,0.0,0.0,0.0
Billy Cundiff,FA,CLE,K,,@Phi,Sun 1:00,0/0,0.0,0.0,0.0,0.0,0.0,0.0,0.0,0.0,0.0,0.0
Josh Brown,FA,NYG,K,,@Dal,Sun 4:25,0/0,0.0,0.0,0.0,0.0,0.0,0.0,0.0,0.0,0.0,0.0
Josh Scobee,FA,NOR,K,,Oak,Sun 1:00,0/0,0.0,0.0,0.0,0.0,0.0,0.0,0.0,0.0,0.0,0.0
Robbie Gould,FA,CHI,K,,@Hou,Sun 1:00,0/0,0.0,0.0,0.0,0.0,0.0,0.0,0.0,0.0,0.0,0.0
Shaun Suisham,FA,PIT,K,,@Wsh,Mon 7:10,0/0,0.0,0.0,0.0,0.0,0.0,0.0,0.0,0.0,0.0,0.0
Garrett Hartley,FA,PIT,K,,@Wsh,Mon 7:10,0/0,0.0,0.0,0.0,0.0,0.0,0.0,0.0,0.0,0.0,0.0
Alex Henery,FA,FA,K,,** BYE **,0/0,0,0.0,0.0,0.0,0.0,0.0,0.0,0.0,0.0,,
Kai Forbath,FA,NOR,K,,Oak,Sun 1:00,0/0,0.0,0.0,0.0,0.0,0.0,0.0,0.0,0.0,0.0,0.0
Brandon Bogotay,FA,TAM,K,,@Atl,Sun 1:00,0/0,0.0,0.0,0.0,0.0,0.0,0.0,0.0,0.0,0.0,0.0
Zach Hocker,FA,CIN,K,,@NYJ,Sun 1:00,0/0,0.0,0.0,0.0,0.0,0.0,0.0,0.0,0.0,0.0,0.0
Travis Coons,FA,CLE,K,,@Phi,Sun 1:00,0/0,0.0,0.0,0.0,0.0,0.0,0.0,0.0,0.0,0.0,0.0
Cody Parkey,FA,PHI,K,,Cle,Sun 1:00,0/0,0.0,0.0,0.0,0.0,0.0,0.0,0.0,0.0,0.0,0.0
Kyle Brindza,FA,NYJ,K,,Cin,Sun 1:00,0/0,0.0,0.0,0.0,0.0,0.0,0.0,0.0,0.0,0.0,0.0
Jordan Gay,FA,BUF,K,,@Bal,Sun 1:00,--/--,,,,,,,,,,
