Player,Opp,Team,Pos,WLScore,Cmp_Att,PsYds,PsTD,Int,RsAtt,RsYds,RsTD,Rec,RcYds,RcTD,Tgt,2PC,FumL,MiscTD,FFPts
Drew Brees,Car,NOR,QB,W 41-38,34/49,465.0,4.0,1.0,0.0,0.0,0.0,0.0,0.0,0.0,0.0,0.0,0.0,0.0,32.0
Case Keenum,@Det,LAR,QB,L 28-31,27/32,321.0,3.0,1.0,3.0,7.0,1.0,0.0,0.0,0.0,0.0,0.0,0.0,0.0,28.0
Tom Brady,Cin,NWE,QB,W 35-17,29/35,376.0,3.0,0.0,2.0,2.0,0.0,0.0,0.0,0.0,0.0,0.0,0.0,0.0,27.0
Matthew Stafford,LA,DET,QB,W 31-28,23/31,270.0,4.0,0.0,5.0,14.0,0.0,0.0,0.0,0.0,0.0,0.0,0.0,0.0,27.0
Marcus Mariota,Cle,TEN,QB,W 28-26,17/24,284.0,3.0,1.0,7.0,64.0,0.0,0.0,0.0,0.0,0.0,0.0,0.0,0.0,27.0
Cam Newton,@NO,CAR,QB,L 38-41,27/47,322.0,2.0,1.0,2.0,1.0,1.0,0.0,0.0,0.0,0.0,1.0,0.0,0.0,26.0
Eli Manning,Bal,NYG,QB,W 27-23,32/46,403.0,3.0,2.0,0.0,0.0,0.0,0.0,0.0,0.0,0.0,0.0,0.0,0.0,24.0
Andrew Luck,@Hou,IND,QB,L 23-26,21/32,252.0,1.0,1.0,7.0,53.0,1.0,0.0,0.0,0.0,0.0,0.0,0.0,0.0,23.0
Matt Ryan,@Sea,ATL,QB,L 24-26,27/42,335.0,3.0,1.0,1.0,2.0,0.0,0.0,0.0,0.0,0.0,0.0,1.0,0.0,21.0
Andy Dalton,@NE,CIN,QB,L 17-35,21/31,254.0,1.0,0.0,2.0,17.0,1.0,0.0,0.0,0.0,0.0,0.0,0.0,0.0,21.0
Cody Kessler,@Ten,CLE,QB,L 26-28,26/41,336.0,2.0,0.0,1.0,3.0,0.0,0.0,0.0,0.0,0.0,0.0,0.0,0.0,21.0
Tyrod Taylor,SF,BUF,QB,W 45-16,16/25,179.0,2.0,0.0,8.0,68.0,0.0,0.0,0.0,0.0,0.0,0.0,1.0,0.0,19.0
Colin Kaepernick,@Buf,SFO,QB,L 16-45,13/29,187.0,1.0,0.0,8.0,66.0,0.0,0.0,0.0,0.0,0.0,0.0,0.0,0.0,17.0
Dak Prescott,@GB,DAL,QB,W 30-16,18/27,247.0,3.0,1.0,1.0,6.0,0.0,0.0,0.0,0.0,0.0,0.0,1.0,0.0,17.0
Brock Osweiler,Ind,HOU,QB,W 26-23,25/39,269.0,2.0,1.0,2.0,-4.0,0.0,0.0,0.0,0.0,0.0,0.0,0.0,0.0,16.0
Kirk Cousins,Phi,WAS,QB,W 27-20,18/34,263.0,2.0,1.0,2.0,8.0,0.0,0.0,0.0,0.0,0.0,0.0,0.0,0.0,16.0
Trevor Siemian,@SD,DEN,QB,L 13-21,30/50,230.0,1.0,0.0,1.0,1.0,0.0,0.0,0.0,0.0,0.0,0.0,0.0,0.0,13.0
Carson Palmer,NYJ,ARI,QB,W 28-3,23/34,213.0,1.0,0.0,3.0,-1.0,0.0,0.0,0.0,0.0,0.0,0.0,0.0,0.0,12.0
Joe Flacco,@NYG,BAL,QB,L 23-27,26/48,307.0,0.0,0.0,1.0,0.0,0.0,0.0,0.0,0.0,0.0,0.0,0.0,0.0,12.0
Brian Hoyer,Jax,CHI,QB,L 16-17,30/49,302.0,0.0,0.0,1.0,0.0,0.0,0.0,0.0,0.0,0.0,0.0,0.0,0.0,12.0
Philip Rivers,Den,SDG,QB,W 21-13,18/29,178.0,1.0,0.0,0.0,0.0,0.0,0.0,0.0,0.0,0.0,0.0,0.0,0.0,11.0
Aaron Rodgers,Dal,GNB,QB,L 16-30,31/42,294.0,1.0,1.0,3.0,7.0,0.0,0.0,0.0,0.0,0.0,0.0,1.0,0.0,11.0
Ryan Tannehill,Pit,MIA,QB,W 30-15,24/32,252.0,0.0,0.0,2.0,3.0,0.0,0.0,0.0,0.0,0.0,0.0,0.0,0.0,10.0
Russell Wilson,Atl,SEA,QB,W 26-24,25/37,270.0,0.0,0.0,6.0,7.0,0.0,0.0,0.0,0.0,0.0,0.0,0.0,0.0,10.0
Blake Bortles,@Chi,JAC,QB,W 17-16,20/33,271.0,1.0,1.0,3.0,1.0,0.0,0.0,0.0,0.0,0.0,0.0,1.0,0.0,10.0
Ben Roethlisberger,@Mia,PIT,QB,L 15-30,19/34,189.0,1.0,2.0,0.0,0.0,0.0,0.0,0.0,0.0,0.0,1.0,0.0,0.0,9.0
Derek Carr,KC,OAK,QB,L 10-26,22/34,225.0,1.0,1.0,3.0,8.0,0.0,0.0,0.0,0.0,0.0,0.0,1.0,0.0,9.0
Alex Smith,@Oak,KAN,QB,W 26-10,19/22,224.0,0.0,0.0,3.0,-1.0,0.0,0.0,0.0,0.0,0.0,0.0,0.0,0.0,8.0
Carson Wentz,@Wsh,PHI,QB,L 20-27,11/22,179.0,0.0,0.0,2.0,2.0,0.0,0.0,0.0,0.0,0.0,0.0,0.0,0.0,7.0
Ryan Fitzpatrick,@Ari,NYJ,QB,L 3-28,16/31,174.0,0.0,1.0,1.0,2.0,0.0,0.0,0.0,0.0,0.0,0.0,0.0,0.0,4.0
EJ Manuel,SF,BUF,QB,W 45-16,0/2,0.0,0.0,0.0,3.0,11.0,0.0,0.0,0.0,0.0,0.0,0.0,0.0,0.0,1.0
Mike Vick,@Mia,PIT,QB,L 15-30,0/0,0.0,0.0,0.0,0.0,0.0,0.0,0.0,0.0,0.0,0.0,0.0,0.0,0.0,0.0
Josh McCown,@Ten,CLE,QB,L 26-28,0/0,0.0,0.0,0.0,0.0,0.0,0.0,0.0,0.0,0.0,0.0,0.0,0.0,0.0,0.0
Tony Romo,@GB,DAL,QB,W 30-16,0/0,0.0,0.0,0.0,0.0,0.0,0.0,0.0,0.0,0.0,0.0,0.0,0.0,0.0,0.0
Matt Schaub,@Sea,ATL,QB,L 24-26,0/0,0.0,0.0,0.0,0.0,0.0,0.0,0.0,0.0,0.0,0.0,0.0,0.0,0.0,0.0
Luke McCown,Car,NOR,QB,W 41-38,0/0,0.0,0.0,0.0,0.0,0.0,0.0,0.0,0.0,0.0,0.0,0.0,0.0,0.0,0.0
Dan Orlovsky,LA,DET,QB,W 31-28,0/0,0.0,0.0,0.0,0.0,0.0,0.0,0.0,0.0,0.0,0.0,0.0,0.0,0.0,0.0
Derek Anderson,@NO,CAR,QB,L 38-41,0/0,0.0,0.0,0.0,0.0,0.0,0.0,0.0,0.0,0.0,0.0,0.0,0.0,0.0,0.0
Matt Cassel,Cle,TEN,QB,W 28-26,0/0,0.0,0.0,0.0,0.0,0.0,0.0,0.0,0.0,0.0,0.0,0.0,0.0,0.0,0.0
Jay Cutler,Jax,CHI,QB,L 16-17,0/0,0.0,0.0,0.0,0.0,0.0,0.0,0.0,0.0,0.0,0.0,0.0,0.0,0.0,0.0
Kellen Clemens,Den,SDG,QB,W 21-13,0/0,0.0,0.0,0.0,0.0,0.0,0.0,0.0,0.0,0.0,0.0,0.0,0.0,0.0,0.0
Tarvaris Jackson,Atl,SEA,QB,W 26-24,0/0,0.0,0.0,0.0,0.0,0.0,0.0,0.0,0.0,0.0,0.0,0.0,0.0,0.0,0.0
Charlie Whitehurst,@Ten,CLE,QB,L 26-28,0/0,0.0,0.0,0.0,0.0,0.0,0.0,0.0,0.0,0.0,0.0,0.0,0.0,0.0,0.0
Bruce Gradkowski,@Mia,PIT,QB,L 15-30,0/0,0.0,0.0,0.0,0.0,0.0,0.0,0.0,0.0,0.0,0.0,0.0,0.0,0.0,0.0
Drew Stanton,NYJ,ARI,QB,W 28-3,1/1,12.0,0.0,0.0,1.0,-1.0,0.0,0.0,0.0,0.0,0.0,0.0,0.0,0.0,0.0
Matt Moore,Pit,MIA,QB,W 30-15,0/0,0.0,0.0,0.0,0.0,0.0,0.0,0.0,0.0,0.0,0.0,0.0,0.0,0.0,0.0
Chad Henne,@Chi,JAC,QB,W 17-16,0/0,0.0,0.0,0.0,0.0,0.0,0.0,0.0,0.0,0.0,0.0,0.0,0.0,0.0,0.0
Josh Javon Johnson,Bal,NYG,QB,W 27-23,0/0,0.0,0.0,0.0,0.0,0.0,0.0,0.0,0.0,0.0,0.0,0.0,0.0,0.0,0.0
Matt Flynn,Car,NOR,QB,W 41-38,0/0,0.0,0.0,0.0,0.0,0.0,0.0,0.0,0.0,0.0,0.0,0.0,0.0,0.0,0.0
Chase Daniel,@Wsh,PHI,QB,L 20-27,0/0,0.0,0.0,0.0,0.0,0.0,0.0,0.0,0.0,0.0,0.0,0.0,0.0,0.0,0.0
Josh Freeman,@Hou,IND,QB,L 23-26,0/0,0.0,0.0,0.0,0.0,0.0,0.0,0.0,0.0,0.0,0.0,0.0,0.0,0.0,0.0
Mark Sanchez,@GB,DAL,QB,W 30-16,0/0,0.0,0.0,0.0,0.0,0.0,0.0,0.0,0.0,0.0,0.0,0.0,0.0,0.0,0.0
Jimmy Clausen,@NYG,BAL,QB,L 23-27,0/0,0.0,0.0,0.0,0.0,0.0,0.0,0.0,0.0,0.0,0.0,0.0,0.0,0.0,0.0
Colt McCoy,Phi,WAS,QB,W 27-20,0/0,0.0,0.0,0.0,0.0,0.0,0.0,0.0,0.0,0.0,0.0,0.0,0.0,0.0,0.0
Joe Webb,@NO,CAR,QB,L 38-41,0/0,0.0,0.0,0.0,0.0,0.0,0.0,0.0,0.0,0.0,0.0,0.0,0.0,0.0,0.0
Thaddeus Lewis,@Buf,SFO,QB,L 16-45,0/0,0.0,0.0,0.0,0.0,0.0,0.0,0.0,0.0,0.0,0.0,0.0,0.0,0.0,0.0
Christian Ponder,@Buf,SFO,QB,L 16-45,0/0,0.0,0.0,0.0,0.0,0.0,0.0,0.0,0.0,0.0,0.0,0.0,0.0,0.0,0.0
Blaine Gabbert,@Buf,SFO,QB,L 16-45,0/0,0.0,0.0,0.0,0.0,0.0,0.0,0.0,0.0,0.0,0.0,0.0,0.0,0.0,0.0
Ryan Mallett,@NYG,BAL,QB,L 23-27,0/0,0.0,0.0,0.0,0.0,0.0,0.0,0.0,0.0,0.0,0.0,0.0,0.0,0.0,0.0
T.J. Yates,Ind,HOU,QB,W 26-23,0/0,0.0,0.0,0.0,0.0,0.0,0.0,0.0,0.0,0.0,0.0,0.0,0.0,0.0,0.0
Jerrod Johnson,@GB,DAL,QB,W 30-16,0/0,0.0,0.0,0.0,0.0,0.0,0.0,0.0,0.0,0.0,0.0,0.0,0.0,0.0,0.0
Scott Tolzien,@Hou,IND,QB,L 23-26,0/0,0.0,0.0,0.0,0.0,0.0,0.0,0.0,0.0,0.0,0.0,0.0,0.0,0.0,0.0
Robert Griffin III,@Ten,CLE,QB,L 26-28,0/0,0.0,0.0,0.0,0.0,0.0,0.0,0.0,0.0,0.0,0.0,0.0,0.0,0.0,0.0
Nick Foles,@Oak,KAN,QB,W 26-10,0/0,0.0,0.0,0.0,0.0,0.0,0.0,0.0,0.0,0.0,0.0,0.0,0.0,0.0,0.0
Brandon Weeden,Ind,HOU,QB,W 26-23,0/0,0.0,0.0,0.0,0.0,0.0,0.0,0.0,0.0,0.0,0.0,0.0,0.0,0.0,0.0
Kellen Moore,@GB,DAL,QB,W 30-16,0/0,0.0,0.0,0.0,0.0,0.0,0.0,0.0,0.0,0.0,0.0,0.0,0.0,0.0,0.0
Ryan Lindley,@Hou,IND,QB,L 23-26,0/0,0.0,0.0,0.0,0.0,0.0,0.0,0.0,0.0,0.0,0.0,0.0,0.0,0.0,0.0
Austin Davis,@SD,DEN,QB,L 13-21,0/0,0.0,0.0,0.0,0.0,0.0,0.0,0.0,0.0,0.0,0.0,0.0,0.0,0.0,0.0
Matt Simms,@Sea,ATL,QB,L 24-26,0/0,0.0,0.0,0.0,0.0,0.0,0.0,0.0,0.0,0.0,0.0,0.0,0.0,0.0,0.0
Alex Tanney,Cle,TEN,QB,W 28-26,0/0,0.0,0.0,0.0,0.0,0.0,0.0,0.0,0.0,0.0,0.0,0.0,0.0,0.0,0.0
Ryan Nassib,Bal,NYG,QB,W 27-23,0/0,0.0,0.0,0.0,0.0,0.0,0.0,0.0,0.0,0.0,0.0,0.0,0.0,0.0,0.0
Sean Renfree,@Sea,ATL,QB,L 24-26,0/0,0.0,0.0,0.0,0.0,0.0,0.0,0.0,0.0,0.0,0.0,0.0,0.0,0.0,0.0
Landry Jones,@Mia,PIT,QB,L 15-30,0/1,0.0,0.0,0.0,1.0,-1.0,0.0,0.0,0.0,0.0,0.0,0.0,0.0,0.0,0.0
Zac Dysert,NYJ,ARI,QB,W 28-3,0/0,0.0,0.0,0.0,0.0,0.0,0.0,0.0,0.0,0.0,0.0,0.0,0.0,0.0,0.0
Matt Barkley,Jax,CHI,QB,L 16-17,0/0,0.0,0.0,0.0,0.0,0.0,0.0,0.0,0.0,0.0,0.0,0.0,0.0,0.0,0.0
Tyler Bray,@Oak,KAN,QB,W 26-10,0/0,0.0,0.0,0.0,0.0,0.0,0.0,0.0,0.0,0.0,0.0,0.0,0.0,0.0,0.0
Matt McGloin,KC,OAK,QB,L 10-26,0/0,0.0,0.0,0.0,0.0,0.0,0.0,0.0,0.0,0.0,0.0,0.0,0.0,0.0,0.0
Johnny Manziel,@Ten,CLE,QB,L 26-28,0/0,0.0,0.0,0.0,0.0,0.0,0.0,0.0,0.0,0.0,0.0,0.0,0.0,0.0,0.0
Jimmy Garoppolo,Cin,NWE,QB,W 35-17,0/0,0.0,0.0,0.0,0.0,0.0,0.0,0.0,0.0,0.0,0.0,0.0,0.0,0.0,0.0
AJ McCarron,@NE,CIN,QB,L 17-35,0/0,0.0,0.0,0.0,0.0,0.0,0.0,0.0,0.0,0.0,0.0,0.0,0.0,0.0,0.0
Tajh Boyd,@Mia,PIT,QB,L 15-30,0/0,0.0,0.0,0.0,0.0,0.0,0.0,0.0,0.0,0.0,0.0,0.0,0.0,0.0,0.0
Logan Thomas,Bal,NYG,QB,W 27-23,0/0,0.0,0.0,0.0,0.0,0.0,0.0,0.0,0.0,0.0,0.0,0.0,0.0,0.0,0.0
Zach Mettenberger,@Mia,PIT,QB,L 15-30,0/0,0.0,0.0,0.0,0.0,0.0,0.0,0.0,0.0,0.0,0.0,0.0,0.0,0.0,0.0
David Fales,Jax,CHI,QB,L 16-17,0/0,0.0,0.0,0.0,0.0,0.0,0.0,0.0,0.0,0.0,0.0,0.0,0.0,0.0,0.0
Keith Wenning,@NE,CIN,QB,L 17-35,0/0,0.0,0.0,0.0,0.0,0.0,0.0,0.0,0.0,0.0,0.0,0.0,0.0,0.0,0.0
Tom Savage,Ind,HOU,QB,W 26-23,0/0,0.0,0.0,0.0,0.0,0.0,0.0,0.0,0.0,0.0,0.0,0.0,0.0,0.0,0.0
Aaron Murray,@Oak,KAN,QB,W 26-10,0/0,0.0,0.0,0.0,0.0,0.0,0.0,0.0,0.0,0.0,0.0,0.0,0.0,0.0,0.0
Matt Blanchard,Jax,CHI,QB,L 16-17,0/0,0.0,0.0,0.0,0.0,0.0,0.0,0.0,0.0,0.0,0.0,0.0,0.0,0.0,0.0
Dustin Vaughan,@Mia,PIT,QB,L 15-30,0/0,0.0,0.0,0.0,0.0,0.0,0.0,0.0,0.0,0.0,0.0,0.0,0.0,0.0,0.0
Connor Shaw,Jax,CHI,QB,L 16-17,0/0,0.0,0.0,0.0,0.0,0.0,0.0,0.0,0.0,0.0,0.0,0.0,0.0,0.0,0.0
Bryce Petty,@Ari,NYJ,QB,L 3-28,0/0,0.0,0.0,0.0,0.0,0.0,0.0,0.0,0.0,0.0,0.0,0.0,0.0,0.0,0.0
Dylan Thompson,@Det,LAR,QB,L 28-31,0/0,0.0,0.0,0.0,0.0,0.0,0.0,0.0,0.0,0.0,0.0,0.0,0.0,0.0,0.0
Sean Mannion,@Det,LAR,QB,L 28-31,0/0,0.0,0.0,0.0,0.0,0.0,0.0,0.0,0.0,0.0,0.0,0.0,0.0,0.0,0.0
Garrett Grayson,Car,NOR,QB,W 41-38,0/0,0.0,0.0,0.0,0.0,0.0,0.0,0.0,0.0,0.0,0.0,0.0,0.0,0.0,0.0
Brett Hundley,Dal,GNB,QB,L 16-30,0/0,0.0,0.0,0.0,0.0,0.0,0.0,0.0,0.0,0.0,0.0,0.0,0.0,0.0,0.0
Jared Goff,@Det,LAR,QB,L 28-31,0/0,0.0,0.0,0.0,0.0,0.0,0.0,0.0,0.0,0.0,0.0,0.0,0.0,0.0,0.0
Paxton Lynch,@SD,DEN,QB,L 13-21,0/0,0.0,0.0,0.0,0.0,0.0,0.0,0.0,0.0,0.0,0.0,0.0,0.0,0.0,0.0
Christian Hackenberg,@Ari,NYJ,QB,L 3-28,0/0,0.0,0.0,0.0,0.0,0.0,0.0,0.0,0.0,0.0,0.0,0.0,0.0,0.0,0.0
Jacoby Brissett,Cin,NWE,QB,W 35-17,0/0,0.0,0.0,0.0,0.0,0.0,0.0,0.0,0.0,0.0,0.0,0.0,0.0,0.0,0.0
Connor Cook,KC,OAK,QB,L 10-26,0/0,0.0,0.0,0.0,0.0,0.0,0.0,0.0,0.0,0.0,0.0,0.0,0.0,0.0,0.0
Cardale Jones,SF,BUF,QB,W 45-16,0/0,0.0,0.0,0.0,0.0,0.0,0.0,0.0,0.0,0.0,0.0,0.0,0.0,0.0,0.0
Kevin Hogan,@Ten,CLE,QB,L 26-28,0/0,0.0,0.0,0.0,0.0,0.0,0.0,0.0,0.0,0.0,0.0,0.0,0.0,0.0,0.0
Nate Sudfeld,Phi,WAS,QB,W 27-20,0/0,0.0,0.0,0.0,0.0,0.0,0.0,0.0,0.0,0.0,0.0,0.0,0.0,0.0,0.0
Jake Rudock,LA,DET,QB,W 31-28,0/0,0.0,0.0,0.0,0.0,0.0,0.0,0.0,0.0,0.0,0.0,0.0,0.0,0.0,0.0
Brandon Allen,@Chi,JAC,QB,W 17-16,0/0,0.0,0.0,0.0,0.0,0.0,0.0,0.0,0.0,0.0,0.0,0.0,0.0,0.0,0.0
Jeff Driskel,@NE,CIN,QB,L 17-35,0/0,0.0,0.0,0.0,0.0,0.0,0.0,0.0,0.0,0.0,0.0,0.0,0.0,0.0,0.0
Brandon Doughty,Pit,MIA,QB,W 30-15,0/0,0.0,0.0,0.0,0.0,0.0,0.0,0.0,0.0,0.0,0.0,0.0,0.0,0.0,0.0
Trevone Boykin,Atl,SEA,QB,W 26-24,0/0,0.0,0.0,0.0,0.0,0.0,0.0,0.0,0.0,0.0,0.0,0.0,0.0,0.0,0.0
Stephen Morris,@Hou,IND,QB,L 23-26,0/0,0.0,0.0,0.0,0.0,0.0,0.0,0.0,0.0,0.0,0.0,0.0,0.0,0.0,0.0
Joe Callahan,@Ten,CLE,QB,L 26-28,0/0,0.0,0.0,0.0,0.0,0.0,0.0,0.0,0.0,0.0,0.0,0.0,0.0,0.0,0.0
Geno Smith,@Ari,NYJ,QB,L 3-28,4/6,31.0,0.0,1.0,1.0,2.0,0.0,0.0,0.0,0.0,0.0,0.0,0.0,0.0,-1.0
Shaun Hill,** BYE **,MIN,QB,,,,,,,,,,,,,,,,
Sam Bradford,** BYE **,MIN,QB,,,,,,,,,,,,,,,,
Tim Tebow,** BYE **,FA,QB,,,,,,,,,,,,,,,,
Dan LeFevour,** BYE **,TAM,QB,,,,,,,,,,,,,,,,
Mike Glennon,** BYE **,TAM,QB,,,,,,,,,,,,,,,,
Ryan Griffin,** BYE **,TAM,QB,,,,,,,,,,,,,,,,
Teddy Bridgewater,** BYE **,MIN,QB,,,,,,,,,,,,,,,,
Jameis Winston,** BYE **,TAM,QB,,,,,,,,,,,,,,,,
Taylor Heinicke,** BYE **,MIN,QB,,,,,,,,,,,,,,,,
LeSean McCoy,SF,BUF,RB,W 45-16,0/0,0.0,0.0,0.0,19.0,140.0,3.0,1.0,2.0,0.0,2.0,0.0,0.0,0.0,32.0
Jay Ajayi,Pit,MIA,RB,W 30-15,0/0,0.0,0.0,0.0,25.0,204.0,2.0,1.0,3.0,0.0,2.0,0.0,0.0,0.0,32.0
David Johnson,NYJ,ARI,RB,W 28-3,0/0,0.0,0.0,0.0,22.0,111.0,3.0,3.0,27.0,0.0,6.0,0.0,0.0,0.0,31.0
Lamar Miller,Ind,HOU,RB,W 26-23,0/0,0.0,0.0,0.0,24.0,149.0,1.0,3.0,29.0,1.0,4.0,0.0,0.0,0.0,28.0
Terrance West,@NYG,BAL,RB,L 23-27,0/0,0.0,0.0,0.0,23.0,87.0,2.0,4.0,36.0,0.0,6.0,0.0,0.0,0.0,23.0
Spencer Ware,@Oak,KAN,RB,W 26-10,0/0,0.0,0.0,0.0,24.0,131.0,1.0,2.0,32.0,0.0,2.0,0.0,0.0,0.0,22.0
Jonathan Stewart,@NO,CAR,RB,L 38-41,0/0,0.0,0.0,0.0,19.0,85.0,2.0,0.0,0.0,0.0,1.0,0.0,0.0,0.0,20.0
Christine Michael,Atl,SEA,RB,W 26-24,0/0,0.0,0.0,0.0,18.0,64.0,2.0,3.0,19.0,0.0,3.0,0.0,0.0,0.0,19.0
Matt Jones,Phi,WAS,RB,W 27-20,0/0,0.0,0.0,0.0,16.0,135.0,1.0,0.0,0.0,0.0,0.0,0.0,0.0,0.0,19.0
James White,Cin,NWE,RB,W 35-17,0/0,0.0,0.0,0.0,7.0,19.0,0.0,8.0,47.0,2.0,9.0,0.0,0.0,0.0,17.0
Ezekiel Elliott,@GB,DAL,RB,W 30-16,0/0,0.0,0.0,0.0,28.0,157.0,0.0,2.0,17.0,0.0,4.0,0.0,0.0,0.0,16.0
LeGarrette Blount,Cin,NWE,RB,W 35-17,0/0,0.0,0.0,0.0,13.0,50.0,1.0,2.0,20.0,0.0,2.0,0.0,0.0,0.0,13.0
DeMarco Murray,Cle,TEN,RB,W 28-26,0/0,0.0,0.0,0.0,21.0,65.0,1.0,0.0,0.0,0.0,2.0,0.0,0.0,0.0,12.0
Le'Veon Bell,@Mia,PIT,RB,L 15-30,0/0,0.0,0.0,0.0,10.0,53.0,0.0,6.0,55.0,0.0,7.0,1.0,0.0,0.0,12.0
Mike Gillislee,SF,BUF,RB,W 45-16,0/0,0.0,0.0,0.0,6.0,61.0,1.0,0.0,0.0,0.0,0.0,0.0,0.0,0.0,12.0
Duke Johnson Jr.,@Ten,CLE,RB,L 26-28,0/0,0.0,0.0,0.0,4.0,18.0,1.0,4.0,56.0,0.0,6.0,0.0,0.0,0.0,12.0
Frank Gore,@Hou,IND,RB,L 23-26,0/0,0.0,0.0,0.0,22.0,106.0,0.0,1.0,2.0,0.0,1.0,0.0,0.0,0.0,10.0
Jamaal Charles,@Oak,KAN,RB,W 26-10,0/0,0.0,0.0,0.0,9.0,33.0,1.0,2.0,14.0,0.0,2.0,0.0,0.0,0.0,10.0
Chris Ivory,@Chi,JAC,RB,W 17-16,0/0,0.0,0.0,0.0,11.0,32.0,1.0,2.0,3.0,0.0,2.0,0.0,0.0,0.0,9.0
Melvin Gordon,Den,SDG,RB,W 21-13,0/0,0.0,0.0,0.0,27.0,94.0,0.0,0.0,0.0,0.0,2.0,0.0,0.0,0.0,9.0
Jordan Howard,Jax,CHI,RB,L 16-17,0/0,0.0,0.0,0.0,15.0,34.0,1.0,2.0,6.0,0.0,4.0,0.0,0.0,0.0,9.0
Giovani Bernard,@NE,CIN,RB,L 17-35,0/0,0.0,0.0,0.0,15.0,49.0,0.0,4.0,45.0,0.0,5.0,0.0,0.0,0.0,8.0
Todd Gurley,@Det,LAR,RB,L 28-31,0/0,0.0,0.0,0.0,14.0,58.0,0.0,4.0,39.0,0.0,4.0,0.0,0.0,0.0,8.0
Damien Williams,Pit,MIA,RB,W 30-15,0/0,0.0,0.0,0.0,6.0,12.0,1.0,2.0,5.0,0.0,2.0,0.0,0.0,0.0,7.0
Ty Montgomery,Dal,GNB,RB,L 16-30,0/0,0.0,0.0,0.0,3.0,6.0,0.0,10.0,98.0,0.0,12.0,0.0,1.0,0.0,7.0
Wendell Smallwood,@Wsh,PHI,RB,L 20-27,0/0,0.0,0.0,0.0,4.0,6.0,0.0,1.0,14.0,0.0,2.0,0.0,0.0,1.0,7.0
Ryan Mathews,@Wsh,PHI,RB,L 20-27,0/0,0.0,0.0,0.0,9.0,60.0,0.0,0.0,0.0,0.0,0.0,0.0,0.0,0.0,6.0
Eddie Lacy,Dal,GNB,RB,L 16-30,0/0,0.0,0.0,0.0,17.0,65.0,0.0,1.0,6.0,0.0,1.0,0.0,0.0,0.0,6.0
C.J. Anderson,@SD,DEN,RB,L 13-21,0/0,0.0,0.0,0.0,10.0,37.0,0.0,4.0,34.0,0.0,6.0,0.0,0.0,0.0,6.0
Zach Zenner,LA,DET,RB,W 31-28,0/0,0.0,0.0,0.0,14.0,58.0,0.0,2.0,19.0,0.0,2.0,0.0,0.0,0.0,6.0
Alex Collins,Atl,SEA,RB,W 26-24,0/0,0.0,0.0,0.0,1.0,2.0,1.0,1.0,9.0,0.0,1.0,0.0,0.0,0.0,6.0
Mark Ingram,Car,NOR,RB,W 41-38,0/0,0.0,0.0,0.0,16.0,51.0,0.0,2.0,9.0,0.0,3.0,0.0,0.0,0.0,5.0
Chris Thompson,Phi,WAS,RB,W 27-20,0/0,0.0,0.0,0.0,9.0,37.0,0.0,3.0,29.0,0.0,3.0,0.0,0.0,0.0,5.0
Carlos Hyde,@Buf,SFO,RB,L 16-45,0/0,0.0,0.0,0.0,14.0,52.0,0.0,0.0,0.0,0.0,0.0,0.0,0.0,0.0,5.0
Ka'Deem Carey,Jax,CHI,RB,L 16-17,0/0,0.0,0.0,0.0,9.0,50.0,0.0,0.0,0.0,0.0,1.0,0.0,0.0,0.0,5.0
Devonta Freeman,@Sea,ATL,RB,L 24-26,0/0,0.0,0.0,0.0,12.0,40.0,0.0,3.0,10.0,0.0,5.0,0.0,0.0,0.0,5.0
Robert Kelley,Phi,WAS,RB,W 27-20,0/0,0.0,0.0,0.0,5.0,59.0,0.0,0.0,0.0,0.0,0.0,0.0,0.0,0.0,5.0
Devontae Booker,@SD,DEN,RB,L 13-21,0/0,0.0,0.0,0.0,5.0,46.0,0.0,2.0,7.0,0.0,2.0,0.0,0.0,0.0,4.0
DeAndre Washington,KC,OAK,RB,L 10-26,0/0,0.0,0.0,0.0,10.0,49.0,0.0,0.0,0.0,0.0,1.0,0.0,0.0,0.0,4.0
Rashad Jennings,Bal,NYG,RB,W 27-23,0/0,0.0,0.0,0.0,9.0,15.0,0.0,4.0,20.0,0.0,4.0,0.0,0.0,0.0,3.0
C.J. Spiller,Atl,SEA,RB,W 26-24,0/0,0.0,0.0,0.0,1.0,-3.0,0.0,3.0,38.0,0.0,6.0,0.0,0.0,0.0,3.0
Jeremy Hill,@NE,CIN,RB,L 17-35,0/0,0.0,0.0,0.0,13.0,38.0,0.0,1.0,3.0,0.0,1.0,0.0,0.0,0.0,3.0
Isaiah Crowell,@Ten,CLE,RB,L 26-28,0/0,0.0,0.0,0.0,9.0,16.0,0.0,2.0,20.0,0.0,2.0,0.0,0.0,0.0,3.0
Darren Sproles,@Wsh,PHI,RB,L 20-27,0/0,0.0,0.0,0.0,4.0,20.0,0.0,1.0,4.0,0.0,1.0,0.0,0.0,0.0,2.0
Bilal Powell,@Ari,NYJ,RB,L 3-28,0/0,0.0,0.0,0.0,3.0,10.0,0.0,3.0,12.0,0.0,4.0,0.0,0.0,0.0,2.0
Robert Turbin,@Hou,IND,RB,L 23-26,0/0,0.0,0.0,0.0,3.0,2.0,0.0,4.0,22.0,0.0,4.0,0.0,0.0,0.0,2.0
Travaris Cadet,Car,NOR,RB,W 41-38,0/0,0.0,0.0,0.0,1.0,3.0,0.0,4.0,27.0,0.0,5.0,0.0,0.0,0.0,2.0
Bobby Rainey,Bal,NYG,RB,W 27-23,0/0,0.0,0.0,0.0,6.0,13.0,0.0,2.0,16.0,0.0,3.0,0.0,0.0,0.0,2.0
Andre Ellington,NYJ,ARI,RB,W 28-3,0/0,0.0,0.0,0.0,5.0,25.0,0.0,0.0,0.0,0.0,0.0,0.0,0.0,0.0,2.0
Kyle Juszczyk,@NYG,BAL,RB,L 23-27,0/0,0.0,0.0,0.0,0.0,0.0,0.0,4.0,25.0,0.0,6.0,0.0,0.0,0.0,2.0
T.J. Yeldon,@Chi,JAC,RB,W 17-16,0/0,0.0,0.0,0.0,6.0,21.0,0.0,1.0,5.0,0.0,2.0,0.0,0.0,0.0,2.0
Derrick Henry,Cle,TEN,RB,W 28-26,0/0,0.0,0.0,0.0,2.0,7.0,0.0,2.0,20.0,0.0,2.0,0.0,0.0,0.0,2.0
Paul Perkins,Bal,NYG,RB,W 27-23,0/0,0.0,0.0,0.0,2.0,10.0,0.0,2.0,16.0,0.0,2.0,0.0,0.0,0.0,2.0
DeAngelo Williams,@Mia,PIT,RB,L 15-30,0/0,0.0,0.0,0.0,3.0,10.0,0.0,0.0,0.0,0.0,0.0,0.0,0.0,0.0,1.0
Matt Forte,@Ari,NYJ,RB,L 3-28,0/0,0.0,0.0,0.0,9.0,19.0,0.0,1.0,3.0,0.0,3.0,0.0,0.0,0.0,1.0
Mike Tolbert,@NO,CAR,RB,L 38-41,0/0,0.0,0.0,0.0,3.0,12.0,0.0,0.0,0.0,0.0,0.0,0.0,0.0,0.0,1.0
Arian Foster,Pit,MIA,RB,W 30-15,0/0,0.0,0.0,0.0,3.0,3.0,0.0,2.0,12.0,0.0,2.0,0.0,0.0,0.0,1.0
Dexter McCluster,Den,SDG,RB,W 21-13,0/0,0.0,0.0,0.0,0.0,0.0,0.0,2.0,15.0,0.0,2.0,0.0,0.0,0.0,1.0
Rex Burkhead,@NE,CIN,RB,L 17-35,0/0,0.0,0.0,0.0,2.0,16.0,0.0,0.0,0.0,0.0,0.0,0.0,0.0,0.0,1.0
Stepfan Taylor,NYJ,ARI,RB,W 28-3,0/0,0.0,0.0,0.0,2.0,14.0,0.0,0.0,0.0,0.0,0.0,0.0,0.0,0.0,1.0
Benjamin Cunningham,@Det,LAR,RB,L 28-31,0/0,0.0,0.0,0.0,2.0,9.0,0.0,2.0,14.0,0.0,2.0,0.0,0.0,0.0,1.0
Alfred Blue,Ind,HOU,RB,W 26-23,0/0,0.0,0.0,0.0,2.0,13.0,0.0,0.0,0.0,0.0,0.0,0.0,0.0,0.0,1.0
Charcandrick West,@Oak,KAN,RB,W 26-10,0/0,0.0,0.0,0.0,3.0,19.0,0.0,0.0,0.0,0.0,0.0,0.0,0.0,0.0,1.0
Tevin Coleman,@Sea,ATL,RB,L 24-26,0/0,0.0,0.0,0.0,5.0,10.0,0.0,1.0,7.0,0.0,2.0,0.0,0.0,0.0,1.0
Mike Davis,@Buf,SFO,RB,L 16-45,0/0,0.0,0.0,0.0,5.0,13.0,0.0,1.0,6.0,0.0,3.0,0.0,0.0,0.0,1.0
Kenneth Dixon,@NYG,BAL,RB,L 23-27,0/0,0.0,0.0,0.0,2.0,11.0,0.0,1.0,1.0,0.0,2.0,0.0,0.0,0.0,1.0
Steven Jackson,Cin,NWE,RB,W 35-17,0/0,0.0,0.0,0.0,0.0,0.0,0.0,0.0,0.0,0.0,0.0,0.0,0.0,0.0,0.0
John Kuhn,Car,NOR,RB,W 41-38,0/0,0.0,0.0,0.0,0.0,0.0,0.0,0.0,0.0,0.0,0.0,0.0,0.0,0.0,0.0
Reggie Bush,SF,BUF,RB,W 45-16,0/0,0.0,0.0,0.0,2.0,6.0,0.0,0.0,0.0,0.0,0.0,0.0,0.0,0.0,0.0
Fred Jackson,Atl,SEA,RB,W 26-24,0/0,0.0,0.0,0.0,0.0,0.0,0.0,0.0,0.0,0.0,0.0,0.0,0.0,0.0,0.0
Marshawn Lynch,Atl,SEA,RB,W 26-24,0/0,0.0,0.0,0.0,0.0,0.0,0.0,0.0,0.0,0.0,0.0,0.0,0.0,0.0,0.0
Ahmad Bradshaw,@Hou,IND,RB,L 23-26,0/0,0.0,0.0,0.0,0.0,0.0,0.0,0.0,0.0,0.0,0.0,0.0,0.0,0.0,0.0
Pierre Thomas,Phi,WAS,RB,W 27-20,0/0,0.0,0.0,0.0,0.0,0.0,0.0,0.0,0.0,0.0,0.0,0.0,0.0,0.0,0.0
Darren McFadden,@GB,DAL,RB,W 30-16,0/0,0.0,0.0,0.0,0.0,0.0,0.0,0.0,0.0,0.0,0.0,0.0,0.0,0.0,0.0
Chris Johnson,NYJ,ARI,RB,W 28-3,0/0,0.0,0.0,0.0,0.0,0.0,0.0,0.0,0.0,0.0,0.0,0.0,0.0,0.0,0.0
Jerome Felton,SF,BUF,RB,W 45-16,0/0,0.0,0.0,0.0,0.0,0.0,0.0,0.0,0.0,0.0,1.0,0.0,0.0,0.0,0.0
Tim Hightower,Car,NOR,RB,W 41-38,0/0,0.0,0.0,0.0,0.0,0.0,0.0,0.0,0.0,0.0,0.0,0.0,0.0,0.0,0.0
Justin Forsett,LA,DET,RB,W 31-28,0/0,0.0,0.0,0.0,5.0,5.0,0.0,0.0,0.0,0.0,1.0,0.0,0.0,0.0,0.0
Marcel Reece,KC,OAK,RB,L 10-26,0/0,0.0,0.0,0.0,0.0,0.0,0.0,0.0,0.0,0.0,0.0,0.0,0.0,0.0,0.0
Danny Woodhead,Den,SDG,RB,W 21-13,0/0,0.0,0.0,0.0,0.0,0.0,0.0,0.0,0.0,0.0,0.0,0.0,0.0,0.0,0.0
Donald Brown,Cin,NWE,RB,W 35-17,0/0,0.0,0.0,0.0,0.0,0.0,0.0,0.0,0.0,0.0,0.0,0.0,0.0,0.0,0.0
Cedric Peerman,@NE,CIN,RB,L 17-35,0/0,0.0,0.0,0.0,0.0,0.0,0.0,0.0,0.0,0.0,0.0,0.0,0.0,0.0,0.0
Marcus Thigpen,SF,BUF,RB,W 45-16,0/0,0.0,0.0,0.0,0.0,0.0,0.0,0.0,0.0,0.0,0.0,0.0,0.0,0.0,0.0
Darrel Young,Jax,CHI,RB,L 16-17,0/0,0.0,0.0,0.0,0.0,0.0,0.0,0.0,0.0,0.0,0.0,0.0,0.0,0.0,0.0
Ben Tate,@Mia,PIT,RB,L 15-30,0/0,0.0,0.0,0.0,0.0,0.0,0.0,0.0,0.0,0.0,0.0,0.0,0.0,0.0,0.0
Toby Gerhart,@Chi,JAC,RB,W 17-16,0/0,0.0,0.0,0.0,0.0,0.0,0.0,0.0,0.0,0.0,0.0,0.0,0.0,0.0,0.0
Boobie Dixon,SF,BUF,RB,W 45-16,0/0,0.0,0.0,0.0,0.0,0.0,0.0,0.0,0.0,0.0,0.0,0.0,0.0,0.0,0.0
James Starks,Dal,GNB,RB,L 16-30,0/0,0.0,0.0,0.0,0.0,0.0,0.0,0.0,0.0,0.0,0.0,0.0,0.0,0.0,0.0
Joique Bell,Jax,CHI,RB,L 16-17,0/0,0.0,0.0,0.0,0.0,0.0,0.0,0.0,0.0,0.0,0.0,0.0,0.0,0.0,0.0
James Develin,Cin,NWE,RB,W 35-17,0/0,0.0,0.0,0.0,0.0,0.0,0.0,0.0,0.0,0.0,0.0,0.0,0.0,0.0,0.0
Tyler Clutts,@GB,DAL,RB,W 30-16,0/0,0.0,0.0,0.0,0.0,0.0,0.0,0.0,0.0,0.0,0.0,0.0,0.0,0.0,0.0
Shane Vereen,Bal,NYG,RB,W 27-23,0/0,0.0,0.0,0.0,0.0,0.0,0.0,0.0,0.0,0.0,0.0,0.0,0.0,0.0,0.0
Stevan Ridley,@Sea,ATL,RB,L 24-26,0/0,0.0,0.0,0.0,0.0,0.0,0.0,0.0,0.0,0.0,0.0,0.0,0.0,0.0,0.0
Ryan Williams,@GB,DAL,RB,W 30-16,0/0,0.0,0.0,0.0,0.0,0.0,0.0,0.0,0.0,0.0,0.0,0.0,0.0,0.0,0.0
Daniel Thomas,Pit,MIA,RB,W 30-15,0/0,0.0,0.0,0.0,0.0,0.0,0.0,0.0,0.0,0.0,0.0,0.0,0.0,0.0,0.0
Anthony Sherman,@Oak,KAN,RB,W 26-10,0/0,0.0,0.0,0.0,0.0,0.0,0.0,0.0,0.0,0.0,1.0,0.0,0.0,0.0,0.0
Kendall Hunter,Car,NOR,RB,W 41-38,0/0,0.0,0.0,0.0,0.0,0.0,0.0,0.0,0.0,0.0,0.0,0.0,0.0,0.0,0.0
Taiwan Jones,KC,OAK,RB,L 10-26,0/0,0.0,0.0,0.0,0.0,0.0,0.0,0.0,0.0,0.0,0.0,0.0,0.0,0.0,0.0
Jordan Todman,@Hou,IND,RB,L 23-26,0/0,0.0,0.0,0.0,0.0,0.0,0.0,0.0,0.0,0.0,0.0,0.0,0.0,0.0,0.0
Roy Helu Jr.,KC,OAK,RB,L 10-26,0/0,0.0,0.0,0.0,0.0,0.0,0.0,0.0,0.0,0.0,0.0,0.0,0.0,0.0,0.0
Dion Lewis,Cin,NWE,RB,W 35-17,0/0,0.0,0.0,0.0,0.0,0.0,0.0,0.0,0.0,0.0,0.0,0.0,0.0,0.0,0.0
DuJuan Harris,@Buf,SFO,RB,L 16-45,0/0,0.0,0.0,0.0,0.0,0.0,0.0,0.0,0.0,0.0,0.0,0.0,0.0,0.0,0.0
Patrick DiMarco,@Sea,ATL,RB,L 24-26,0/0,0.0,0.0,0.0,0.0,0.0,0.0,1.0,3.0,0.0,1.0,0.0,0.0,0.0,0.0
Shaun Draughn,@Buf,SFO,RB,L 16-45,0/0,0.0,0.0,0.0,1.0,2.0,0.0,0.0,0.0,0.0,1.0,0.0,0.0,0.0,0.0
Chase Reynolds,@Det,LAR,RB,L 28-31,0/0,0.0,0.0,0.0,0.0,0.0,0.0,0.0,0.0,0.0,0.0,0.0,0.0,0.0,0.0
Will Johnson,Bal,NYG,RB,W 27-23,0/0,0.0,0.0,0.0,0.0,0.0,0.0,0.0,0.0,0.0,0.0,0.0,0.0,0.0,0.0
Trent Richardson,@NYG,BAL,RB,L 23-27,0/0,0.0,0.0,0.0,0.0,0.0,0.0,0.0,0.0,0.0,0.0,0.0,0.0,0.0,0.0
Isaiah Pead,Pit,MIA,RB,W 30-15,0/0,0.0,0.0,0.0,0.0,0.0,0.0,0.0,0.0,0.0,0.0,0.0,0.0,0.0,0.0
Chris Polk,Ind,HOU,RB,W 26-23,0/0,0.0,0.0,0.0,0.0,0.0,0.0,0.0,0.0,0.0,0.0,0.0,0.0,0.0,0.0
LaMike James,Pit,MIA,RB,W 30-15,0/0,0.0,0.0,0.0,0.0,0.0,0.0,0.0,0.0,0.0,0.0,0.0,0.0,0.0,0.0
Bernard Pierce,@Ari,NYJ,RB,L 3-28,0/0,0.0,0.0,0.0,0.0,0.0,0.0,0.0,0.0,0.0,0.0,0.0,0.0,0.0,0.0
Cyrus Gray,@Sea,ATL,RB,L 24-26,0/0,0.0,0.0,0.0,0.0,0.0,0.0,0.0,0.0,0.0,0.0,0.0,0.0,0.0,0.0
Vick Ballard,Car,NOR,RB,W 41-38,0/0,0.0,0.0,0.0,0.0,0.0,0.0,0.0,0.0,0.0,0.0,0.0,0.0,0.0,0.0
Alfred Morris,@GB,DAL,RB,W 30-16,0/0,0.0,0.0,0.0,3.0,2.0,0.0,0.0,0.0,0.0,0.0,0.0,0.0,0.0,0.0
Daniel Herron,SF,BUF,RB,W 45-16,0/0,0.0,0.0,0.0,0.0,0.0,0.0,0.0,0.0,0.0,0.0,0.0,0.0,0.0,0.0
Bryce Brown,Atl,SEA,RB,W 26-24,0/0,0.0,0.0,0.0,0.0,0.0,0.0,0.0,0.0,0.0,0.0,0.0,0.0,0.0,0.0
Daryl Richardson,@Mia,PIT,RB,L 15-30,0/0,0.0,0.0,0.0,0.0,0.0,0.0,0.0,0.0,0.0,0.0,0.0,0.0,0.0,0.0
Cory Harkey,@Det,LAR,RB,L 28-31,0/0,0.0,0.0,0.0,0.0,0.0,0.0,0.0,0.0,0.0,0.0,0.0,0.0,0.0,0.0
Joe Banyard,@Chi,JAC,RB,W 17-16,0/0,0.0,0.0,0.0,0.0,0.0,0.0,0.0,0.0,0.0,0.0,0.0,0.0,0.0,0.0
Derrick Coleman,Atl,SEA,RB,W 26-24,0/0,0.0,0.0,0.0,0.0,0.0,0.0,0.0,0.0,0.0,0.0,0.0,0.0,0.0,0.0
Jonas Gray,@Chi,JAC,RB,W 17-16,0/0,0.0,0.0,0.0,0.0,0.0,0.0,0.0,0.0,0.0,0.0,0.0,0.0,0.0,0.0
Lance Dunbar,@GB,DAL,RB,W 30-16,0/0,0.0,0.0,0.0,0.0,0.0,0.0,0.0,0.0,0.0,0.0,0.0,0.0,0.0,0.0
Brandon Bolden,Cin,NWE,RB,W 35-17,0/0,0.0,0.0,0.0,0.0,0.0,0.0,0.0,0.0,0.0,0.0,0.0,0.0,0.0,0.0
Jonathan Grimes,Ind,HOU,RB,W 26-23,0/0,0.0,0.0,0.0,0.0,0.0,0.0,0.0,0.0,0.0,0.0,0.0,0.0,0.0,0.0
Jamize Olawale,KC,OAK,RB,L 10-26,0/0,0.0,0.0,0.0,0.0,0.0,0.0,0.0,0.0,0.0,0.0,0.0,0.0,0.0,0.0
Fozzy Whittaker,@NO,CAR,RB,L 38-41,0/0,0.0,0.0,0.0,1.0,-1.0,0.0,1.0,4.0,0.0,2.0,0.0,0.0,0.0,0.0
Knile Davis,Dal,GNB,RB,L 16-30,0/0,0.0,0.0,0.0,0.0,0.0,0.0,0.0,0.0,0.0,0.0,0.0,0.0,0.0,0.0
Latavius Murray,KC,OAK,RB,L 10-26,0/0,0.0,0.0,0.0,0.0,0.0,0.0,0.0,0.0,0.0,0.0,0.0,0.0,0.0,0.0
Kenjon Barner,@Wsh,PHI,RB,L 20-27,0/0,0.0,0.0,0.0,2.0,6.0,0.0,0.0,0.0,0.0,0.0,0.0,0.0,0.0,0.0
Denard Robinson,@Chi,JAC,RB,W 17-16,0/0,0.0,0.0,0.0,0.0,0.0,0.0,0.0,0.0,0.0,0.0,0.0,0.0,0.0,0.0
Tommy Bohanon,@Ari,NYJ,RB,L 3-28,0/0,0.0,0.0,0.0,0.0,0.0,0.0,0.0,0.0,0.0,0.0,0.0,0.0,0.0,0.0
Theo Riddick,LA,DET,RB,W 31-28,0/0,0.0,0.0,0.0,0.0,0.0,0.0,0.0,0.0,0.0,0.0,0.0,0.0,0.0,0.0
Zac Stacy,@Ari,NYJ,RB,L 3-28,0/0,0.0,0.0,0.0,0.0,0.0,0.0,0.0,0.0,0.0,0.0,0.0,0.0,0.0,0.0
Kerwynn Williams,NYJ,ARI,RB,W 28-3,0/0,0.0,0.0,0.0,0.0,0.0,0.0,0.0,0.0,0.0,0.0,0.0,0.0,0.0,0.0
Kendall Gaskins,@Buf,SFO,RB,L 16-45,0/0,0.0,0.0,0.0,0.0,0.0,0.0,0.0,0.0,0.0,0.0,0.0,0.0,0.0,0.0
Steven Miller,LA,DET,RB,W 31-28,0/0,0.0,0.0,0.0,0.0,0.0,0.0,0.0,0.0,0.0,0.0,0.0,0.0,0.0,0.0
George Winn,LA,DET,RB,W 31-28,0/0,0.0,0.0,0.0,0.0,0.0,0.0,0.0,0.0,0.0,0.0,0.0,0.0,0.0,0.0
Khiry Robinson,@Ari,NYJ,RB,L 3-28,0/0,0.0,0.0,0.0,0.0,0.0,0.0,0.0,0.0,0.0,0.0,0.0,0.0,0.0,0.0
Dri Archer,SF,BUF,RB,W 45-16,0/0,0.0,0.0,0.0,0.0,0.0,0.0,0.0,0.0,0.0,0.0,0.0,0.0,0.0,0.0
Tre Mason,@Det,LAR,RB,L 28-31,0/0,0.0,0.0,0.0,0.0,0.0,0.0,0.0,0.0,0.0,0.0,0.0,0.0,0.0,0.0
Bishop Sankey,Cle,TEN,RB,W 28-26,0/0,0.0,0.0,0.0,0.0,0.0,0.0,0.0,0.0,0.0,0.0,0.0,0.0,0.0,0.0
Tyler Gaffney,Cin,NWE,RB,W 35-17,0/0,0.0,0.0,0.0,0.0,0.0,0.0,0.0,0.0,0.0,0.0,0.0,0.0,0.0,0.0
Lache Seastrunk,@Ari,NYJ,RB,L 3-28,0/0,0.0,0.0,0.0,0.0,0.0,0.0,0.0,0.0,0.0,0.0,0.0,0.0,0.0,0.0
Andre Williams,Den,SDG,RB,W 21-13,0/0,0.0,0.0,0.0,0.0,0.0,0.0,0.0,0.0,0.0,0.0,0.0,0.0,0.0,0.0
Lorenzo Taliaferro,@NYG,BAL,RB,L 23-27,0/0,0.0,0.0,0.0,0.0,0.0,0.0,0.0,0.0,0.0,0.0,0.0,0.0,0.0,0.0
Marion Grice,NYJ,ARI,RB,W 28-3,0/0,0.0,0.0,0.0,0.0,0.0,0.0,0.0,0.0,0.0,0.0,0.0,0.0,0.0,0.0
Juwan Thompson,@SD,DEN,RB,L 13-21,0/0,0.0,0.0,0.0,0.0,0.0,0.0,0.0,0.0,0.0,0.0,0.0,0.0,0.0,0.0
Kapri Bibbs,@SD,DEN,RB,L 13-21,0/0,0.0,0.0,0.0,0.0,0.0,0.0,0.0,0.0,0.0,0.0,0.0,0.0,0.0,0.0
Branden Oliver,Den,SDG,RB,W 21-13,0/0,0.0,0.0,0.0,0.0,0.0,0.0,0.0,0.0,0.0,0.0,0.0,0.0,0.0,0.0
Antonio Andrews,Cle,TEN,RB,W 28-26,0/0,0.0,0.0,0.0,0.0,0.0,0.0,0.0,0.0,0.0,0.0,0.0,0.0,0.0,0.0
Darrin Reaves,@Oak,KAN,RB,W 26-10,0/0,0.0,0.0,0.0,0.0,0.0,0.0,0.0,0.0,0.0,0.0,0.0,0.0,0.0,0.0
Silas Redd,Phi,WAS,RB,W 27-20,0/0,0.0,0.0,0.0,0.0,0.0,0.0,0.0,0.0,0.0,0.0,0.0,0.0,0.0,0.0
Ryan Hewitt,@NE,CIN,RB,L 17-35,0/0,0.0,0.0,0.0,0.0,0.0,0.0,0.0,0.0,0.0,0.0,0.0,0.0,0.0,0.0
Trey Watts,@Det,LAR,RB,L 28-31,0/0,0.0,0.0,0.0,0.0,0.0,0.0,0.0,0.0,0.0,0.0,0.0,0.0,0.0,0.0
Austin Johnson,Car,NOR,RB,W 41-38,0/0,0.0,0.0,0.0,0.0,0.0,0.0,0.0,0.0,0.0,0.0,0.0,0.0,0.0,0.0
Jay Prosch,Ind,HOU,RB,W 26-23,0/0,0.0,0.0,0.0,0.0,0.0,0.0,0.0,0.0,0.0,0.0,0.0,0.0,0.0,0.0
Orleans Darkwa,Bal,NYG,RB,W 27-23,0/0,0.0,0.0,0.0,0.0,0.0,0.0,0.0,0.0,0.0,0.0,0.0,0.0,0.0,0.0
Senorise Perry,Jax,CHI,RB,L 16-17,0/0,0.0,0.0,0.0,0.0,0.0,0.0,0.0,0.0,0.0,0.0,0.0,0.0,0.0,0.0
Glenn Winston,@Ten,CLE,RB,L 26-28,0/0,0.0,0.0,0.0,0.0,0.0,0.0,0.0,0.0,0.0,0.0,0.0,0.0,0.0,0.0
Fitzgerald Toussaint,@Mia,PIT,RB,L 15-30,0/0,0.0,0.0,0.0,0.0,0.0,0.0,0.0,0.0,0.0,0.0,0.0,0.0,0.0,0.0
Roosevelt Nix,@Mia,PIT,RB,L 15-30,0/0,0.0,0.0,0.0,0.0,0.0,0.0,0.0,0.0,0.0,0.0,0.0,0.0,0.0,0.0
Marcus Murphy,Car,NOR,RB,W 41-38,0/0,0.0,0.0,0.0,0.0,0.0,0.0,0.0,0.0,0.0,0.0,0.0,0.0,0.0,0.0
Michael Burton,LA,DET,RB,W 31-28,0/0,0.0,0.0,0.0,0.0,0.0,0.0,0.0,0.0,0.0,0.0,0.0,0.0,0.0,0.0
Jeremy Langford,Jax,CHI,RB,L 16-17,0/0,0.0,0.0,0.0,0.0,0.0,0.0,0.0,0.0,0.0,0.0,0.0,0.0,0.0,0.0
Jalston Fowler,Cle,TEN,RB,W 28-26,0/0,0.0,0.0,0.0,0.0,0.0,0.0,0.0,0.0,0.0,0.0,0.0,0.0,0.0,0.0
Malcolm Johnson,@Ten,CLE,RB,L 26-28,0/0,0.0,0.0,0.0,0.0,0.0,0.0,0.0,0.0,0.0,0.0,0.0,0.0,0.0,0.0
Joey Iosefa,Cin,NWE,RB,W 35-17,0/0,0.0,0.0,0.0,0.0,0.0,0.0,0.0,0.0,0.0,0.0,0.0,0.0,0.0,0.0
David Cobb,Cle,TEN,RB,W 28-26,0/0,0.0,0.0,0.0,0.0,0.0,0.0,0.0,0.0,0.0,0.0,0.0,0.0,0.0,0.0
Ameer Abdullah,LA,DET,RB,W 31-28,0/0,0.0,0.0,0.0,0.0,0.0,0.0,0.0,0.0,0.0,0.0,0.0,0.0,0.0,0.0
Karlos Williams,@Mia,PIT,RB,L 15-30,0/0,0.0,0.0,0.0,0.0,0.0,0.0,0.0,0.0,0.0,0.0,0.0,0.0,0.0,0.0
Javorius Allen,@NYG,BAL,RB,L 23-27,0/0,0.0,0.0,0.0,0.0,0.0,0.0,0.0,0.0,0.0,0.0,0.0,0.0,0.0,0.0
Kenny Hilliard,Ind,HOU,RB,W 26-23,0/0,0.0,0.0,0.0,0.0,0.0,0.0,0.0,0.0,0.0,0.0,0.0,0.0,0.0,0.0
Josh Robinson,@Hou,IND,RB,L 23-26,0/0,0.0,0.0,0.0,0.0,0.0,0.0,0.0,0.0,0.0,0.0,0.0,0.0,0.0,0.0
Aaron Ripkowski,Dal,GNB,RB,L 16-30,0/0,0.0,0.0,0.0,1.0,0.0,0.0,1.0,2.0,0.0,1.0,0.0,0.0,0.0,0.0
Tyler Varga,@Hou,IND,RB,L 23-26,0/0,0.0,0.0,0.0,0.0,0.0,0.0,0.0,0.0,0.0,0.0,0.0,0.0,0.0,0.0
Cameron Artis-Payne,@NO,CAR,RB,L 38-41,0/0,0.0,0.0,0.0,0.0,0.0,0.0,0.0,0.0,0.0,0.0,0.0,0.0,0.0,0.0
Michael Dyer,KC,OAK,RB,L 10-26,0/0,0.0,0.0,0.0,0.0,0.0,0.0,0.0,0.0,0.0,0.0,0.0,0.0,0.0,0.0
John Crockett,Dal,GNB,RB,L 16-30,0/0,0.0,0.0,0.0,0.0,0.0,0.0,0.0,0.0,0.0,0.0,0.0,0.0,0.0,0.0
Terrence Magee,Atl,SEA,RB,W 26-24,0/0,0.0,0.0,0.0,0.0,0.0,0.0,0.0,0.0,0.0,0.0,0.0,0.0,0.0,0.0
Thomas Rawls,Atl,SEA,RB,W 26-24,0/0,0.0,0.0,0.0,0.0,0.0,0.0,0.0,0.0,0.0,0.0,0.0,0.0,0.0,0.0
Gus Johnson,Den,SDG,RB,W 21-13,0/0,0.0,0.0,0.0,0.0,0.0,0.0,0.0,0.0,0.0,0.0,0.0,0.0,0.0,0.0
Malcolm Brown,@Det,LAR,RB,L 28-31,0/0,0.0,0.0,0.0,0.0,0.0,0.0,0.0,0.0,0.0,0.0,0.0,0.0,0.0,0.0
Terron Ward,@Sea,ATL,RB,L 24-26,0/0,0.0,0.0,0.0,0.0,0.0,0.0,0.0,0.0,0.0,0.0,0.0,0.0,0.0,0.0
Jarryd Hayne,@Buf,SFO,RB,L 16-45,0/0,0.0,0.0,0.0,0.0,0.0,0.0,0.0,0.0,0.0,0.0,0.0,0.0,0.0,0.0
Brandon Wegher,@NO,CAR,RB,L 38-41,0/0,0.0,0.0,0.0,0.0,0.0,0.0,0.0,0.0,0.0,0.0,0.0,0.0,0.0,0.0
Alonzo Harris,Dal,GNB,RB,L 16-30,0/0,0.0,0.0,0.0,0.0,0.0,0.0,0.0,0.0,0.0,0.0,0.0,0.0,0.0,0.0
Corey Grant,@Chi,JAC,RB,W 17-16,0/0,0.0,0.0,0.0,0.0,0.0,0.0,0.0,0.0,0.0,0.0,0.0,0.0,0.0,0.0
Nikita Whitlock,Bal,NYG,RB,W 27-23,0/0,0.0,0.0,0.0,0.0,0.0,0.0,0.0,0.0,0.0,0.0,0.0,0.0,0.0,0.0
Raheem Mostert,Jax,CHI,RB,L 16-17,0/0,0.0,0.0,0.0,0.0,0.0,0.0,0.0,0.0,0.0,0.0,0.0,0.0,0.0,0.0
Rod Smith,@GB,DAL,RB,W 30-16,0/0,0.0,0.0,0.0,0.0,0.0,0.0,0.0,0.0,0.0,0.0,0.0,0.0,0.0,0.0
Trey Williams,@Hou,IND,RB,L 23-26,0/0,0.0,0.0,0.0,0.0,0.0,0.0,0.0,0.0,0.0,0.0,0.0,0.0,0.0,0.0
Akeem Hunt,Ind,HOU,RB,W 26-23,0/0,0.0,0.0,0.0,0.0,0.0,0.0,0.0,0.0,0.0,0.0,0.0,0.0,0.0,0.0
Kenyan Drake,Pit,MIA,RB,W 30-15,0/0,0.0,0.0,0.0,0.0,0.0,0.0,0.0,0.0,0.0,0.0,0.0,0.0,0.0,0.0
C.J. Prosise,Atl,SEA,RB,W 26-24,0/0,0.0,0.0,0.0,0.0,0.0,0.0,0.0,0.0,0.0,0.0,0.0,0.0,0.0,0.0
Tyler Ervin,Ind,HOU,RB,W 26-23,0/0,0.0,0.0,0.0,0.0,0.0,0.0,1.0,4.0,0.0,2.0,0.0,0.0,0.0,0.0
Jonathan Williams,SF,BUF,RB,W 45-16,0/0,0.0,0.0,0.0,5.0,21.0,0.0,0.0,0.0,0.0,0.0,0.0,1.0,0.0,0.0
Andy Janovich,@SD,DEN,RB,L 13-21,0/0,0.0,0.0,0.0,0.0,0.0,0.0,0.0,0.0,0.0,0.0,0.0,0.0,0.0,0.0
Derek Watt,Den,SDG,RB,W 21-13,0/0,0.0,0.0,0.0,0.0,0.0,0.0,1.0,8.0,0.0,1.0,0.0,0.0,0.0,0.0
Kelvin Taylor,@Buf,SFO,RB,L 16-45,0/0,0.0,0.0,0.0,0.0,0.0,0.0,0.0,0.0,0.0,0.0,0.0,0.0,0.0,0.0
Darius Jackson,@GB,DAL,RB,W 30-16,0/0,0.0,0.0,0.0,0.0,0.0,0.0,0.0,0.0,0.0,0.0,0.0,0.0,0.0,0.0
Dwayne Washington,LA,DET,RB,W 31-28,0/0,0.0,0.0,0.0,0.0,0.0,0.0,0.0,0.0,0.0,0.0,0.0,0.0,0.0,0.0
Daniel Lasco,Car,NOR,RB,W 41-38,0/0,0.0,0.0,0.0,2.0,5.0,0.0,1.0,4.0,0.0,2.0,0.0,0.0,0.0,0.0
Keith Marshall,Phi,WAS,RB,W 27-20,0/0,0.0,0.0,0.0,0.0,0.0,0.0,0.0,0.0,0.0,0.0,0.0,0.0,0.0,0.0
Zac Brooks,Atl,SEA,RB,W 26-24,0/0,0.0,0.0,0.0,0.0,0.0,0.0,0.0,0.0,0.0,0.0,0.0,0.0,0.0,0.0
Josh Ferguson,@Hou,IND,RB,L 23-26,0/0,0.0,0.0,0.0,0.0,0.0,0.0,0.0,0.0,0.0,0.0,0.0,0.0,0.0,0.0
Terrell Watson,@Ten,CLE,RB,L 26-28,0/0,0.0,0.0,0.0,0.0,0.0,0.0,0.0,0.0,0.0,0.0,0.0,0.0,0.0,0.0
Brandon Wilds,@Sea,ATL,RB,L 24-26,0/0,0.0,0.0,0.0,0.0,0.0,0.0,0.0,0.0,0.0,0.0,0.0,0.0,0.0,0.0
Jhurell Pressley,Dal,GNB,RB,L 16-30,0/0,0.0,0.0,0.0,0.0,0.0,0.0,0.0,0.0,0.0,0.0,0.0,0.0,0.0,0.0
Byron Marshall,@Wsh,PHI,RB,L 20-27,0/0,0.0,0.0,0.0,0.0,0.0,0.0,0.0,0.0,0.0,0.0,0.0,0.0,0.0,0.0
George Atkinson III,@Ten,CLE,RB,L 26-28,0/0,0.0,0.0,0.0,0.0,0.0,0.0,0.0,0.0,0.0,0.0,0.0,0.0,0.0,0.0
James Wilder Jr.,SF,BUF,RB,W 45-16,0/0,0.0,0.0,0.0,0.0,0.0,0.0,0.0,0.0,0.0,0.0,0.0,0.0,0.0,0.0
D.J. Foster,Cin,NWE,RB,W 35-17,0/0,0.0,0.0,0.0,0.0,0.0,0.0,0.0,0.0,0.0,0.0,0.0,0.0,0.0,0.0
Dreamius Smith,Den,SDG,RB,W 21-13,0/0,0.0,0.0,0.0,0.0,0.0,0.0,0.0,0.0,0.0,0.0,0.0,0.0,0.0,0.0
Devon Johnson,@NO,CAR,RB,L 38-41,0/0,0.0,0.0,0.0,0.0,0.0,0.0,0.0,0.0,0.0,0.0,0.0,0.0,0.0,0.0
Jalen Richard,KC,OAK,RB,L 10-26,0/0,0.0,0.0,0.0,4.0,7.0,0.0,2.0,5.0,0.0,3.0,0.0,0.0,0.0,0.0
Troymaine Pope,@Ari,NYJ,RB,L 3-28,0/0,0.0,0.0,0.0,0.0,0.0,0.0,0.0,0.0,0.0,0.0,0.0,0.0,0.0,0.0
Glenn Gronkowski,SF,BUF,RB,W 45-16,0/0,0.0,0.0,0.0,0.0,0.0,0.0,0.0,0.0,0.0,0.0,0.0,0.0,0.0,0.0
Julian Howsare,@Ari,NYJ,RB,L 3-28,0/0,0.0,0.0,0.0,0.0,0.0,0.0,0.0,0.0,0.0,0.0,0.0,0.0,0.0,0.0
Kenneth Farrow,Den,SDG,RB,W 21-13,0/0,0.0,0.0,0.0,2.0,5.0,0.0,0.0,0.0,0.0,0.0,0.0,0.0,0.0,0.0
Don Jackson,Dal,GNB,RB,L 16-30,0/0,0.0,0.0,0.0,0.0,0.0,0.0,0.0,0.0,0.0,0.0,0.0,0.0,0.0,0.0
Adrian Peterson,** BYE **,MIN,RB,,,,,,,,,,,,,,,,
Ray Rice,** BYE **,FA,RB,,,,,,,,,,,,,,,,
Jorvorskie Lane,** BYE **,TAM,RB,,,,,,,,,,,,,,,,
Knowshon Moreno,** BYE **,FA,RB,,,,,,,,,,,,,,,,
Antone Smith,** BYE **,TAM,RB,,,,,,,,,,,,,,,,
Jacquizz Rodgers,** BYE **,TAM,RB,,,,,,,,,,,,,,,,
Matt Asiata,** BYE **,MIN,RB,,,,,,,,,,,,,,,,
Doug Martin,** BYE **,TAM,RB,,,,,,,,,,,,,,,,
Ronnie Hillman,** BYE **,MIN,RB,,,,,,,,,,,,,,,,
Montee Ball,** BYE **,FA,RB,,,,,,,,,,,,,,,,
Mike James,** BYE **,TAM,RB,,,,,,,,,,,,,,,,
Joseph Randle,** BYE **,FA,RB,,,,,,,,,,,,,,,,
Zach Line,** BYE **,MIN,RB,,,,,,,,,,,,,,,,
Charles Sims,** BYE **,TAM,RB,,,,,,,,,,,,,,,,
Jerick McKinnon,** BYE **,MIN,RB,,,,,,,,,,,,,,,,
Storm Johnson,** BYE **,TAM,RB,,,,,,,,,,,,,,,,
Peyton Barber,** BYE **,TAM,RB,,,,,,,,,,,,,,,,
Odell Beckham Jr.,Bal,NYG,WR,W 27-23,0/0,0.0,0.0,0.0,0.0,0.0,0.0,8.0,222.0,2.0,10.0,0.0,1.0,0.0,32.0
Kenny Britt,@Det,LAR,WR,L 28-31,0/0,0.0,0.0,0.0,0.0,0.0,0.0,7.0,136.0,2.0,8.0,0.0,0.0,0.0,25.0
Brandin Cooks,Car,NOR,WR,W 41-38,0/0,0.0,0.0,0.0,1.0,2.0,0.0,7.0,173.0,1.0,9.0,0.0,0.0,0.0,23.0
Golden Tate,LA,DET,WR,W 31-28,0/0,0.0,0.0,0.0,1.0,3.0,0.0,8.0,165.0,1.0,10.0,0.0,0.0,0.0,22.0
Julio Jones,@Sea,ATL,WR,L 24-26,0/0,0.0,0.0,0.0,0.0,0.0,0.0,7.0,139.0,1.0,9.0,0.0,0.0,0.0,19.0
Terrelle Pryor Sr.,@Ten,CLE,WR,L 26-28,1/1,1.0,0.0,0.0,1.0,3.0,0.0,9.0,75.0,2.0,13.0,0.0,0.0,0.0,19.0
Kendall Wright,Cle,TEN,WR,W 28-26,0/0,0.0,0.0,0.0,0.0,0.0,0.0,8.0,133.0,1.0,9.0,0.0,0.0,0.0,19.0
Cole Beasley,@GB,DAL,WR,W 30-16,0/0,0.0,0.0,0.0,0.0,0.0,0.0,6.0,58.0,2.0,6.0,0.0,0.0,0.0,17.0
Torrey Smith,@Buf,SFO,WR,L 16-45,0/0,0.0,0.0,0.0,0.0,0.0,0.0,3.0,76.0,1.0,7.0,0.0,0.0,0.0,13.0
Rishard Matthews,Cle,TEN,WR,W 28-26,0/0,0.0,0.0,0.0,0.0,0.0,0.0,3.0,70.0,1.0,3.0,0.0,0.0,0.0,13.0
Michael Thomas,Car,NOR,WR,W 41-38,0/0,0.0,0.0,0.0,0.0,0.0,0.0,5.0,78.0,1.0,5.0,0.0,0.0,0.0,13.0
Anquan Boldin,LA,DET,WR,W 31-28,0/0,0.0,0.0,0.0,0.0,0.0,0.0,8.0,60.0,1.0,9.0,0.0,0.0,0.0,12.0
Darrius Heyward-Bey,@Mia,PIT,WR,L 15-30,0/0,0.0,0.0,0.0,1.0,60.0,1.0,0.0,0.0,0.0,2.0,0.0,0.0,0.0,12.0
Amari Cooper,KC,OAK,WR,L 10-26,0/0,0.0,0.0,0.0,0.0,0.0,0.0,10.0,129.0,0.0,13.0,0.0,0.0,0.0,12.0
Arrelious Benn,@Chi,JAC,WR,W 17-16,0/0,0.0,0.0,0.0,0.0,0.0,0.0,1.0,51.0,1.0,1.0,0.0,0.0,0.0,11.0
Randall Cobb,Dal,GNB,WR,L 16-30,0/0,0.0,0.0,0.0,0.0,0.0,0.0,7.0,53.0,1.0,11.0,0.0,0.0,0.0,11.0
Jamison Crowder,Phi,WAS,WR,W 27-20,0/0,0.0,0.0,0.0,1.0,-9.0,0.0,3.0,52.0,1.0,4.0,0.0,0.0,0.0,11.0
Cameron Meredith,Jax,CHI,WR,L 16-17,0/0,0.0,0.0,0.0,0.0,0.0,0.0,11.0,113.0,0.0,15.0,0.0,0.0,0.0,11.0
Mohamed Sanu,@Sea,ATL,WR,L 24-26,0/0,0.0,0.0,0.0,0.0,0.0,0.0,5.0,47.0,1.0,10.0,0.0,0.0,0.0,10.0
Robert Woods,SF,BUF,WR,W 45-16,0/0,0.0,0.0,0.0,1.0,6.0,0.0,5.0,44.0,1.0,6.0,0.0,0.0,0.0,10.0
Devin Funchess,@NO,CAR,WR,L 38-41,0/0,0.0,0.0,0.0,0.0,0.0,0.0,2.0,28.0,1.0,6.0,1.0,0.0,0.0,10.0
Mike Wallace,@NYG,BAL,WR,L 23-27,0/0,0.0,0.0,0.0,0.0,0.0,0.0,4.0,97.0,0.0,9.0,0.0,0.0,0.0,9.0
Alshon Jeffery,Jax,CHI,WR,L 16-17,0/0,0.0,0.0,0.0,0.0,0.0,0.0,7.0,93.0,0.0,13.0,0.0,0.0,0.0,9.0
Justin Hunter,SF,BUF,WR,W 45-16,0/0,0.0,0.0,0.0,0.0,0.0,0.0,1.0,30.0,1.0,3.0,0.0,0.0,0.0,9.0
Cobi Hamilton,@Mia,PIT,WR,L 15-30,0/0,0.0,0.0,0.0,0.0,0.0,0.0,2.0,36.0,1.0,2.0,0.0,0.0,0.0,9.0
Jarvis Landry,Pit,MIA,WR,W 30-15,0/0,0.0,0.0,0.0,0.0,0.0,0.0,7.0,91.0,0.0,9.0,0.0,0.0,0.0,9.0
A.J. Green,@NE,CIN,WR,L 17-35,0/0,0.0,0.0,0.0,0.0,0.0,0.0,6.0,88.0,0.0,10.0,0.0,0.0,0.0,8.0
Michael Floyd,NYJ,ARI,WR,W 28-3,0/0,0.0,0.0,0.0,0.0,0.0,0.0,2.0,22.0,1.0,2.0,0.0,0.0,0.0,8.0
Brice Butler,@GB,DAL,WR,W 30-16,0/0,0.0,0.0,0.0,0.0,0.0,0.0,1.0,20.0,1.0,3.0,0.0,0.0,0.0,8.0
Kelvin Benjamin,@NO,CAR,WR,L 38-41,0/0,0.0,0.0,0.0,0.0,0.0,0.0,8.0,86.0,0.0,14.0,0.0,0.0,0.0,8.0
Bennie Fowler,@SD,DEN,WR,L 13-21,0/0,0.0,0.0,0.0,0.0,0.0,0.0,3.0,22.0,1.0,7.0,0.0,0.0,0.0,8.0
Roger Lewis,Bal,NYG,WR,W 27-23,0/0,0.0,0.0,0.0,0.0,0.0,0.0,1.0,24.0,1.0,3.0,0.0,0.0,0.0,8.0
Brandon Marshall,@Ari,NYJ,WR,L 3-28,0/0,0.0,0.0,0.0,0.0,0.0,0.0,3.0,70.0,0.0,6.0,0.0,0.0,0.0,7.0
Pierre Garcon,Phi,WAS,WR,W 27-20,0/0,0.0,0.0,0.0,0.0,0.0,0.0,6.0,77.0,0.0,11.0,0.0,0.0,0.0,7.0
Brandon LaFell,@NE,CIN,WR,L 17-35,0/0,0.0,0.0,0.0,0.0,0.0,0.0,2.0,13.0,1.0,5.0,0.0,0.0,0.0,7.0
Andre Roberts,LA,DET,WR,W 31-28,0/0,0.0,0.0,0.0,0.0,0.0,0.0,2.0,13.0,1.0,2.0,0.0,0.0,0.0,7.0
Andre Holmes,KC,OAK,WR,L 10-26,0/0,0.0,0.0,0.0,0.0,0.0,0.0,2.0,11.0,1.0,2.0,0.0,0.0,0.0,7.0
Marvin Jones,LA,DET,WR,W 31-28,0/0,0.0,0.0,0.0,1.0,3.0,0.0,2.0,10.0,1.0,6.0,0.0,0.0,0.0,7.0
DeAndre Hopkins,Ind,HOU,WR,W 26-23,0/0,0.0,0.0,0.0,0.0,0.0,0.0,9.0,71.0,0.0,15.0,0.0,0.0,0.0,7.0
Terrance Williams,@GB,DAL,WR,W 30-16,0/0,0.0,0.0,0.0,0.0,0.0,0.0,4.0,75.0,0.0,5.0,0.0,0.0,0.0,7.0
Jordan Matthews,@Wsh,PHI,WR,L 20-27,0/0,0.0,0.0,0.0,0.0,0.0,0.0,3.0,75.0,0.0,7.0,0.0,0.0,0.0,7.0
Allen Hurns,@Chi,JAC,WR,W 17-16,0/0,0.0,0.0,0.0,0.0,0.0,0.0,5.0,74.0,0.0,11.0,0.0,0.0,0.0,7.0
Ty Montgomery,Dal,GNB,WR,L 16-30,0/0,0.0,0.0,0.0,3.0,6.0,0.0,10.0,98.0,0.0,12.0,0.0,1.0,0.0,7.0
Tyler Boyd,@NE,CIN,WR,L 17-35,0/0,0.0,0.0,0.0,0.0,0.0,0.0,4.0,79.0,0.0,5.0,0.0,0.0,0.0,7.0
Kamar Aiken,@NYG,BAL,WR,L 23-27,0/0,0.0,0.0,0.0,0.0,0.0,0.0,4.0,64.0,0.0,6.0,0.0,0.0,0.0,6.0
Brian Quick,@Det,LAR,WR,L 28-31,0/0,0.0,0.0,0.0,0.0,0.0,0.0,5.0,61.0,0.0,6.0,0.0,0.0,0.0,6.0
Marqise Lee,@Chi,JAC,WR,W 17-16,0/0,0.0,0.0,0.0,0.0,0.0,0.0,6.0,61.0,0.0,6.0,0.0,0.0,0.0,6.0
Ricardo Louis,@Ten,CLE,WR,L 26-28,0/0,0.0,0.0,0.0,0.0,0.0,0.0,5.0,65.0,0.0,9.0,0.0,0.0,0.0,6.0
Chester Rogers,@Hou,IND,WR,L 23-26,0/0,0.0,0.0,0.0,0.0,0.0,0.0,4.0,63.0,0.0,4.0,0.0,0.0,0.0,6.0
Ted Ginn Jr.,@NO,CAR,WR,L 38-41,0/0,0.0,0.0,0.0,2.0,6.0,0.0,5.0,54.0,0.0,8.0,0.0,0.0,0.0,5.0
Eddie Royal,Jax,CHI,WR,L 16-17,0/0,0.0,0.0,0.0,0.0,0.0,0.0,4.0,54.0,0.0,6.0,0.0,0.0,0.0,5.0
DeSean Jackson,Phi,WAS,WR,W 27-20,0/0,0.0,0.0,0.0,0.0,0.0,0.0,4.0,55.0,0.0,9.0,0.0,0.0,0.0,5.0
Quinton Patton,@Buf,SFO,WR,L 16-45,0/0,0.0,0.0,0.0,0.0,0.0,0.0,4.0,52.0,0.0,7.0,0.0,0.0,0.0,5.0
John Brown,NYJ,ARI,WR,W 28-3,0/0,0.0,0.0,0.0,0.0,0.0,0.0,5.0,54.0,0.0,7.0,0.0,0.0,0.0,5.0
Lucky Whitehead,@GB,DAL,WR,W 30-16,0/0,0.0,0.0,0.0,1.0,26.0,0.0,1.0,35.0,0.0,1.0,0.0,0.0,0.0,5.0
Larry Fitzgerald,NYJ,ARI,WR,W 28-3,0/0,0.0,0.0,0.0,0.0,0.0,0.0,6.0,49.0,0.0,9.0,0.0,0.0,0.0,4.0
Jordy Nelson,Dal,GNB,WR,L 16-30,0/0,0.0,0.0,0.0,0.0,0.0,0.0,5.0,68.0,0.0,7.0,0.0,1.0,0.0,4.0
Jeremy Maclin,@Oak,KAN,WR,W 26-10,0/1,0.0,0.0,0.0,0.0,0.0,0.0,3.0,49.0,0.0,3.0,0.0,0.0,0.0,4.0
Emmanuel Sanders,@SD,DEN,WR,L 13-21,0/0,0.0,0.0,0.0,0.0,0.0,0.0,4.0,40.0,0.0,6.0,0.0,0.0,0.0,4.0
Andrew Hawkins,@Ten,CLE,WR,L 26-28,0/0,0.0,0.0,0.0,0.0,0.0,0.0,3.0,48.0,0.0,4.0,0.0,0.0,0.0,4.0
T.Y. Hilton,@Hou,IND,WR,L 23-26,0/0,0.0,0.0,0.0,0.0,0.0,0.0,3.0,49.0,0.0,9.0,0.0,0.0,0.0,4.0
Allen Robinson,@Chi,JAC,WR,W 17-16,0/0,0.0,0.0,0.0,0.0,0.0,0.0,3.0,49.0,0.0,6.0,0.0,0.0,0.0,4.0
Willie Snead,Car,NOR,WR,W 41-38,0/0,0.0,0.0,0.0,0.0,0.0,0.0,4.0,47.0,0.0,7.0,0.0,0.0,0.0,4.0
Breshad Perriman,@NYG,BAL,WR,L 23-27,0/0,0.0,0.0,0.0,0.0,0.0,0.0,3.0,48.0,0.0,8.0,0.0,0.0,0.0,4.0
Quincy Enunwa,@Ari,NYJ,WR,L 3-28,0/0,0.0,0.0,0.0,0.0,0.0,0.0,3.0,42.0,0.0,6.0,0.0,0.0,0.0,4.0
Charone Peake,@Ari,NYJ,WR,L 3-28,0/0,0.0,0.0,0.0,0.0,0.0,0.0,5.0,43.0,0.0,9.0,0.0,0.0,0.0,4.0
Danny Amendola,Cin,NWE,WR,W 35-17,0/0,0.0,0.0,0.0,0.0,0.0,0.0,2.0,30.0,0.0,2.0,0.0,0.0,0.0,3.0
Jordan Norwood,@SD,DEN,WR,L 13-21,0/0,0.0,0.0,0.0,0.0,0.0,0.0,5.0,39.0,0.0,7.0,0.0,0.0,0.0,3.0
Julian Edelman,Cin,NWE,WR,W 35-17,0/0,0.0,0.0,0.0,1.0,8.0,0.0,4.0,30.0,0.0,7.0,0.0,0.0,0.0,3.0
Victor Cruz,Bal,NYG,WR,W 27-23,0/0,0.0,0.0,0.0,0.0,0.0,0.0,3.0,31.0,0.0,7.0,0.0,0.0,0.0,3.0
Antonio Brown,@Mia,PIT,WR,L 15-30,0/0,0.0,0.0,0.0,1.0,6.0,0.0,4.0,39.0,0.0,8.0,0.0,0.0,0.0,3.0
Doug Baldwin,Atl,SEA,WR,W 26-24,0/0,0.0,0.0,0.0,0.0,0.0,0.0,4.0,31.0,0.0,5.0,0.0,0.0,0.0,3.0
Chris Hogan,Cin,NWE,WR,W 35-17,0/0,0.0,0.0,0.0,0.0,0.0,0.0,1.0,39.0,0.0,1.0,0.0,0.0,0.0,3.0
Jermaine Kearse,Atl,SEA,WR,W 26-24,0/0,0.0,0.0,0.0,0.0,0.0,0.0,3.0,35.0,0.0,5.0,0.0,0.0,0.0,3.0
Jaron Brown,NYJ,ARI,WR,W 28-3,0/0,0.0,0.0,0.0,0.0,0.0,0.0,4.0,35.0,0.0,5.0,0.0,0.0,0.0,3.0
Davante Adams,Dal,GNB,WR,L 16-30,0/0,0.0,0.0,0.0,0.0,0.0,0.0,2.0,34.0,0.0,3.0,0.0,0.0,0.0,3.0
J.J. Nelson,NYJ,ARI,WR,W 28-3,0/0,0.0,0.0,0.0,2.0,23.0,0.0,2.0,16.0,0.0,2.0,0.0,0.0,0.0,3.0
Justin Hardy,@Sea,ATL,WR,L 24-26,0/0,0.0,0.0,0.0,0.0,0.0,0.0,3.0,30.0,0.0,3.0,0.0,0.0,0.0,3.0
Nelson Agholor,@Wsh,PHI,WR,L 20-27,0/0,0.0,0.0,0.0,0.0,0.0,0.0,3.0,34.0,0.0,4.0,0.0,0.0,0.0,3.0
Jaelen Strong,Ind,HOU,WR,W 26-23,0/0,0.0,0.0,0.0,0.0,0.0,0.0,1.0,36.0,0.0,2.0,0.0,0.0,0.0,3.0
Eli Rogers,@Mia,PIT,WR,L 15-30,0/0,0.0,0.0,0.0,0.0,0.0,0.0,4.0,35.0,0.0,5.0,0.0,0.0,0.0,3.0
Tavon Austin,@Det,LAR,WR,L 28-31,0/0,0.0,0.0,0.0,3.0,2.0,0.0,3.0,24.0,0.0,4.0,0.0,0.0,0.0,2.0
Marquise Goodwin,SF,BUF,WR,W 45-16,0/0,0.0,0.0,0.0,0.0,0.0,0.0,2.0,22.0,0.0,4.0,0.0,0.0,0.0,2.0
Albert Wilson,@Oak,KAN,WR,W 26-10,0/0,0.0,0.0,0.0,0.0,0.0,0.0,1.0,26.0,0.0,1.0,0.0,0.0,0.0,2.0
DeVante Parker,Pit,MIA,WR,W 30-15,0/0,0.0,0.0,0.0,0.0,0.0,0.0,5.0,28.0,0.0,7.0,0.0,0.0,0.0,2.0
Tyler Lockett,Atl,SEA,WR,W 26-24,0/0,0.0,0.0,0.0,1.0,2.0,0.0,3.0,23.0,0.0,5.0,0.0,0.0,0.0,2.0
Chris Conley,@Oak,KAN,WR,W 26-10,0/0,0.0,0.0,0.0,0.0,0.0,0.0,3.0,26.0,0.0,4.0,0.0,0.0,0.0,2.0
Dorial Green-Beckham,@Wsh,PHI,WR,L 20-27,0/0,0.0,0.0,0.0,0.0,0.0,0.0,1.0,23.0,0.0,4.0,0.0,0.0,0.0,2.0
Seth Roberts,KC,OAK,WR,L 10-26,0/0,0.0,0.0,0.0,0.0,0.0,0.0,3.0,29.0,0.0,6.0,0.0,0.0,0.0,2.0
Tyrell Williams,Den,SDG,WR,W 21-13,0/0,0.0,0.0,0.0,0.0,0.0,0.0,3.0,28.0,0.0,3.0,0.0,0.0,0.0,2.0
Sterling Shepard,Bal,NYG,WR,W 27-23,0/0,0.0,0.0,0.0,0.0,0.0,0.0,4.0,25.0,0.0,8.0,0.0,0.0,0.0,2.0
Tyreek Hill,@Oak,KAN,WR,W 26-10,0/0,0.0,0.0,0.0,0.0,0.0,0.0,2.0,20.0,0.0,2.0,0.0,0.0,0.0,2.0
Robby Anderson,@Ari,NYJ,WR,L 3-28,0/0,0.0,0.0,0.0,0.0,0.0,0.0,4.0,24.0,0.0,6.0,0.0,0.0,0.0,2.0
Tommylee Lewis,Car,NOR,WR,W 41-38,0/0,0.0,0.0,0.0,0.0,0.0,0.0,2.0,24.0,0.0,3.0,0.0,0.0,0.0,2.0
Michael Crabtree,KC,OAK,WR,L 10-26,0/0,0.0,0.0,0.0,0.0,0.0,0.0,2.0,10.0,0.0,4.0,0.0,0.0,0.0,1.0
Demaryius Thomas,@SD,DEN,WR,L 13-21,0/0,0.0,0.0,0.0,0.0,0.0,0.0,5.0,35.0,0.0,10.0,0.0,1.0,0.0,1.0
Jeremy Kerley,@Buf,SFO,WR,L 16-45,0/0,0.0,0.0,0.0,0.0,0.0,0.0,2.0,12.0,0.0,7.0,0.0,0.0,0.0,1.0
Rod Streater,@Buf,SFO,WR,L 16-45,0/0,0.0,0.0,0.0,0.0,0.0,0.0,1.0,16.0,0.0,1.0,0.0,0.0,0.0,1.0
Kenny Stills,Pit,MIA,WR,W 30-15,0/0,0.0,0.0,0.0,0.0,0.0,0.0,2.0,12.0,0.0,3.0,0.0,0.0,0.0,1.0
De'Anthony Thomas,@Oak,KAN,WR,W 26-10,0/0,0.0,0.0,0.0,0.0,0.0,0.0,2.0,14.0,0.0,2.0,0.0,0.0,0.0,1.0
Dontrelle Inman,Den,SDG,WR,W 21-13,0/0,0.0,0.0,0.0,0.0,0.0,0.0,1.0,11.0,0.0,1.0,0.0,0.0,0.0,1.0
Jeff Janis,Dal,GNB,WR,L 16-30,0/0,0.0,0.0,0.0,0.0,0.0,0.0,2.0,14.0,0.0,2.0,0.0,0.0,0.0,1.0
Corey Brown,@NO,CAR,WR,L 38-41,0/0,0.0,0.0,0.0,0.0,0.0,0.0,2.0,33.0,0.0,4.0,0.0,1.0,0.0,1.0
Phillip Dorsett,@Hou,IND,WR,L 23-26,0/0,0.0,0.0,0.0,0.0,0.0,0.0,2.0,12.0,0.0,5.0,0.0,0.0,0.0,1.0
Bradley Marquez,@Det,LAR,WR,L 28-31,0/0,0.0,0.0,0.0,0.0,0.0,0.0,1.0,13.0,0.0,1.0,0.0,0.0,0.0,1.0
Braxton Miller,Ind,HOU,WR,W 26-23,0/0,0.0,0.0,0.0,0.0,0.0,0.0,2.0,13.0,0.0,4.0,0.0,0.0,0.0,1.0
Rashard Higgins,@Ten,CLE,WR,L 26-28,0/0,0.0,0.0,0.0,0.0,0.0,0.0,1.0,14.0,0.0,1.0,0.0,0.0,0.0,1.0
Jalin Marshall,@Ari,NYJ,WR,L 3-28,0/0,0.0,0.0,0.0,0.0,0.0,0.0,1.0,11.0,0.0,3.0,0.0,0.0,0.0,1.0
Tanner McEvoy,Atl,SEA,WR,W 26-24,0/0,0.0,0.0,0.0,0.0,0.0,0.0,1.0,17.0,0.0,1.0,0.0,0.0,0.0,1.0
Steve Smith Sr.,@NYG,BAL,WR,L 23-27,0/0,0.0,0.0,0.0,0.0,0.0,0.0,0.0,0.0,0.0,0.0,0.0,0.0,0.0,0.0
Andre Johnson,Cle,TEN,WR,W 28-26,0/0,0.0,0.0,0.0,0.0,0.0,0.0,0.0,0.0,0.0,0.0,0.0,0.0,0.0,0.0
Jerricho Cotchery,@NO,CAR,WR,L 38-41,0/0,0.0,0.0,0.0,0.0,0.0,0.0,0.0,0.0,0.0,0.0,0.0,0.0,0.0,0.0
Wes Welker,@Det,LAR,WR,L 28-31,0/0,0.0,0.0,0.0,0.0,0.0,0.0,0.0,0.0,0.0,0.0,0.0,0.0,0.0,0.0
Roddy White,@Sea,ATL,WR,L 24-26,0/0,0.0,0.0,0.0,0.0,0.0,0.0,0.0,0.0,0.0,0.0,0.0,0.0,0.0,0.0
Joshua Cribbs,@Hou,IND,WR,L 23-26,0/0,0.0,0.0,0.0,0.0,0.0,0.0,0.0,0.0,0.0,0.0,0.0,0.0,0.0,0.0
Nate Washington,Cin,NWE,WR,W 35-17,0/0,0.0,0.0,0.0,0.0,0.0,0.0,0.0,0.0,0.0,0.0,0.0,0.0,0.0,0.0
Lance Moore,@Sea,ATL,WR,L 24-26,0/0,0.0,0.0,0.0,0.0,0.0,0.0,0.0,0.0,0.0,0.0,0.0,0.0,0.0,0.0
Greg Jennings,Pit,MIA,WR,W 30-15,0/0,0.0,0.0,0.0,0.0,0.0,0.0,0.0,0.0,0.0,0.0,0.0,0.0,0.0,0.0
Devin Hester,@NYG,BAL,WR,L 23-27,0/0,0.0,0.0,0.0,0.0,0.0,0.0,0.0,0.0,0.0,0.0,0.0,0.0,0.0,0.0
Derek Hagan,Cle,TEN,WR,W 28-26,0/0,0.0,0.0,0.0,0.0,0.0,0.0,0.0,0.0,0.0,0.0,0.0,0.0,0.0,0.0
Jason Avant,@Oak,KAN,WR,W 26-10,0/0,0.0,0.0,0.0,0.0,0.0,0.0,0.0,0.0,0.0,0.0,0.0,0.0,0.0,0.0
Marques Colston,Car,NOR,WR,W 41-38,0/0,0.0,0.0,0.0,0.0,0.0,0.0,0.0,0.0,0.0,0.0,0.0,0.0,0.0,0.0
Miles Austin,@Wsh,PHI,WR,L 20-27,0/0,0.0,0.0,0.0,0.0,0.0,0.0,0.0,0.0,0.0,0.0,0.0,0.0,0.0,0.0
Calvin Johnson,LA,DET,WR,W 31-28,0/0,0.0,0.0,0.0,0.0,0.0,0.0,0.0,0.0,0.0,0.0,0.0,0.0,0.0,0.0
Dwayne Bowe,@Ten,CLE,WR,L 26-28,0/0,0.0,0.0,0.0,0.0,0.0,0.0,0.0,0.0,0.0,0.0,0.0,0.0,0.0,0.0
Jacoby Jones,@Mia,PIT,WR,L 15-30,0/0,0.0,0.0,0.0,0.0,0.0,0.0,0.0,0.0,0.0,0.0,0.0,0.0,0.0,0.0
James Jones,Den,SDG,WR,W 21-13,0/0,0.0,0.0,0.0,0.0,0.0,0.0,0.0,0.0,0.0,0.0,0.0,0.0,0.0,0.0
Eric Weems,@Sea,ATL,WR,L 24-26,0/0,0.0,0.0,0.0,0.0,0.0,0.0,0.0,0.0,0.0,0.0,0.0,0.0,0.0,0.0
Jerome Simpson,@Buf,SFO,WR,L 16-45,0/0,0.0,0.0,0.0,0.0,0.0,0.0,0.0,0.0,0.0,0.0,0.0,0.0,0.0,0.0
Harry Douglas,Cle,TEN,WR,W 28-26,0/0,0.0,0.0,0.0,0.0,0.0,0.0,0.0,0.0,0.0,0.0,0.0,0.0,0.0,0.0
Andre Jerome Caldwell,LA,DET,WR,W 31-28,0/0,0.0,0.0,0.0,0.0,0.0,0.0,0.0,0.0,0.0,0.0,0.0,0.0,0.0,0.0
Matthew Slater,Cin,NWE,WR,W 35-17,0/0,0.0,0.0,0.0,0.0,0.0,0.0,0.0,0.0,0.0,0.0,0.0,0.0,0.0,0.0
Stevie Johnson,Den,SDG,WR,W 21-13,0/0,0.0,0.0,0.0,0.0,0.0,0.0,0.0,0.0,0.0,0.0,0.0,0.0,0.0,0.0
Brandon Gibson,Cin,NWE,WR,W 35-17,0/0,0.0,0.0,0.0,0.0,0.0,0.0,0.0,0.0,0.0,0.0,0.0,0.0,0.0,0.0
Brian Hartline,@Ten,CLE,WR,L 26-28,0/0,0.0,0.0,0.0,0.0,0.0,0.0,0.0,0.0,0.0,0.0,0.0,0.0,0.0,0.0
Percy Harvin,SF,BUF,WR,W 45-16,0/0,0.0,0.0,0.0,0.0,0.0,0.0,0.0,0.0,0.0,0.0,0.0,0.0,0.0,0.0
Hakeem Nicks,Car,NOR,WR,W 41-38,0/0,0.0,0.0,0.0,0.0,0.0,0.0,0.0,0.0,0.0,0.0,0.0,0.0,0.0,0.0
Kevin Ogletree,Bal,NYG,WR,W 27-23,0/0,0.0,0.0,0.0,0.0,0.0,0.0,0.0,0.0,0.0,0.0,0.0,0.0,0.0,0.0
Brandon Tate,SF,BUF,WR,W 45-16,0/0,0.0,0.0,0.0,0.0,0.0,0.0,0.0,0.0,0.0,0.0,0.0,0.0,0.0,0.0
Dez Bryant,@GB,DAL,WR,W 30-16,0/0,0.0,0.0,0.0,0.0,0.0,0.0,0.0,0.0,0.0,0.0,0.0,0.0,0.0,0.0
Marcus Easley,SF,BUF,WR,W 45-16,0/0,0.0,0.0,0.0,0.0,0.0,0.0,0.0,0.0,0.0,0.0,0.0,0.0,0.0,0.0
Riley Cooper,@Wsh,PHI,WR,L 20-27,0/0,0.0,0.0,0.0,0.0,0.0,0.0,0.0,0.0,0.0,0.0,0.0,0.0,0.0,0.0
Eric Decker,@Ari,NYJ,WR,L 3-28,0/0,0.0,0.0,0.0,0.0,0.0,0.0,0.0,0.0,0.0,0.0,0.0,0.0,0.0,0.0
Marc Mariani,Cle,TEN,WR,W 28-26,0/0,0.0,0.0,0.0,0.0,0.0,0.0,0.0,0.0,0.0,0.0,0.0,0.0,0.0,0.0
Kyle Williams,@Ari,NYJ,WR,L 3-28,0/0,0.0,0.0,0.0,0.0,0.0,0.0,0.0,0.0,0.0,0.0,0.0,0.0,0.0,0.0
Mike Williams,@Oak,KAN,WR,W 26-10,0/0,0.0,0.0,0.0,0.0,0.0,0.0,0.0,0.0,0.0,0.0,0.0,0.0,0.0,0.0
Seyi Ajirotutu,@Wsh,PHI,WR,L 20-27,0/0,0.0,0.0,0.0,0.0,0.0,0.0,0.0,0.0,0.0,0.0,0.0,0.0,0.0,0.0
Marlon Moore,@Ten,CLE,WR,L 26-28,0/0,0.0,0.0,0.0,0.0,0.0,0.0,0.0,0.0,0.0,0.0,0.0,0.0,0.0,0.0
Bryan Walters,@Chi,JAC,WR,W 17-16,0/0,0.0,0.0,0.0,0.0,0.0,0.0,0.0,0.0,0.0,0.0,0.0,0.0,0.0,0.0
Danario Alexander,Den,SDG,WR,W 21-13,0/0,0.0,0.0,0.0,0.0,0.0,0.0,0.0,0.0,0.0,0.0,0.0,0.0,0.0,0.0
Leonard Hankerson,SF,BUF,WR,W 45-16,0/0,0.0,0.0,0.0,0.0,0.0,0.0,0.0,0.0,0.0,0.0,0.0,0.0,0.0,0.0
Greg Little,SF,BUF,WR,W 45-16,0/0,0.0,0.0,0.0,0.0,0.0,0.0,0.0,0.0,0.0,0.0,0.0,0.0,0.0,0.0
Vincent Brown,Car,NOR,WR,W 41-38,0/0,0.0,0.0,0.0,0.0,0.0,0.0,0.0,0.0,0.0,0.0,0.0,0.0,0.0,0.0
Dwayne Harris,Bal,NYG,WR,W 27-23,0/0,0.0,0.0,0.0,0.0,0.0,0.0,0.0,0.0,0.0,0.0,0.0,0.0,0.0,0.0
Greg Salas,SF,BUF,WR,W 45-16,0/0,0.0,0.0,0.0,0.0,0.0,0.0,0.0,0.0,0.0,0.0,0.0,0.0,0.0,0.0
Denarius Moore,SF,BUF,WR,W 45-16,0/0,0.0,0.0,0.0,0.0,0.0,0.0,0.0,0.0,0.0,0.0,0.0,0.0,0.0,0.0
Aldrick Robinson,@Sea,ATL,WR,L 24-26,0/0,0.0,0.0,0.0,0.0,0.0,0.0,1.0,8.0,0.0,2.0,0.0,0.0,0.0,0.0
Ricardo Lockette,Atl,SEA,WR,W 26-24,0/0,0.0,0.0,0.0,0.0,0.0,0.0,0.0,0.0,0.0,0.0,0.0,0.0,0.0,0.0
Joe Morgan,@NYG,BAL,WR,L 23-27,0/0,0.0,0.0,0.0,0.0,0.0,0.0,0.0,0.0,0.0,0.0,0.0,0.0,0.0,0.0
Jeremy Ross,@Ari,NYJ,WR,L 3-28,0/0,0.0,0.0,0.0,0.0,0.0,0.0,0.0,0.0,0.0,0.0,0.0,0.0,0.0,0.0
Justin Blackmon,@Chi,JAC,WR,W 17-16,0/0,0.0,0.0,0.0,0.0,0.0,0.0,0.0,0.0,0.0,0.0,0.0,0.0,0.0,0.0
Stephen Hill,@NO,CAR,WR,L 38-41,0/0,0.0,0.0,0.0,0.0,0.0,0.0,0.0,0.0,0.0,0.0,0.0,0.0,0.0,0.0
Rueben Randle,@Wsh,PHI,WR,L 20-27,0/0,0.0,0.0,0.0,0.0,0.0,0.0,0.0,0.0,0.0,0.0,0.0,0.0,0.0,0.0
T.J. Graham,@Wsh,PHI,WR,L 20-27,0/0,0.0,0.0,0.0,0.0,0.0,0.0,0.0,0.0,0.0,0.0,0.0,0.0,0.0,0.0
Nick Toon,@Det,LAR,WR,L 28-31,0/0,0.0,0.0,0.0,0.0,0.0,0.0,0.0,0.0,0.0,0.0,0.0,0.0,0.0,0.0
DeVier Posey,@SD,DEN,WR,L 13-21,0/0,0.0,0.0,0.0,0.0,0.0,0.0,0.0,0.0,0.0,0.0,0.0,0.0,0.0,0.0
LaVon Brazill,@Hou,IND,WR,L 23-26,0/0,0.0,0.0,0.0,0.0,0.0,0.0,0.0,0.0,0.0,0.0,0.0,0.0,0.0,0.0
Chris Givens,@Wsh,PHI,WR,L 20-27,0/0,0.0,0.0,0.0,0.0,0.0,0.0,0.0,0.0,0.0,0.0,0.0,0.0,0.0,0.0
Kashif Moore,@Oak,KAN,WR,W 26-10,0/0,0.0,0.0,0.0,0.0,0.0,0.0,0.0,0.0,0.0,0.0,0.0,0.0,0.0,0.0
Nathan Palmer,KC,OAK,WR,L 10-26,0/0,0.0,0.0,0.0,0.0,0.0,0.0,0.0,0.0,0.0,0.0,0.0,0.0,0.0,0.0
Chris Owusu,@Ari,NYJ,WR,L 3-28,0/0,0.0,0.0,0.0,0.0,0.0,0.0,0.0,0.0,0.0,0.0,0.0,0.0,0.0,0.0
Brian Tyms,@Hou,IND,WR,L 23-26,0/0,0.0,0.0,0.0,0.0,0.0,0.0,0.0,0.0,0.0,0.0,0.0,0.0,0.0,0.0
Jeff Fuller,Atl,SEA,WR,W 26-24,0/0,0.0,0.0,0.0,0.0,0.0,0.0,0.0,0.0,0.0,0.0,0.0,0.0,0.0,0.0
Jarrett Boykin,SF,BUF,WR,W 45-16,0/0,0.0,0.0,0.0,0.0,0.0,0.0,0.0,0.0,0.0,0.0,0.0,0.0,0.0,0.0
Griff Whalen,Den,SDG,WR,W 21-13,0/0,0.0,0.0,0.0,0.0,0.0,0.0,0.0,0.0,0.0,1.0,0.0,0.0,0.0,0.0
Deonte Thompson,Jax,CHI,WR,L 16-17,0/0,0.0,0.0,0.0,0.0,0.0,0.0,0.0,0.0,0.0,0.0,0.0,0.0,0.0,0.0
LaRon Byrd,@NO,CAR,WR,L 38-41,0/0,0.0,0.0,0.0,0.0,0.0,0.0,0.0,0.0,0.0,0.0,0.0,0.0,0.0,0.0
Joshua Bellamy,Jax,CHI,WR,L 16-17,0/0,0.0,0.0,0.0,1.0,7.0,0.0,0.0,0.0,0.0,0.0,0.0,0.0,0.0,0.0
Brittan Golden,NYJ,ARI,WR,W 28-3,0/0,0.0,0.0,0.0,0.0,0.0,0.0,0.0,0.0,0.0,0.0,0.0,0.0,0.0,0.0
Damaris Johnson,Cle,TEN,WR,W 28-26,0/0,0.0,0.0,0.0,0.0,0.0,0.0,0.0,0.0,0.0,0.0,0.0,0.0,0.0,0.0
Josh Gordon,@Ten,CLE,WR,L 26-28,0/0,0.0,0.0,0.0,0.0,0.0,0.0,0.0,0.0,0.0,0.0,0.0,0.0,0.0,0.0
Keenan Allen,Den,SDG,WR,W 21-13,0/0,0.0,0.0,0.0,0.0,0.0,0.0,0.0,0.0,0.0,0.0,0.0,0.0,0.0,0.0
Stedman Bailey,@Det,LAR,WR,L 28-31,0/0,0.0,0.0,0.0,0.0,0.0,0.0,0.0,0.0,0.0,0.0,0.0,0.0,0.0,0.0
Aaron Dobson,LA,DET,WR,W 31-28,0/0,0.0,0.0,0.0,0.0,0.0,0.0,0.0,0.0,0.0,0.0,0.0,0.0,0.0,0.0
Markus Wheaton,@Mia,PIT,WR,L 15-30,0/0,0.0,0.0,0.0,0.0,0.0,0.0,0.0,0.0,0.0,0.0,0.0,0.0,0.0,0.0
B.J. Daniels,Jax,CHI,WR,L 16-17,0/0,0.0,0.0,0.0,0.0,0.0,0.0,0.0,0.0,0.0,0.0,0.0,0.0,0.0,0.0
Tavarres King,Bal,NYG,WR,W 27-23,0/0,0.0,0.0,0.0,0.0,0.0,0.0,0.0,0.0,0.0,0.0,0.0,0.0,0.0,0.0
Josh Boyce,@Ten,CLE,WR,L 26-28,0/0,0.0,0.0,0.0,0.0,0.0,0.0,0.0,0.0,0.0,0.0,0.0,0.0,0.0,0.0
Chris Harper,Bal,NYG,WR,W 27-23,0/0,0.0,0.0,0.0,0.0,0.0,0.0,0.0,0.0,0.0,0.0,0.0,0.0,0.0,0.0
Corey Fuller,LA,DET,WR,W 31-28,0/0,0.0,0.0,0.0,0.0,0.0,0.0,0.0,0.0,0.0,0.0,0.0,0.0,0.0,0.0
Marquess Wilson,Jax,CHI,WR,L 16-17,0/0,0.0,0.0,0.0,0.0,0.0,0.0,0.0,0.0,0.0,0.0,0.0,0.0,0.0,0.0
Da'Rick Rogers,@Oak,KAN,WR,W 26-10,0/0,0.0,0.0,0.0,0.0,0.0,0.0,0.0,0.0,0.0,0.0,0.0,0.0,0.0,0.0
Ryan Spadola,LA,DET,WR,W 31-28,0/0,0.0,0.0,0.0,0.0,0.0,0.0,0.0,0.0,0.0,0.0,0.0,0.0,0.0,0.0
Nick Williams,@Sea,ATL,WR,L 24-26,0/0,0.0,0.0,0.0,0.0,0.0,0.0,0.0,0.0,0.0,0.0,0.0,0.0,0.0,0.0
Rodney Smith,@GB,DAL,WR,W 30-16,0/0,0.0,0.0,0.0,0.0,0.0,0.0,0.0,0.0,0.0,0.0,0.0,0.0,0.0,0.0
Kenbrell Thompkins,@Ari,NYJ,WR,L 3-28,0/0,0.0,0.0,0.0,0.0,0.0,0.0,0.0,0.0,0.0,0.0,0.0,0.0,0.0,0.0
Myles White,Bal,NYG,WR,W 27-23,0/0,0.0,0.0,0.0,0.0,0.0,0.0,0.0,0.0,0.0,0.0,0.0,0.0,0.0,0.0
Marlon Brown,@NYG,BAL,WR,L 23-27,0/0,0.0,0.0,0.0,0.0,0.0,0.0,0.0,0.0,0.0,0.0,0.0,0.0,0.0,0.0
Sammy Watkins,SF,BUF,WR,W 45-16,0/0,0.0,0.0,0.0,0.0,0.0,0.0,0.0,0.0,0.0,0.0,0.0,0.0,0.0,0.0
Josh Huff,@Wsh,PHI,WR,L 20-27,0/0,0.0,0.0,0.0,0.0,0.0,0.0,0.0,0.0,0.0,0.0,0.0,0.0,0.0,0.0
Paul Richardson,Atl,SEA,WR,W 26-24,0/0,0.0,0.0,0.0,0.0,0.0,0.0,0.0,0.0,0.0,0.0,0.0,0.0,0.0,0.0
Donte Moncrief,@Hou,IND,WR,L 23-26,0/0,0.0,0.0,0.0,0.0,0.0,0.0,0.0,0.0,0.0,0.0,0.0,0.0,0.0,0.0
Cody Latimer,@SD,DEN,WR,L 13-21,0/0,0.0,0.0,0.0,0.0,0.0,0.0,0.0,0.0,0.0,0.0,0.0,0.0,0.0,0.0
Shaq Evans,@Chi,JAC,WR,W 17-16,0/0,0.0,0.0,0.0,0.0,0.0,0.0,0.0,0.0,0.0,0.0,0.0,0.0,0.0,0.0
Jeremy Gallon,Cin,NWE,WR,W 35-17,0/0,0.0,0.0,0.0,0.0,0.0,0.0,0.0,0.0,0.0,0.0,0.0,0.0,0.0,0.0
Jared Abbrederis,Dal,GNB,WR,L 16-30,0/0,0.0,0.0,0.0,0.0,0.0,0.0,0.0,0.0,0.0,1.0,0.0,0.0,0.0,0.0
Kevin Norwood,@NO,CAR,WR,L 38-41,0/0,0.0,0.0,0.0,0.0,0.0,0.0,0.0,0.0,0.0,0.0,0.0,0.0,0.0,0.0
Martavis Bryant,@Mia,PIT,WR,L 15-30,0/0,0.0,0.0,0.0,0.0,0.0,0.0,0.0,0.0,0.0,0.0,0.0,0.0,0.0,0.0
Jalen Saunders,Cin,NWE,WR,W 35-17,0/0,0.0,0.0,0.0,0.0,0.0,0.0,0.0,0.0,0.0,0.0,0.0,0.0,0.0,0.0
Bruce Ellington,@Buf,SFO,WR,L 16-45,0/0,0.0,0.0,0.0,0.0,0.0,0.0,0.0,0.0,0.0,0.0,0.0,0.0,0.0,0.0
Devin Street,@Hou,IND,WR,L 23-26,0/0,0.0,0.0,0.0,0.0,0.0,0.0,0.0,0.0,0.0,0.0,0.0,0.0,0.0,0.0
Corey Washington,@Sea,ATL,WR,L 24-26,0/0,0.0,0.0,0.0,0.0,0.0,0.0,0.0,0.0,0.0,0.0,0.0,0.0,0.0,0.0
Robert Herron,KC,OAK,WR,L 10-26,0/0,0.0,0.0,0.0,0.0,0.0,0.0,0.0,0.0,0.0,0.0,0.0,0.0,0.0,0.0
Brandon Coleman,Car,NOR,WR,W 41-38,0/0,0.0,0.0,0.0,0.0,0.0,0.0,1.0,6.0,0.0,2.0,0.0,0.0,0.0,0.0
Michael Campanaro,@NYG,BAL,WR,L 23-27,0/0,0.0,0.0,0.0,0.0,0.0,0.0,0.0,0.0,0.0,0.0,0.0,0.0,0.0,0.0
Brenton Bersin,@NO,CAR,WR,L 38-41,0/0,0.0,0.0,0.0,0.0,0.0,0.0,0.0,0.0,0.0,0.0,0.0,0.0,0.0,0.0
Taylor Gabriel,@Sea,ATL,WR,L 24-26,0/0,0.0,0.0,0.0,0.0,0.0,0.0,1.0,6.0,0.0,2.0,0.0,0.0,0.0,0.0
Ryan Grant,Phi,WAS,WR,W 27-20,0/0,0.0,0.0,0.0,0.0,0.0,0.0,0.0,0.0,0.0,1.0,0.0,0.0,0.0,0.0
Frankie Hammond,@Oak,KAN,WR,W 26-10,0/0,0.0,0.0,0.0,0.0,0.0,0.0,0.0,0.0,0.0,0.0,0.0,0.0,0.0,0.0
TJ Jones,LA,DET,WR,W 31-28,0/0,0.0,0.0,0.0,0.0,0.0,0.0,0.0,0.0,0.0,0.0,0.0,0.0,0.0,0.0
James Wright,@NE,CIN,WR,L 17-35,0/0,0.0,0.0,0.0,0.0,0.0,0.0,1.0,1.0,0.0,1.0,0.0,0.0,0.0,0.0
Isaiah Burse,Den,SDG,WR,W 21-13,0/0,0.0,0.0,0.0,0.0,0.0,0.0,0.0,0.0,0.0,0.0,0.0,0.0,0.0,0.0
Jeremy Butler,@Ari,NYJ,WR,L 3-28,0/0,0.0,0.0,0.0,0.0,0.0,0.0,0.0,0.0,0.0,0.0,0.0,0.0,0.0,0.0
Damian Copeland,LA,DET,WR,W 31-28,0/0,0.0,0.0,0.0,0.0,0.0,0.0,0.0,0.0,0.0,0.0,0.0,0.0,0.0,0.0
Walter Powell,SF,BUF,WR,W 45-16,0/0,0.0,0.0,0.0,0.0,0.0,0.0,0.0,0.0,0.0,0.0,0.0,0.0,0.0,0.0
Rashad Ross,Phi,WAS,WR,W 27-20,0/0,0.0,0.0,0.0,0.0,0.0,0.0,0.0,0.0,0.0,0.0,0.0,0.0,0.0,0.0
Kevin Smith,Atl,SEA,WR,W 26-24,0/0,0.0,0.0,0.0,0.0,0.0,0.0,0.0,0.0,0.0,0.0,0.0,0.0,0.0,0.0
Andre Debose,@Hou,IND,WR,L 23-26,0/0,0.0,0.0,0.0,0.0,0.0,0.0,0.0,0.0,0.0,0.0,0.0,0.0,0.0,0.0
DiAndre Campbell,@Buf,SFO,WR,L 16-45,0/0,0.0,0.0,0.0,0.0,0.0,0.0,0.0,0.0,0.0,0.0,0.0,0.0,0.0,0.0
Issac Blakeney,@Mia,PIT,WR,L 15-30,0/0,0.0,0.0,0.0,0.0,0.0,0.0,0.0,0.0,0.0,0.0,0.0,0.0,0.0,0.0
Geremy Davis,Bal,NYG,WR,W 27-23,0/0,0.0,0.0,0.0,0.0,0.0,0.0,0.0,0.0,0.0,0.0,0.0,0.0,0.0,0.0
Da'Ron Brown,@Oak,KAN,WR,W 26-10,0/0,0.0,0.0,0.0,0.0,0.0,0.0,0.0,0.0,0.0,0.0,0.0,0.0,0.0,0.0
Dres Anderson,@Buf,SFO,WR,L 16-45,0/0,0.0,0.0,0.0,0.0,0.0,0.0,0.0,0.0,0.0,0.0,0.0,0.0,0.0,0.0
Keith Mumphery,Ind,HOU,WR,W 26-23,0/0,0.0,0.0,0.0,0.0,0.0,0.0,0.0,0.0,0.0,0.0,0.0,0.0,0.0,0.0
DeAndrew White,@Buf,SFO,WR,L 16-45,0/0,0.0,0.0,0.0,0.0,0.0,0.0,0.0,0.0,0.0,0.0,0.0,0.0,0.0,0.0
Kaelin Clay,@NYG,BAL,WR,L 23-27,0/0,0.0,0.0,0.0,0.0,0.0,0.0,0.0,0.0,0.0,0.0,0.0,0.0,0.0,0.0
Tre McBride,Cle,TEN,WR,W 28-26,0/0,0.0,0.0,0.0,0.0,0.0,0.0,0.0,0.0,0.0,0.0,0.0,0.0,0.0,0.0
Dezmin Lewis,SF,BUF,WR,W 45-16,0/0,0.0,0.0,0.0,0.0,0.0,0.0,0.0,0.0,0.0,0.0,0.0,0.0,0.0,0.0
Quan Bray,@Hou,IND,WR,L 23-26,0/0,0.0,0.0,0.0,0.0,0.0,0.0,0.0,0.0,0.0,0.0,0.0,0.0,0.0,0.0
Sammie Coates,@Mia,PIT,WR,L 15-30,0/0,0.0,0.0,0.0,0.0,0.0,0.0,0.0,0.0,0.0,4.0,0.0,0.0,0.0,0.0
Devin Smith,@Ari,NYJ,WR,L 3-28,0/0,0.0,0.0,0.0,0.0,0.0,0.0,0.0,0.0,0.0,0.0,0.0,0.0,0.0,0.0
Rashad Greene,@Chi,JAC,WR,W 17-16,0/0,0.0,0.0,0.0,0.0,0.0,0.0,0.0,0.0,0.0,0.0,0.0,0.0,0.0,0.0
Kevin White,Jax,CHI,WR,L 16-17,0/0,0.0,0.0,0.0,0.0,0.0,0.0,0.0,0.0,0.0,0.0,0.0,0.0,0.0,0.0
Vince Mayle,@GB,DAL,WR,W 30-16,0/0,0.0,0.0,0.0,0.0,0.0,0.0,0.0,0.0,0.0,0.0,0.0,0.0,0.0,0.0
Mario Alford,@NE,CIN,WR,L 17-35,0/0,0.0,0.0,0.0,0.0,0.0,0.0,0.0,0.0,0.0,0.0,0.0,0.0,0.0,0.0
DeAndre Smelter,@Buf,SFO,WR,L 16-45,0/0,0.0,0.0,0.0,0.0,0.0,0.0,0.0,0.0,0.0,0.0,0.0,0.0,0.0,0.0
Duron Carter,@Hou,IND,WR,L 23-26,0/0,0.0,0.0,0.0,0.0,0.0,0.0,0.0,0.0,0.0,0.0,0.0,0.0,0.0,0.0
Antwan Goodley,Atl,SEA,WR,W 26-24,0/0,0.0,0.0,0.0,0.0,0.0,0.0,0.0,0.0,0.0,0.0,0.0,0.0,0.0,0.0
Chris Matthews,@NYG,BAL,WR,L 23-27,0/0,0.0,0.0,0.0,0.0,0.0,0.0,0.0,0.0,0.0,0.0,0.0,0.0,0.0,0.0
Seantavius Jones,@Oak,KAN,WR,W 26-10,0/0,0.0,0.0,0.0,0.0,0.0,0.0,0.0,0.0,0.0,0.0,0.0,0.0,0.0,0.0
Matt Hazel,Pit,MIA,WR,W 30-15,0/0,0.0,0.0,0.0,0.0,0.0,0.0,0.0,0.0,0.0,0.0,0.0,0.0,0.0,0.0
Chris Harper,@Buf,SFO,WR,L 16-45,0/0,0.0,0.0,0.0,0.0,0.0,0.0,0.0,0.0,0.0,0.0,0.0,0.0,0.0,0.0
Tyler Murphy,Pit,MIA,WR,W 30-15,0/0,0.0,0.0,0.0,0.0,0.0,0.0,0.0,0.0,0.0,0.0,0.0,0.0,0.0,0.0
Javontee Herndon,Den,SDG,WR,W 21-13,0/0,0.0,0.0,0.0,0.0,0.0,0.0,0.0,0.0,0.0,0.0,0.0,0.0,0.0,0.0
Daniel Brown,Jax,CHI,WR,L 16-17,0/0,0.0,0.0,0.0,0.0,0.0,0.0,0.0,0.0,0.0,0.0,0.0,0.0,0.0,0.0
Eric Rogers,@Buf,SFO,WR,L 16-45,0/0,0.0,0.0,0.0,0.0,0.0,0.0,0.0,0.0,0.0,0.0,0.0,0.0,0.0,0.0
Corey Coleman,@Ten,CLE,WR,L 26-28,0/0,0.0,0.0,0.0,0.0,0.0,0.0,0.0,0.0,0.0,0.0,0.0,0.0,0.0,0.0
Will Fuller V,Ind,HOU,WR,W 26-23,0/0,0.0,0.0,0.0,0.0,0.0,0.0,0.0,0.0,0.0,0.0,0.0,0.0,0.0,0.0
Josh Doctson,Phi,WAS,WR,W 27-20,0/0,0.0,0.0,0.0,0.0,0.0,0.0,0.0,0.0,0.0,0.0,0.0,0.0,0.0,0.0
Leonte Carroo,Pit,MIA,WR,W 30-15,0/0,0.0,0.0,0.0,0.0,0.0,0.0,0.0,0.0,0.0,0.0,0.0,0.0,0.0,0.0
Chris Moore,@NYG,BAL,WR,L 23-27,0/0,0.0,0.0,0.0,0.0,0.0,0.0,0.0,0.0,0.0,0.0,0.0,0.0,0.0,0.0
Malcolm Mitchell,Cin,NWE,WR,W 35-17,0/0,0.0,0.0,0.0,0.0,0.0,0.0,0.0,0.0,0.0,0.0,0.0,0.0,0.0,0.0
Pharoh Cooper,@Det,LAR,WR,L 28-31,0/0,0.0,0.0,0.0,0.0,0.0,0.0,0.0,0.0,0.0,0.0,0.0,0.0,0.0,0.0
Demarcus Robinson,@Oak,KAN,WR,W 26-10,0/0,0.0,0.0,0.0,0.0,0.0,0.0,0.0,0.0,0.0,0.0,0.0,0.0,0.0,0.0
Tajae Sharpe,Cle,TEN,WR,W 28-26,0/0,0.0,0.0,0.0,1.0,1.0,0.0,0.0,0.0,0.0,3.0,0.0,0.0,0.0,0.0
Jordan Payton,@Ten,CLE,WR,L 26-28,0/0,0.0,0.0,0.0,0.0,0.0,0.0,0.0,0.0,0.0,1.0,0.0,0.0,0.0,0.0
Trevor Davis,Dal,GNB,WR,L 16-30,0/0,0.0,0.0,0.0,0.0,0.0,0.0,0.0,0.0,0.0,0.0,0.0,0.0,0.0,0.0
Keenan Reynolds,@NYG,BAL,WR,L 23-27,0/0,0.0,0.0,0.0,0.0,0.0,0.0,0.0,0.0,0.0,0.0,0.0,0.0,0.0,0.0
Jakeem Grant,Pit,MIA,WR,W 30-15,0/0,0.0,0.0,0.0,0.0,0.0,0.0,0.0,0.0,0.0,0.0,0.0,0.0,0.0,0.0
Kolby Listenbee,SF,BUF,WR,W 45-16,0/0,0.0,0.0,0.0,0.0,0.0,0.0,0.0,0.0,0.0,0.0,0.0,0.0,0.0,0.0
Cody Core,@NE,CIN,WR,L 17-35,0/0,0.0,0.0,0.0,0.0,0.0,0.0,0.0,0.0,0.0,0.0,0.0,0.0,0.0,0.0
Michael Thomas,@Det,LAR,WR,L 28-31,0/0,0.0,0.0,0.0,0.0,0.0,0.0,0.0,0.0,0.0,0.0,0.0,0.0,0.0,0.0
Aaron Burbridge,@Buf,SFO,WR,L 16-45,0/0,0.0,0.0,0.0,0.0,0.0,0.0,0.0,0.0,0.0,0.0,0.0,0.0,0.0,0.0
Devin Lucien,Cin,NWE,WR,W 35-17,0/0,0.0,0.0,0.0,0.0,0.0,0.0,0.0,0.0,0.0,0.0,0.0,0.0,0.0,0.0
Demarcus Ayers,@Mia,PIT,WR,L 15-30,0/0,0.0,0.0,0.0,0.0,0.0,0.0,0.0,0.0,0.0,0.0,0.0,0.0,0.0,0.0
Daniel Braverman,Jax,CHI,WR,L 16-17,0/0,0.0,0.0,0.0,0.0,0.0,0.0,0.0,0.0,0.0,0.0,0.0,0.0,0.0,0.0
Devin Lewis Fuller,@Sea,ATL,WR,L 24-26,0/0,0.0,0.0,0.0,0.0,0.0,0.0,0.0,0.0,0.0,0.0,0.0,0.0,0.0,0.0
Kenny Lawler,Atl,SEA,WR,W 26-24,0/0,0.0,0.0,0.0,0.0,0.0,0.0,0.0,0.0,0.0,0.0,0.0,0.0,0.0,0.0
Max McCaffrey,KC,OAK,WR,L 10-26,0/0,0.0,0.0,0.0,0.0,0.0,0.0,0.0,0.0,0.0,0.0,0.0,0.0,0.0,0.0
Kasen Williams,Atl,SEA,WR,W 26-24,0/0,0.0,0.0,0.0,0.0,0.0,0.0,0.0,0.0,0.0,0.0,0.0,0.0,0.0,0.0
Reggie Bell,Car,NOR,WR,W 41-38,0/0,0.0,0.0,0.0,0.0,0.0,0.0,0.0,0.0,0.0,0.0,0.0,0.0,0.0,0.0
Jake Kumerow,@NE,CIN,WR,L 17-35,0/0,0.0,0.0,0.0,0.0,0.0,0.0,0.0,0.0,0.0,0.0,0.0,0.0,0.0,0.0
Marquez North,@Det,LAR,WR,L 28-31,0/0,0.0,0.0,0.0,0.0,0.0,0.0,0.0,0.0,0.0,0.0,0.0,0.0,0.0,0.0
Andy Jones,@GB,DAL,WR,W 30-16,0/0,0.0,0.0,0.0,0.0,0.0,0.0,0.0,0.0,0.0,0.0,0.0,0.0,0.0,0.0
Xavier Rush,@Wsh,PHI,WR,L 20-27,0/0,0.0,0.0,0.0,0.0,0.0,0.0,0.0,0.0,0.0,0.0,0.0,0.0,0.0,0.0
Dom Williams,Den,SDG,WR,W 21-13,0/0,0.0,0.0,0.0,0.0,0.0,0.0,0.0,0.0,0.0,0.0,0.0,0.0,0.0,0.0
Damiere Byrd,@NO,CAR,WR,L 38-41,0/0,0.0,0.0,0.0,0.0,0.0,0.0,0.0,0.0,0.0,0.0,0.0,0.0,0.0,0.0
R.J. Harris,Car,NOR,WR,W 41-38,0/0,0.0,0.0,0.0,0.0,0.0,0.0,0.0,0.0,0.0,0.0,0.0,0.0,0.0,0.0
Paul McRoberts,@Det,LAR,WR,L 28-31,0/0,0.0,0.0,0.0,0.0,0.0,0.0,0.0,0.0,0.0,0.0,0.0,0.0,0.0,0.0
Wendall Williams,Ind,HOU,WR,W 26-23,0/0,0.0,0.0,0.0,0.0,0.0,0.0,0.0,0.0,0.0,0.0,0.0,0.0,0.0,0.0
Anthony Dable,Bal,NYG,WR,W 27-23,0/0,0.0,0.0,0.0,0.0,0.0,0.0,0.0,0.0,0.0,0.0,0.0,0.0,0.0,0.0
Darius Jennings,@Ten,CLE,WR,L 26-28,0/0,0.0,0.0,0.0,0.0,0.0,0.0,0.0,0.0,0.0,0.0,0.0,0.0,0.0,0.0
Alex Erickson,@NE,CIN,WR,L 17-35,0/0,0.0,0.0,0.0,0.0,0.0,0.0,0.0,0.0,0.0,0.0,0.0,0.0,0.0,0.0
Devon Cajuste,@Buf,SFO,WR,L 16-45,0/0,0.0,0.0,0.0,0.0,0.0,0.0,0.0,0.0,0.0,0.0,0.0,0.0,0.0,0.0
Mitch Mathews,@Oak,KAN,WR,W 26-10,0/0,0.0,0.0,0.0,0.0,0.0,0.0,0.0,0.0,0.0,0.0,0.0,0.0,0.0,0.0
Keyarris Garrett,@NO,CAR,WR,L 38-41,0/0,0.0,0.0,0.0,0.0,0.0,0.0,0.0,0.0,0.0,0.0,0.0,0.0,0.0,0.0
Bryce Treggs,@Wsh,PHI,WR,L 20-27,0/0,0.0,0.0,0.0,0.0,0.0,0.0,0.0,0.0,0.0,0.0,0.0,0.0,0.0,0.0
Johnny Holton,KC,OAK,WR,L 10-26,0/0,0.0,0.0,0.0,0.0,0.0,0.0,0.0,0.0,0.0,0.0,0.0,0.0,0.0,0.0
Nelson Spruce,@Det,LAR,WR,L 28-31,0/0,0.0,0.0,0.0,0.0,0.0,0.0,0.0,0.0,0.0,0.0,0.0,0.0,0.0,0.0
Travis Benjamin,Den,SDG,WR,W 21-13,0/0,0.0,0.0,0.0,0.0,0.0,0.0,3.0,17.0,0.0,5.0,0.0,1.0,0.0,-1.0
Keshawn Martin,@Buf,SFO,WR,L 16-45,0/0,0.0,0.0,0.0,0.0,0.0,0.0,0.0,0.0,0.0,0.0,0.0,1.0,0.0,-2.0
Jordan Taylor,@SD,DEN,WR,L 13-21,0/0,0.0,0.0,0.0,0.0,0.0,0.0,1.0,1.0,0.0,4.0,0.0,1.0,0.0,-2.0
Vincent Jackson,** BYE **,TAM,WR,,,,,,,,,,,,,,,,
Louis Murphy,** BYE **,TAM,WR,,,,,,,,,,,,,,,,
Preston Parker,** BYE **,FA,WR,,,,,,,,,,,,,,,,
Cecil Shorts III,** BYE **,TAM,WR,,,,,,,,,,,,,,,,
Jarius Wright,** BYE **,MIN,WR,,,,,,,,,,,,,,,,
Cordarrelle Patterson,** BYE **,MIN,WR,,,,,,,,,,,,,,,,
Charles Johnson,** BYE **,MIN,WR,,,,,,,,,,,,,,,,
Russell Shepard,** BYE **,TAM,WR,,,,,,,,,,,,,,,,
Mike Evans,** BYE **,TAM,WR,,,,,,,,,,,,,,,,
Adam Thielen,** BYE **,MIN,WR,,,,,,,,,,,,,,,,
Jonathan Krause,** BYE **,TAM,WR,,,,,,,,,,,,,,,,
Freddie Martino,** BYE **,TAM,WR,,,,,,,,,,,,,,,,
Kenny Bell,** BYE **,TAM,WR,,,,,,,,,,,,,,,,
Evan Spencer,** BYE **,TAM,WR,,,,,,,,,,,,,,,,
Stefon Diggs,** BYE **,MIN,WR,,,,,,,,,,,,,,,,
Adam Humphries,** BYE **,TAM,WR,,,,,,,,,,,,,,,,
Donteea Dye,** BYE **,TAM,WR,,,,,,,,,,,,,,,,
Laquon Treadwell,** BYE **,MIN,WR,,,,,,,,,,,,,,,,
Moritz Bohringer,** BYE **,MIN,WR,,,,,,,,,,,,,,,,
Bernard Reedy,** BYE **,TAM,WR,,,,,,,,,,,,,,,,
Rob Gronkowski,Cin,NWE,TE,W 35-17,0/0,0.0,0.0,0.0,0.0,0.0,0.0,7.0,162.0,1.0,9.0,0.0,0.0,0.0,22.0
Coby Fleener,Car,NOR,TE,W 41-38,0/0,0.0,0.0,0.0,1.0,2.0,1.0,6.0,74.0,1.0,7.0,0.0,0.0,0.0,19.0
C.J. Fiedorowicz,Ind,HOU,TE,W 26-23,0/0,0.0,0.0,0.0,0.0,0.0,0.0,6.0,85.0,1.0,7.0,0.0,0.0,0.0,14.0
Hunter Henry,Den,SDG,TE,W 21-13,0/0,0.0,0.0,0.0,0.0,0.0,0.0,6.0,83.0,1.0,8.0,0.0,0.0,0.0,14.0
Levine Toilolo,@Sea,ATL,TE,L 24-26,0/0,0.0,0.0,0.0,0.0,0.0,0.0,3.0,69.0,1.0,4.0,0.0,0.0,0.0,12.0
Vernon Davis,Phi,WAS,TE,W 27-20,0/0,0.0,0.0,0.0,0.0,0.0,0.0,2.0,50.0,1.0,4.0,0.0,0.0,0.0,11.0
Jack Doyle,@Hou,IND,TE,L 23-26,0/0,0.0,0.0,0.0,0.0,0.0,0.0,4.0,53.0,1.0,4.0,0.0,0.0,0.0,11.0
Greg Olsen,@NO,CAR,TE,L 38-41,0/0,0.0,0.0,0.0,0.0,0.0,0.0,6.0,94.0,0.0,7.0,0.0,0.0,0.0,9.0
Lance Kendricks,@Det,LAR,TE,L 28-31,0/0,0.0,0.0,0.0,0.0,0.0,0.0,5.0,34.0,1.0,7.0,0.0,0.0,0.0,9.0
Jimmy Graham,Atl,SEA,TE,W 26-24,0/0,0.0,0.0,0.0,0.0,0.0,0.0,6.0,89.0,0.0,9.0,0.0,0.0,0.0,8.0
Ed Dickson,@NO,CAR,TE,L 38-41,0/0,0.0,0.0,0.0,0.0,0.0,0.0,3.0,23.0,1.0,4.0,0.0,0.0,0.0,8.0
Josh Hill,Car,NOR,TE,W 41-38,0/0,0.0,0.0,0.0,0.0,0.0,0.0,2.0,23.0,1.0,5.0,0.0,0.0,0.0,8.0
MarQueis Gray,Pit,MIA,TE,W 30-15,0/0,0.0,0.0,0.0,0.0,0.0,0.0,3.0,81.0,0.0,3.0,0.0,0.0,0.0,8.0
Anthony Fasano,Cle,TEN,TE,W 28-26,0/0,0.0,0.0,0.0,0.0,0.0,0.0,1.0,15.0,1.0,1.0,0.0,0.0,0.0,7.0
Gary Barnidge,@Ten,CLE,TE,L 26-28,0/0,0.0,0.0,0.0,0.0,0.0,0.0,3.0,59.0,0.0,5.0,0.0,0.0,0.0,5.0
Charles Clay,SF,BUF,TE,W 45-16,0/0,0.0,0.0,0.0,0.0,0.0,0.0,5.0,52.0,0.0,7.0,0.0,0.0,0.0,5.0
Jason Witten,@GB,DAL,TE,W 30-16,0/0,0.0,0.0,0.0,0.0,0.0,0.0,4.0,42.0,0.0,8.0,0.0,0.0,0.0,4.0
Martellus Bennett,Cin,NWE,TE,W 35-17,0/0,0.0,0.0,0.0,0.0,0.0,0.0,5.0,48.0,0.0,5.0,0.0,0.0,0.0,4.0
Erik Swoope,@Hou,IND,TE,L 23-26,0/0,0.0,0.0,0.0,0.0,0.0,0.0,2.0,42.0,0.0,3.0,0.0,0.0,0.0,4.0
John Phillips,@SD,DEN,TE,L 13-21,0/0,0.0,0.0,0.0,0.0,0.0,0.0,3.0,31.0,0.0,3.0,0.0,0.0,0.0,3.0
Zach Miller,Jax,CHI,TE,L 16-17,0/0,0.0,0.0,0.0,0.0,0.0,0.0,6.0,36.0,0.0,10.0,0.0,0.0,0.0,3.0
Dennis Pitta,@NYG,BAL,TE,L 23-27,0/0,0.0,0.0,0.0,0.0,0.0,0.0,6.0,36.0,0.0,10.0,0.0,0.0,0.0,3.0
Larry Donnell,Bal,NYG,TE,W 27-23,0/0,0.0,0.0,0.0,0.0,0.0,0.0,6.0,34.0,0.0,7.0,0.0,0.0,0.0,3.0
Travis Kelce,@Oak,KAN,TE,W 26-10,0/0,0.0,0.0,0.0,0.0,0.0,0.0,3.0,32.0,0.0,3.0,0.0,0.0,0.0,3.0
Ryan Griffin,Ind,HOU,TE,W 26-23,0/0,0.0,0.0,0.0,0.0,0.0,0.0,3.0,31.0,0.0,5.0,0.0,0.0,0.0,3.0
Delanie Walker,Cle,TEN,TE,W 28-26,0/0,0.0,0.0,0.0,0.0,0.0,0.0,1.0,21.0,0.0,2.0,0.0,0.0,0.0,2.0
Virgil Green,@SD,DEN,TE,L 13-21,0/0,0.0,0.0,0.0,0.0,0.0,0.0,3.0,21.0,0.0,4.0,0.0,0.0,0.0,2.0
Julius Thomas,@Chi,JAC,TE,W 17-16,0/0,0.0,0.0,0.0,0.0,0.0,0.0,2.0,28.0,0.0,4.0,0.0,0.0,0.0,2.0
Phillip Supernaw,Cle,TEN,TE,W 28-26,0/0,0.0,0.0,0.0,0.0,0.0,0.0,2.0,25.0,0.0,2.0,0.0,0.0,0.0,2.0
Zach Ertz,@Wsh,PHI,TE,L 20-27,0/0,0.0,0.0,0.0,0.0,0.0,0.0,1.0,22.0,0.0,3.0,0.0,0.0,0.0,2.0
Vance McDonald,@Buf,SFO,TE,L 16-45,0/0,0.0,0.0,0.0,0.0,0.0,0.0,2.0,25.0,0.0,2.0,0.0,0.0,0.0,2.0
Clive Walford,KC,OAK,TE,L 10-26,0/0,0.0,0.0,0.0,0.0,0.0,0.0,2.0,25.0,0.0,2.0,0.0,0.0,0.0,2.0
Nick O'Leary,SF,BUF,TE,W 45-16,0/0,0.0,0.0,0.0,0.0,0.0,0.0,2.0,29.0,0.0,2.0,0.0,0.0,0.0,2.0
Antonio Gates,Den,SDG,TE,W 21-13,0/0,0.0,0.0,0.0,0.0,0.0,0.0,2.0,16.0,0.0,6.0,0.0,0.0,0.0,1.0
Jacob Tamme,@Sea,ATL,TE,L 24-26,0/0,0.0,0.0,0.0,0.0,0.0,0.0,2.0,16.0,0.0,3.0,0.0,0.0,0.0,1.0
Jermaine Gresham,NYJ,ARI,TE,W 28-3,0/0,0.0,0.0,0.0,0.0,0.0,0.0,1.0,14.0,0.0,2.0,0.0,0.0,0.0,1.0
Mychal Rivera,KC,OAK,TE,L 10-26,0/0,0.0,0.0,0.0,0.0,0.0,0.0,1.0,16.0,0.0,2.0,0.0,0.0,0.0,1.0
Dion Sims,Pit,MIA,TE,W 30-15,0/0,0.0,0.0,0.0,0.0,0.0,0.0,1.0,12.0,0.0,2.0,0.0,0.0,0.0,1.0
Richard Rodgers,Dal,GNB,TE,L 16-30,0/0,0.0,0.0,0.0,0.0,0.0,0.0,2.0,15.0,0.0,3.0,0.0,0.0,0.0,1.0
Demetrius Harris,@Oak,KAN,TE,W 26-10,0/0,0.0,0.0,0.0,0.0,0.0,0.0,1.0,11.0,0.0,2.0,0.0,0.0,0.0,1.0
Tyler Kroft,@NE,CIN,TE,L 17-35,0/0,0.0,0.0,0.0,0.0,0.0,0.0,2.0,19.0,0.0,2.0,0.0,0.0,0.0,1.0
Jesse James,@Mia,PIT,TE,L 15-30,0/0,0.0,0.0,0.0,0.0,0.0,0.0,2.0,13.0,0.0,3.0,0.0,0.0,0.0,1.0
Will Tye,Bal,NYG,TE,W 27-23,0/0,0.0,0.0,0.0,0.0,0.0,0.0,2.0,15.0,0.0,2.0,0.0,0.0,0.0,1.0
Xavier Grimble,@Mia,PIT,TE,L 15-30,0/0,0.0,0.0,0.0,0.0,0.0,0.0,1.0,11.0,0.0,3.0,0.0,0.0,0.0,1.0
Kellen Winslow,@Ari,NYJ,TE,L 3-28,0/0,0.0,0.0,0.0,0.0,0.0,0.0,0.0,0.0,0.0,0.0,0.0,0.0,0.0,0.0
Benjamin Watson,@NYG,BAL,TE,L 23-27,0/0,0.0,0.0,0.0,0.0,0.0,0.0,0.0,0.0,0.0,0.0,0.0,0.0,0.0,0.0
Alex Smith,Phi,WAS,TE,W 27-20,0/0,0.0,0.0,0.0,0.0,0.0,0.0,0.0,0.0,0.0,0.0,0.0,0.0,0.0,0.0
Marcedes Lewis,@Chi,JAC,TE,W 17-16,0/0,0.0,0.0,0.0,0.0,0.0,0.0,0.0,0.0,0.0,1.0,0.0,0.0,0.0,0.0
Owen Daniels,@SD,DEN,TE,L 13-21,0/0,0.0,0.0,0.0,0.0,0.0,0.0,0.0,0.0,0.0,0.0,0.0,0.0,0.0,0.0
Daniel Fells,Bal,NYG,TE,W 27-23,0/0,0.0,0.0,0.0,0.0,0.0,0.0,0.0,0.0,0.0,0.0,0.0,0.0,0.0,0.0
Matt Spaeth,@Mia,PIT,TE,L 15-30,0/0,0.0,0.0,0.0,0.0,0.0,0.0,0.0,0.0,0.0,0.0,0.0,0.0,0.0,0.0
Scott Chandler,Cin,NWE,TE,W 35-17,0/0,0.0,0.0,0.0,0.0,0.0,0.0,0.0,0.0,0.0,0.0,0.0,0.0,0.0,0.0
Brent Celek,@Wsh,PHI,TE,L 20-27,0/0,0.0,0.0,0.0,0.0,0.0,0.0,0.0,0.0,0.0,0.0,0.0,0.0,0.0,0.0
Clark Harris,@NE,CIN,TE,L 17-35,0/0,0.0,0.0,0.0,0.0,0.0,0.0,0.0,0.0,0.0,0.0,0.0,0.0,0.0,0.0
Fred Davis,Phi,WAS,TE,W 27-20,0/0,0.0,0.0,0.0,0.0,0.0,0.0,0.0,0.0,0.0,0.0,0.0,0.0,0.0,0.0
Craig Stevens,Cle,TEN,TE,W 28-26,0/0,0.0,0.0,0.0,0.0,0.0,0.0,0.0,0.0,0.0,0.0,0.0,0.0,0.0,0.0
Kellen Davis,@Ari,NYJ,TE,L 3-28,0/0,0.0,0.0,0.0,0.0,0.0,0.0,0.0,0.0,0.0,0.0,0.0,0.0,0.0,0.0
Matthew Mulligan,LA,DET,TE,W 31-28,0/0,0.0,0.0,0.0,0.0,0.0,0.0,0.0,0.0,0.0,0.0,0.0,0.0,0.0,0.0
David Johnson,@Mia,PIT,TE,L 15-30,0/0,0.0,0.0,0.0,0.0,0.0,0.0,0.0,0.0,0.0,1.0,0.0,0.0,0.0,0.0
James Casey,@SD,DEN,TE,L 13-21,0/0,0.0,0.0,0.0,0.0,0.0,0.0,0.0,0.0,0.0,0.0,0.0,0.0,0.0,0.0
Chase Coffman,@Hou,IND,TE,L 23-26,0/0,0.0,0.0,0.0,0.0,0.0,0.0,0.0,0.0,0.0,0.0,0.0,0.0,0.0,0.0
Jared Cook,Dal,GNB,TE,L 16-30,0/0,0.0,0.0,0.0,0.0,0.0,0.0,0.0,0.0,0.0,0.0,0.0,0.0,0.0,0.0
Bear Pascoe,Cin,NWE,TE,W 35-17,0/0,0.0,0.0,0.0,0.0,0.0,0.0,0.0,0.0,0.0,0.0,0.0,0.0,0.0,0.0
Brandon Pettigrew,LA,DET,TE,W 31-28,0/0,0.0,0.0,0.0,0.0,0.0,0.0,0.0,0.0,0.0,0.0,0.0,0.0,0.0,0.0
Tony Moeaki,Jax,CHI,TE,L 16-17,0/0,0.0,0.0,0.0,0.0,0.0,0.0,0.0,0.0,0.0,0.0,0.0,0.0,0.0,0.0
Jim Dray,SF,BUF,TE,W 45-16,0/0,0.0,0.0,0.0,0.0,0.0,0.0,0.0,0.0,0.0,0.0,0.0,0.0,0.0,0.0
Garrett Graham,@SD,DEN,TE,L 13-21,0/0,0.0,0.0,0.0,0.0,0.0,0.0,0.0,0.0,0.0,0.0,0.0,0.0,0.0,0.0
Clay Harbor,LA,DET,TE,W 31-28,0/0,0.0,0.0,0.0,0.0,0.0,0.0,1.0,3.0,0.0,1.0,0.0,0.0,0.0,0.0
Michael Hoomanawanui,Car,NOR,TE,W 41-38,0/0,0.0,0.0,0.0,0.0,0.0,0.0,0.0,0.0,0.0,0.0,0.0,0.0,0.0,0.0
Anthony McCoy,Atl,SEA,TE,W 26-24,0/0,0.0,0.0,0.0,0.0,0.0,0.0,0.0,0.0,0.0,0.0,0.0,0.0,0.0,0.0
Andrew Quarless,LA,DET,TE,W 31-28,0/0,0.0,0.0,0.0,0.0,0.0,0.0,0.0,0.0,0.0,0.0,0.0,0.0,0.0,0.0
Richie Brockel,@NO,CAR,TE,L 38-41,0/0,0.0,0.0,0.0,0.0,0.0,0.0,0.0,0.0,0.0,0.0,0.0,0.0,0.0,0.0
Jeff Cumberland,Den,SDG,TE,W 21-13,0/0,0.0,0.0,0.0,0.0,0.0,0.0,0.0,0.0,0.0,0.0,0.0,0.0,0.0,0.0
Logan Paulsen,Jax,CHI,TE,L 16-17,0/0,0.0,0.0,0.0,0.0,0.0,0.0,0.0,0.0,0.0,0.0,0.0,0.0,0.0,0.0
Rob Housler,Jax,CHI,TE,L 16-17,0/0,0.0,0.0,0.0,0.0,0.0,0.0,0.0,0.0,0.0,0.0,0.0,0.0,0.0,0.0
Bruce Miller,@Buf,SFO,TE,L 16-45,0/0,0.0,0.0,0.0,0.0,0.0,0.0,0.0,0.0,0.0,0.0,0.0,0.0,0.0,0.0
David Ausberry,LA,DET,TE,W 31-28,0/0,0.0,0.0,0.0,0.0,0.0,0.0,0.0,0.0,0.0,0.0,0.0,0.0,0.0,0.0
Niles Paul,Phi,WAS,TE,W 27-20,0/0,0.0,0.0,0.0,0.0,0.0,0.0,0.0,0.0,0.0,0.0,0.0,0.0,0.0,0.0
D.J. Williams,Phi,WAS,TE,W 27-20,0/0,0.0,0.0,0.0,0.0,0.0,0.0,0.0,0.0,0.0,0.0,0.0,0.0,0.0,0.0
Jordan Cameron,Pit,MIA,TE,W 30-15,0/0,0.0,0.0,0.0,0.0,0.0,0.0,0.0,0.0,0.0,0.0,0.0,0.0,0.0,0.0
Lee Smith,KC,OAK,TE,L 10-26,0/0,0.0,0.0,0.0,0.0,0.0,0.0,0.0,0.0,0.0,0.0,0.0,0.0,0.0,0.0
Dwayne Allen,@Hou,IND,TE,L 23-26,0/0,0.0,0.0,0.0,0.0,0.0,0.0,1.0,9.0,0.0,2.0,0.0,0.0,0.0,0.0
Orson Charles,LA,DET,TE,W 31-28,0/0,0.0,0.0,0.0,0.0,0.0,0.0,0.0,0.0,0.0,0.0,0.0,0.0,0.0,0.0
Ladarius Green,@Mia,PIT,TE,L 15-30,0/0,0.0,0.0,0.0,0.0,0.0,0.0,0.0,0.0,0.0,0.0,0.0,0.0,0.0,0.0
James Hanna,@GB,DAL,TE,W 30-16,0/0,0.0,0.0,0.0,0.0,0.0,0.0,0.0,0.0,0.0,0.0,0.0,0.0,0.0,0.0
Greg Scruggs,Cin,NWE,TE,W 35-17,0/0,0.0,0.0,0.0,0.0,0.0,0.0,0.0,0.0,0.0,0.0,0.0,0.0,0.0,0.0
Garrett Celek,@Buf,SFO,TE,L 16-45,0/0,0.0,0.0,0.0,0.0,0.0,0.0,0.0,0.0,0.0,0.0,0.0,0.0,0.0,0.0
Dominique Jones,Pit,MIA,TE,W 30-15,0/0,0.0,0.0,0.0,0.0,0.0,0.0,1.0,8.0,0.0,2.0,0.0,0.0,0.0,0.0
Derek Carrier,Phi,WAS,TE,W 27-20,0/0,0.0,0.0,0.0,0.0,0.0,0.0,0.0,0.0,0.0,0.0,0.0,0.0,0.0,0.0
Sean McGrath,Den,SDG,TE,W 21-13,0/0,0.0,0.0,0.0,0.0,0.0,0.0,0.0,0.0,0.0,0.0,0.0,0.0,0.0,0.0
Chase Ford,@NYG,BAL,TE,L 23-27,0/0,0.0,0.0,0.0,0.0,0.0,0.0,0.0,0.0,0.0,0.0,0.0,0.0,0.0,0.0
Cooper Helfet,Atl,SEA,TE,W 26-24,0/0,0.0,0.0,0.0,0.0,0.0,0.0,0.0,0.0,0.0,0.0,0.0,0.0,0.0,0.0
Brandon Bostick,@Ari,NYJ,TE,L 3-28,0/0,0.0,0.0,0.0,0.0,0.0,0.0,0.0,0.0,0.0,0.0,0.0,0.0,0.0,0.0
Ifeanyi Momah,NYJ,ARI,TE,W 28-3,0/0,0.0,0.0,0.0,0.0,0.0,0.0,0.0,0.0,0.0,1.0,0.0,0.0,0.0,0.0
Tyler Eifert,@NE,CIN,TE,L 17-35,0/0,0.0,0.0,0.0,0.0,0.0,0.0,0.0,0.0,0.0,0.0,0.0,0.0,0.0,0.0
Gavin Escobar,@GB,DAL,TE,W 30-16,0/0,0.0,0.0,0.0,0.0,0.0,0.0,0.0,0.0,0.0,0.0,0.0,0.0,0.0,0.0
Jordan Reed,Phi,WAS,TE,W 27-20,0/0,0.0,0.0,0.0,0.0,0.0,0.0,0.0,0.0,0.0,0.0,0.0,0.0,0.0,0.0
Michael Williams,Cin,NWE,TE,W 35-17,0/0,0.0,0.0,0.0,0.0,0.0,0.0,0.0,0.0,0.0,0.0,0.0,0.0,0.0,0.0
Chris Gragg,SF,BUF,TE,W 45-16,0/0,0.0,0.0,0.0,0.0,0.0,0.0,0.0,0.0,0.0,0.0,0.0,0.0,0.0,0.0
Justice Cunningham,@Det,LAR,TE,L 28-31,0/0,0.0,0.0,0.0,0.0,0.0,0.0,0.0,0.0,0.0,0.0,0.0,0.0,0.0,0.0
Luke Willson,Atl,SEA,TE,W 26-24,0/0,0.0,0.0,0.0,0.0,0.0,0.0,1.0,9.0,0.0,1.0,0.0,0.0,0.0,0.0
Chris Pantale,@Wsh,PHI,TE,L 20-27,0/0,0.0,0.0,0.0,0.0,0.0,0.0,0.0,0.0,0.0,0.0,0.0,0.0,0.0,0.0
Timothy Wright,LA,DET,TE,W 31-28,0/0,0.0,0.0,0.0,0.0,0.0,0.0,0.0,0.0,0.0,0.0,0.0,0.0,0.0,0.0
Brandon Williams,Atl,SEA,TE,W 26-24,0/0,0.0,0.0,0.0,0.0,0.0,0.0,0.0,0.0,0.0,0.0,0.0,0.0,0.0,0.0
Zach Sudfeld,@Ari,NYJ,TE,L 3-28,0/0,0.0,0.0,0.0,0.0,0.0,0.0,0.0,0.0,0.0,0.0,0.0,0.0,0.0,0.0
Jake Stoneburner,@Det,LAR,TE,L 28-31,0/0,0.0,0.0,0.0,0.0,0.0,0.0,0.0,0.0,0.0,0.0,0.0,0.0,0.0,0.0
Eric Ebron,LA,DET,TE,W 31-28,0/0,0.0,0.0,0.0,0.0,0.0,0.0,0.0,0.0,0.0,0.0,0.0,0.0,0.0,0.0
Crockett Gillmore,@NYG,BAL,TE,L 23-27,0/0,0.0,0.0,0.0,0.0,0.0,0.0,0.0,0.0,0.0,1.0,0.0,0.0,0.0,0.0
Jace Amaro,Cle,TEN,TE,W 28-26,0/0,0.0,0.0,0.0,0.0,0.0,0.0,0.0,0.0,0.0,0.0,0.0,0.0,0.0,0.0
Austin Seferian-Jenkins,@Ari,NYJ,TE,L 3-28,0/0,0.0,0.0,0.0,0.0,0.0,0.0,0.0,0.0,0.0,0.0,0.0,0.0,0.0,0.0
Troy Niklas,NYJ,ARI,TE,W 28-3,0/0,0.0,0.0,0.0,0.0,0.0,0.0,0.0,0.0,0.0,0.0,0.0,0.0,0.0,0.0
Darren Fells,NYJ,ARI,TE,W 28-3,0/0,0.0,0.0,0.0,0.0,0.0,0.0,1.0,8.0,0.0,1.0,0.0,0.0,0.0,0.0
Trey Burton,@Wsh,PHI,TE,L 20-27,0/0,0.0,0.0,0.0,0.0,0.0,0.0,1.0,7.0,0.0,1.0,0.0,0.0,0.0,0.0
Marcel Jensen,Phi,WAS,TE,W 27-20,0/0,0.0,0.0,0.0,0.0,0.0,0.0,0.0,0.0,0.0,0.0,0.0,0.0,0.0,0.0
Asante Cleveland,Den,SDG,TE,W 21-13,0/0,0.0,0.0,0.0,0.0,0.0,0.0,0.0,0.0,0.0,0.0,0.0,0.0,0.0,0.0
Nic Jacobs,@Chi,JAC,TE,W 17-16,0/0,0.0,0.0,0.0,0.0,0.0,0.0,0.0,0.0,0.0,0.0,0.0,0.0,0.0,0.0
Blake Annen,SF,BUF,TE,W 45-16,0/0,0.0,0.0,0.0,0.0,0.0,0.0,0.0,0.0,0.0,0.0,0.0,0.0,0.0,0.0
RaShaun Allen,Car,NOR,TE,W 41-38,0/0,0.0,0.0,0.0,0.0,0.0,0.0,0.0,0.0,0.0,0.0,0.0,0.0,0.0,0.0
Justin Perillo,Dal,GNB,TE,L 16-30,0/0,0.0,0.0,0.0,0.0,0.0,0.0,1.0,4.0,0.0,1.0,0.0,0.0,0.0,0.0
James O'Shaughnessy,@Oak,KAN,TE,W 26-10,0/0,0.0,0.0,0.0,0.0,0.0,0.0,0.0,0.0,0.0,0.0,0.0,0.0,0.0,0.0
Randall Telfer,@Ten,CLE,TE,L 26-28,0/0,0.0,0.0,0.0,0.0,0.0,0.0,0.0,0.0,0.0,0.0,0.0,0.0,0.0,0.0
Gerald Christian,SF,BUF,TE,W 45-16,0/0,0.0,0.0,0.0,0.0,0.0,0.0,0.0,0.0,0.0,0.0,0.0,0.0,0.0,0.0
Neal Sterling,@Chi,JAC,TE,W 17-16,0/0,0.0,0.0,0.0,0.0,0.0,0.0,0.0,0.0,0.0,0.0,0.0,0.0,0.0,0.0
Blake Bell,@Buf,SFO,TE,L 16-45,0/0,0.0,0.0,0.0,0.0,0.0,0.0,0.0,0.0,0.0,0.0,0.0,0.0,0.0,0.0
Chris Manhertz,Car,NOR,TE,W 41-38,0/0,0.0,0.0,0.0,0.0,0.0,0.0,0.0,0.0,0.0,0.0,0.0,0.0,0.0,0.0
C.J. Uzomah,@NE,CIN,TE,L 17-35,0/0,0.0,0.0,0.0,0.0,0.0,0.0,1.0,6.0,0.0,2.0,0.0,0.0,0.0,0.0
Nick Boyle,@NYG,BAL,TE,L 23-27,0/0,0.0,0.0,0.0,0.0,0.0,0.0,0.0,0.0,0.0,0.0,0.0,0.0,0.0,0.0
Jeff Heuerman,@SD,DEN,TE,L 13-21,0/0,0.0,0.0,0.0,0.0,0.0,0.0,0.0,0.0,0.0,0.0,0.0,0.0,0.0,0.0
Darren Waller,@NYG,BAL,TE,L 23-27,0/0,0.0,0.0,0.0,0.0,0.0,0.0,0.0,0.0,0.0,0.0,0.0,0.0,0.0,0.0
Busta Anderson,@Buf,SFO,TE,L 16-45,0/0,0.0,0.0,0.0,0.0,0.0,0.0,0.0,0.0,0.0,0.0,0.0,0.0,0.0,0.0
Ben Koyack,@Chi,JAC,TE,W 17-16,0/0,0.0,0.0,0.0,0.0,0.0,0.0,0.0,0.0,0.0,0.0,0.0,0.0,0.0,0.0
Kennard Backman,Dal,GNB,TE,L 16-30,0/0,0.0,0.0,0.0,0.0,0.0,0.0,0.0,0.0,0.0,0.0,0.0,0.0,0.0,0.0
Maxx Williams,@NYG,BAL,TE,L 23-27,0/0,0.0,0.0,0.0,0.0,0.0,0.0,0.0,0.0,0.0,0.0,0.0,0.0,0.0,0.0
A.J. Derby,@SD,DEN,TE,L 13-21,0/0,0.0,0.0,0.0,0.0,0.0,0.0,0.0,0.0,0.0,0.0,0.0,0.0,0.0,0.0
Geoff Swaim,@GB,DAL,TE,W 30-16,0/0,0.0,0.0,0.0,0.0,0.0,0.0,0.0,0.0,0.0,0.0,0.0,0.0,0.0,0.0
E.J. Bibbs,@Ten,CLE,TE,L 26-28,0/0,0.0,0.0,0.0,0.0,0.0,0.0,0.0,0.0,0.0,0.0,0.0,0.0,0.0,0.0
Khari Lee,LA,DET,TE,W 31-28,0/0,0.0,0.0,0.0,0.0,0.0,0.0,0.0,0.0,0.0,0.0,0.0,0.0,0.0,0.0
Jerome Cunningham,Cle,TEN,TE,W 28-26,0/0,0.0,0.0,0.0,0.0,0.0,0.0,0.0,0.0,0.0,0.0,0.0,0.0,0.0,0.0
Wes Saxton,@Ari,NYJ,TE,L 3-28,0/0,0.0,0.0,0.0,0.0,0.0,0.0,0.0,0.0,0.0,0.0,0.0,0.0,0.0,0.0
Austin Hooper,@Sea,ATL,TE,L 24-26,0/0,0.0,0.0,0.0,0.0,0.0,0.0,0.0,0.0,0.0,0.0,0.0,0.0,0.0,0.0
Nick Vannett,Atl,SEA,TE,W 26-24,0/0,0.0,0.0,0.0,0.0,0.0,0.0,0.0,0.0,0.0,0.0,0.0,0.0,0.0,0.0
Tyler Higbee,@Det,LAR,TE,L 28-31,0/0,0.0,0.0,0.0,0.0,0.0,0.0,0.0,0.0,0.0,0.0,0.0,0.0,0.0,0.0
Seth DeValve,@Ten,CLE,TE,L 26-28,0/0,0.0,0.0,0.0,0.0,0.0,0.0,0.0,0.0,0.0,0.0,0.0,0.0,0.0,0.0
Temarrick Hemingway,@Det,LAR,TE,L 28-31,0/0,0.0,0.0,0.0,0.0,0.0,0.0,0.0,0.0,0.0,0.0,0.0,0.0,0.0,0.0
Jerell Adams,Bal,NYG,TE,W 27-23,0/0,0.0,0.0,0.0,0.0,0.0,0.0,0.0,0.0,0.0,0.0,0.0,0.0,0.0,0.0
Dan Vitale,@Ten,CLE,TE,L 26-28,0/0,0.0,0.0,0.0,0.0,0.0,0.0,0.0,0.0,0.0,0.0,0.0,0.0,0.0,0.0
Rico Darnell Gathers,@GB,DAL,TE,W 30-16,0/0,0.0,0.0,0.0,0.0,0.0,0.0,0.0,0.0,0.0,0.0,0.0,0.0,0.0,0.0
Thomas Duarte,Pit,MIA,TE,W 30-15,0/0,0.0,0.0,0.0,0.0,0.0,0.0,0.0,0.0,0.0,0.0,0.0,0.0,0.0,0.0
Beau Sandland,@NO,CAR,TE,L 38-41,0/0,0.0,0.0,0.0,0.0,0.0,0.0,0.0,0.0,0.0,0.0,0.0,0.0,0.0,0.0
Ben Braunecker,Jax,CHI,TE,L 16-17,0/0,0.0,0.0,0.0,0.0,0.0,0.0,0.0,0.0,0.0,0.0,0.0,0.0,0.0,0.0
Cole Wick,LA,DET,TE,W 31-28,0/0,0.0,0.0,0.0,0.0,0.0,0.0,0.0,0.0,0.0,0.0,0.0,0.0,0.0,0.0
Stephen Anderson,Ind,HOU,TE,W 26-23,0/0,0.0,0.0,0.0,0.0,0.0,0.0,0.0,0.0,0.0,0.0,0.0,0.0,0.0,0.0
Matt LaCosse,Bal,NYG,TE,W 27-23,0/0,0.0,0.0,0.0,0.0,0.0,0.0,0.0,0.0,0.0,0.0,0.0,0.0,0.0,0.0
Anthony Denham,Ind,HOU,TE,W 26-23,0/0,0.0,0.0,0.0,0.0,0.0,0.0,0.0,0.0,0.0,0.0,0.0,0.0,0.0,0.0
Bryce Williams,Cin,NWE,TE,W 35-17,0/0,0.0,0.0,0.0,0.0,0.0,0.0,0.0,0.0,0.0,0.0,0.0,0.0,0.0,0.0
Braedon Bowman,@Ari,NYJ,TE,L 3-28,0/0,0.0,0.0,0.0,0.0,0.0,0.0,0.0,0.0,0.0,0.0,0.0,0.0,0.0,0.0
Brian Parker,@Ari,NYJ,TE,L 3-28,0/0,0.0,0.0,0.0,0.0,0.0,0.0,0.0,0.0,0.0,0.0,0.0,0.0,0.0,0.0
Dillon Gordon,@Wsh,PHI,TE,L 20-27,0/0,0.0,0.0,0.0,0.0,0.0,0.0,0.0,0.0,0.0,0.0,0.0,0.0,0.0,0.0
Joshua Perkins,@Sea,ATL,TE,L 24-26,0/0,0.0,0.0,0.0,0.0,0.0,0.0,0.0,0.0,0.0,0.0,0.0,0.0,0.0,0.0
Ross Travis,@Oak,KAN,TE,W 26-10,0/0,0.0,0.0,0.0,0.0,0.0,0.0,0.0,0.0,0.0,0.0,0.0,0.0,0.0,0.0
Scott Simonson,@NO,CAR,TE,L 38-41,0/0,0.0,0.0,0.0,0.0,0.0,0.0,0.0,0.0,0.0,0.0,0.0,0.0,0.0,0.0
Brandon Myers,** BYE **,TAM,TE,,,,,,,,,,,,,,,,
Kyle Rudolph,** BYE **,MIN,TE,,,,,,,,,,,,,,,,
Luke Stocker,** BYE **,TAM,TE,,,,,,,,,,,,,,,,
Rhett Ellison,** BYE **,MIN,TE,,,,,,,,,,,,,,,,
Brian Leonhardt,** BYE **,MIN,TE,,,,,,,,,,,,,,,,
MyCole Pruitt,** BYE **,MIN,TE,,,,,,,,,,,,,,,,
Cameron Brate,** BYE **,TAM,TE,,,,,,,,,,,,,,,,
David Morgan II,** BYE **,MIN,TE,,,,,,,,,,,,,,,,
Alan Cross,** BYE **,TAM,TE,,,,,,,,,,,,,,,,
Chiefs,@Oak,KAN,DST,W 26-10,0/0,0.0,0.0,0.0,0.0,0.0,0.0,0.0,0.0,0.0,0.0,0.0,0.0,0.0,11.0
Cardinals,NYJ,ARI,DST,W 28-3,0/0,0.0,0.0,0.0,0.0,0.0,0.0,0.0,0.0,0.0,0.0,0.0,0.0,0.0,11.0
Chargers,Den,SDG,DST,W 21-13,0/0,0.0,0.0,0.0,0.0,0.0,0.0,0.0,0.0,0.0,0.0,0.0,0.0,0.0,11.0
Cowboys,@GB,DAL,DST,W 30-16,0/0,0.0,0.0,0.0,0.0,0.0,0.0,0.0,0.0,0.0,0.0,0.0,0.0,0.0,9.0
Dolphins,Pit,MIA,DST,W 30-15,0/0,0.0,0.0,0.0,0.0,0.0,0.0,0.0,0.0,0.0,0.0,0.0,0.0,0.0,9.0
Eagles,@Wsh,PHI,DST,L 20-27,0/0,0.0,0.0,0.0,0.0,0.0,0.0,0.0,0.0,0.0,0.0,0.0,0.0,2.0,9.0
Broncos,@SD,DEN,DST,L 13-21,0/0,0.0,0.0,0.0,0.0,0.0,0.0,0.0,0.0,0.0,0.0,0.0,0.0,0.0,8.0
Bears,Jax,CHI,DST,L 16-17,0/0,0.0,0.0,0.0,0.0,0.0,0.0,0.0,0.0,0.0,0.0,0.0,0.0,0.0,7.0
Seahawks,Atl,SEA,DST,W 26-24,0/0,0.0,0.0,0.0,0.0,0.0,0.0,0.0,0.0,0.0,0.0,0.0,0.0,0.0,7.0
Redskins,Phi,WAS,DST,W 27-20,0/0,0.0,0.0,0.0,0.0,0.0,0.0,0.0,0.0,0.0,0.0,0.0,0.0,0.0,7.0
Bills,SF,BUF,DST,W 45-16,0/0,0.0,0.0,0.0,0.0,0.0,0.0,0.0,0.0,0.0,0.0,0.0,0.0,0.0,6.0
Titans,Cle,TEN,DST,W 28-26,0/0,0.0,0.0,0.0,0.0,0.0,0.0,0.0,0.0,0.0,0.0,0.0,0.0,0.0,6.0
Patriots,Cin,NWE,DST,W 35-17,0/0,0.0,0.0,0.0,0.0,0.0,0.0,0.0,0.0,0.0,0.0,0.0,0.0,0.0,4.0
Ravens,@NYG,BAL,DST,L 23-27,0/0,0.0,0.0,0.0,0.0,0.0,0.0,0.0,0.0,0.0,0.0,0.0,0.0,0.0,4.0
Texans,Ind,HOU,DST,W 26-23,0/0,0.0,0.0,0.0,0.0,0.0,0.0,0.0,0.0,0.0,0.0,0.0,0.0,0.0,4.0
Falcons,@Sea,ATL,DST,L 24-26,0/0,0.0,0.0,0.0,0.0,0.0,0.0,0.0,0.0,0.0,0.0,0.0,0.0,0.0,3.0
Packers,Dal,GNB,DST,L 16-30,0/0,0.0,0.0,0.0,0.0,0.0,0.0,0.0,0.0,0.0,0.0,0.0,0.0,0.0,2.0
Lions,LA,DET,DST,W 31-28,0/0,0.0,0.0,0.0,0.0,0.0,0.0,0.0,0.0,0.0,0.0,0.0,0.0,0.0,1.0
Giants,Bal,NYG,DST,W 27-23,0/0,0.0,0.0,0.0,0.0,0.0,0.0,0.0,0.0,0.0,0.0,0.0,0.0,0.0,1.0
Jaguars,@Chi,JAC,DST,W 17-16,0/0,0.0,0.0,0.0,0.0,0.0,0.0,0.0,0.0,0.0,0.0,0.0,0.0,0.0,1.0
Browns,@Ten,CLE,DST,L 26-28,0/0,0.0,0.0,0.0,0.0,0.0,0.0,0.0,0.0,0.0,0.0,0.0,0.0,0.0,0.0
Colts,@Hou,IND,DST,L 23-26,0/0,0.0,0.0,0.0,0.0,0.0,0.0,0.0,0.0,0.0,0.0,0.0,0.0,0.0,0.0
Rams,@Det,LAR,DST,L 28-31,0/0,0.0,0.0,0.0,0.0,0.0,0.0,0.0,0.0,0.0,0.0,0.0,0.0,0.0,0.0
Saints,Car,NOR,DST,W 41-38,0/0,0.0,0.0,0.0,0.0,0.0,0.0,0.0,0.0,0.0,0.0,0.0,0.0,0.0,0.0
49ers,@Buf,SFO,DST,L 16-45,0/0,0.0,0.0,0.0,0.0,0.0,0.0,0.0,0.0,0.0,0.0,0.0,0.0,0.0,-1.0
Raiders,KC,OAK,DST,L 10-26,0/0,0.0,0.0,0.0,0.0,0.0,0.0,0.0,0.0,0.0,0.0,0.0,0.0,0.0,-2.0
Jets,@Ari,NYJ,DST,L 3-28,0/0,0.0,0.0,0.0,0.0,0.0,0.0,0.0,0.0,0.0,0.0,0.0,0.0,0.0,-2.0
Bengals,@NE,CIN,DST,L 17-35,0/0,0.0,0.0,0.0,0.0,0.0,0.0,0.0,0.0,0.0,0.0,0.0,0.0,0.0,-3.0
Steelers,@Mia,PIT,DST,L 15-30,0/0,0.0,0.0,0.0,0.0,0.0,0.0,0.0,0.0,0.0,0.0,0.0,0.0,0.0,-4.0
Panthers,@NO,CAR,DST,L 38-41,0/0,0.0,0.0,0.0,0.0,0.0,0.0,0.0,0.0,0.0,0.0,0.0,0.0,0.0,-6.0
Vikings,** BYE **,MIN,DST,,,,,,,,,,,,,,,,
Buccaneers,** BYE **,TAM,DST,,,,,,,,,,,,,,,,
Dan Bailey,@GB,DAL,K,W 30-16,0/0,0.0,0.0,0.0,0.0,0.0,0.0,0.0,0.0,0.0,0.0,0.0,0.0,0.0,13.0
Josh Lambo,Den,SDG,K,W 21-13,0/0,0.0,0.0,0.0,0.0,0.0,0.0,0.0,0.0,0.0,0.0,0.0,0.0,0.0,13.0
Adam Vinatieri,@Hou,IND,K,L 23-26,0/0,0.0,0.0,0.0,0.0,0.0,0.0,0.0,0.0,0.0,0.0,0.0,0.0,0.0,12.0
Phil Dawson,@Buf,SFO,K,L 16-45,0/0,0.0,0.0,0.0,0.0,0.0,0.0,0.0,0.0,0.0,0.0,0.0,0.0,0.0,12.0
Wil Lutz,Car,NOR,K,W 41-38,0/0,0.0,0.0,0.0,0.0,0.0,0.0,0.0,0.0,0.0,0.0,0.0,0.0,0.0,12.0
Mason Crosby,Dal,GNB,K,L 16-30,0/0,0.0,0.0,0.0,0.0,0.0,0.0,0.0,0.0,0.0,0.0,0.0,0.0,0.0,11.0
Justin Tucker,@NYG,BAL,K,L 23-27,0/0,0.0,0.0,0.0,0.0,0.0,0.0,0.0,0.0,0.0,0.0,0.0,0.0,0.0,11.0
Dustin Hopkins,Phi,WAS,K,W 27-20,0/0,0.0,0.0,0.0,0.0,0.0,0.0,0.0,0.0,0.0,0.0,0.0,0.0,0.0,11.0
Stephen Gostkowski,Cin,NWE,K,W 35-17,0/0,0.0,0.0,0.0,0.0,0.0,0.0,0.0,0.0,0.0,0.0,0.0,0.0,0.0,10.0
Dan Carpenter,SF,BUF,K,W 45-16,0/0,0.0,0.0,0.0,0.0,0.0,0.0,0.0,0.0,0.0,0.0,0.0,0.0,0.0,10.0
Connor Barth,Jax,CHI,K,L 16-17,0/0,0.0,0.0,0.0,0.0,0.0,0.0,0.0,0.0,0.0,0.0,0.0,0.0,0.0,10.0
Andrew Franks,Pit,MIA,K,W 30-15,0/0,0.0,0.0,0.0,0.0,0.0,0.0,0.0,0.0,0.0,0.0,0.0,0.0,0.0,10.0
Josh Brown,Bal,NYG,K,W 27-23,0/0,0.0,0.0,0.0,0.0,0.0,0.0,0.0,0.0,0.0,0.0,0.0,0.0,0.0,9.0
Steven Hauschka,Atl,SEA,K,W 26-24,0/0,0.0,0.0,0.0,0.0,0.0,0.0,0.0,0.0,0.0,0.0,0.0,0.0,0.0,9.0
Cody Parkey,@Ten,CLE,K,L 26-28,0/0,0.0,0.0,0.0,0.0,0.0,0.0,0.0,0.0,0.0,0.0,0.0,0.0,0.0,9.0
Nick Novak,Ind,HOU,K,W 26-23,0/0,0.0,0.0,0.0,0.0,0.0,0.0,0.0,0.0,0.0,0.0,0.0,0.0,0.0,8.0
Caleb Sturgis,@Wsh,PHI,K,L 20-27,0/0,0.0,0.0,0.0,0.0,0.0,0.0,0.0,0.0,0.0,0.0,0.0,0.0,0.0,8.0
Cairo Santos,@Oak,KAN,K,W 26-10,0/0,0.0,0.0,0.0,0.0,0.0,0.0,0.0,0.0,0.0,0.0,0.0,0.0,0.0,8.0
Matt Prater,LA,DET,K,W 31-28,0/0,0.0,0.0,0.0,0.0,0.0,0.0,0.0,0.0,0.0,0.0,0.0,0.0,0.0,7.0
Graham Gano,@NO,CAR,K,L 38-41,0/0,0.0,0.0,0.0,0.0,0.0,0.0,0.0,0.0,0.0,0.0,0.0,0.0,0.0,7.0
Brandon McManus,@SD,DEN,K,L 13-21,0/0,0.0,0.0,0.0,0.0,0.0,0.0,0.0,0.0,0.0,0.0,0.0,0.0,0.0,7.0
Matt Bryant,@Sea,ATL,K,L 24-26,0/0,0.0,0.0,0.0,0.0,0.0,0.0,0.0,0.0,0.0,0.0,0.0,0.0,0.0,6.0
Mike Nugent,@NE,CIN,K,L 17-35,0/0,0.0,0.0,0.0,0.0,0.0,0.0,0.0,0.0,0.0,0.0,0.0,0.0,0.0,5.0
Jason Myers,@Chi,JAC,K,W 17-16,0/0,0.0,0.0,0.0,0.0,0.0,0.0,0.0,0.0,0.0,0.0,0.0,0.0,0.0,5.0
Sebastian Janikowski,KC,OAK,K,L 10-26,0/0,0.0,0.0,0.0,0.0,0.0,0.0,0.0,0.0,0.0,0.0,0.0,0.0,0.0,4.0
Greg Zuerlein,@Det,LAR,K,L 28-31,0/0,0.0,0.0,0.0,0.0,0.0,0.0,0.0,0.0,0.0,0.0,0.0,0.0,0.0,4.0
Chandler Catanzaro,NYJ,ARI,K,W 28-3,0/0,0.0,0.0,0.0,0.0,0.0,0.0,0.0,0.0,0.0,0.0,0.0,0.0,0.0,4.0
Nick Folk,@Ari,NYJ,K,L 3-28,0/0,0.0,0.0,0.0,0.0,0.0,0.0,0.0,0.0,0.0,0.0,0.0,0.0,0.0,3.0
Ryan Succop,Cle,TEN,K,W 28-26,0/0,0.0,0.0,0.0,0.0,0.0,0.0,0.0,0.0,0.0,0.0,0.0,0.0,0.0,3.0
Chris Boswell,@Mia,PIT,K,L 15-30,0/0,0.0,0.0,0.0,0.0,0.0,0.0,0.0,0.0,0.0,0.0,0.0,0.0,0.0,1.0
Shayne Graham,@Sea,ATL,K,L 24-26,0/0,0.0,0.0,0.0,0.0,0.0,0.0,0.0,0.0,0.0,0.0,0.0,0.0,0.0,0.0
Billy Cundiff,@Ten,CLE,K,L 26-28,0/0,0.0,0.0,0.0,0.0,0.0,0.0,0.0,0.0,0.0,0.0,0.0,0.0,0.0,0.0
Josh Scobee,Car,NOR,K,W 41-38,0/0,0.0,0.0,0.0,0.0,0.0,0.0,0.0,0.0,0.0,0.0,0.0,0.0,0.0,0.0
Robbie Gould,Bal,NYG,K,W 27-23,0/0,0.0,0.0,0.0,0.0,0.0,0.0,0.0,0.0,0.0,0.0,0.0,0.0,0.0,0.0
Shaun Suisham,@Mia,PIT,K,L 15-30,0/0,0.0,0.0,0.0,0.0,0.0,0.0,0.0,0.0,0.0,0.0,0.0,0.0,0.0,0.0
Garrett Hartley,@Mia,PIT,K,L 15-30,0/0,0.0,0.0,0.0,0.0,0.0,0.0,0.0,0.0,0.0,0.0,0.0,0.0,0.0,0.0
Kai Forbath,Car,NOR,K,W 41-38,0/0,0.0,0.0,0.0,0.0,0.0,0.0,0.0,0.0,0.0,0.0,0.0,0.0,0.0,0.0
Randy Bullock,Bal,NYG,K,W 27-23,0/0,0.0,0.0,0.0,0.0,0.0,0.0,0.0,0.0,0.0,0.0,0.0,0.0,0.0,0.0
Zach Hocker,@NE,CIN,K,L 17-35,0/0,0.0,0.0,0.0,0.0,0.0,0.0,0.0,0.0,0.0,0.0,0.0,0.0,0.0,0.0
Travis Coons,@Ten,CLE,K,L 26-28,0/0,0.0,0.0,0.0,0.0,0.0,0.0,0.0,0.0,0.0,0.0,0.0,0.0,0.0,0.0
Patrick Murray,@Ten,CLE,K,L 26-28,0/0,0.0,0.0,0.0,0.0,0.0,0.0,0.0,0.0,0.0,0.0,0.0,0.0,0.0,0.0
Jordan Gay,SF,BUF,K,W 45-16,0/0,0.0,0.0,0.0,0.0,0.0,0.0,0.0,0.0,0.0,0.0,0.0,0.0,0.0,0.0
Kyle Brindza,@Ari,NYJ,K,L 3-28,0/0,0.0,0.0,0.0,0.0,0.0,0.0,0.0,0.0,0.0,0.0,0.0,0.0,0.0,0.0
Jay Feely,** BYE **,FA,K,,,,,,,,,,,,,,,,
Alex Henery,** BYE **,FA,K,,,,,,,,,,,,,,,,
Blair Walsh,** BYE **,MIN,K,,,,,,,,,,,,,,,,
Brandon Bogotay,** BYE **,TAM,K,,,,,,,,,,,,,,,,
Roberto Aguayo,** BYE **,TAM,K,,,,,,,,,,,,,,,,
