Player,OwnCode,Team,Pos,Opp,WLScore,Cmp_Att,PsYds,PsTD,Int,RsAtt,RsYds,RsTD,Rec,RcYds,RcTD,Tgt,2PC,FumL,MiscTD,FFPts
Colin Kaepernick,WA (Wed),SFO,QB,@Mia,L 24-31,29/46,296.0,3.0,1.0,10.0,113.0,0.0,0.0,0.0,0.0,0.0,0.0,0.0,0.0,33.1
Drew Brees,DAN,NOR,QB,LA,W 49-21,28/36,310.0,4.0,0.0,1.0,1.0,1.0,0.0,0.0,0.0,0.0,0.0,1.0,0.0,32.5
Kirk Cousins,LOS,WAS,QB,@Dal,L 26-31,41/53,449.0,3.0,0.0,1.0,2.0,0.0,0.0,0.0,0.0,0.0,0.0,0.0,0.0,30.0
Trevor Siemian,WA (Wed),DEN,QB,KC,L 27-30,20/34,368.0,3.0,0.0,5.0,23.0,0.0,0.0,0.0,0.0,0.0,0.0,0.0,0.0,28.9
Ryan Tannehill,WA (Wed),MIA,QB,SF,W 31-24,20/30,285.0,3.0,0.0,6.0,34.0,0.0,0.0,0.0,0.0,0.0,0.0,0.0,0.0,26.8
Aaron Rodgers,NOG,GNB,QB,@Phi,W 27-13,30/39,313.0,2.0,0.0,6.0,26.0,0.0,0.0,0.0,0.0,0.0,0.0,0.0,0.0,23.0
Dak Prescott,SCOT,DAL,QB,Wsh,W 31-26,17/24,195.0,1.0,0.0,8.0,39.0,1.0,0.0,0.0,0.0,0.0,0.0,0.0,0.0,21.7
Marcus Mariota,GARI,TEN,QB,@Chi,W 27-21,15/23,226.0,2.0,0.0,4.0,46.0,0.0,0.0,0.0,0.0,0.0,0.0,0.0,0.0,21.6
Blake Bortles,WA (Wed),JAC,QB,@Buf,L 21-28,13/26,126.0,2.0,0.0,8.0,81.0,0.0,0.0,0.0,0.0,0.0,0.0,0.0,0.0,21.1
Ben Roethlisberger,LOS,PIT,QB,@Ind,W 28-7,14/20,221.0,3.0,0.0,0.0,0.0,0.0,0.0,0.0,0.0,0.0,0.0,0.0,0.0,20.8
Matt Barkley,WA (Wed),CHI,QB,Ten,L 21-27,28/54,316.0,3.0,2.0,2.0,0.0,0.0,0.0,0.0,0.0,0.0,0.0,0.0,0.0,20.6
Cam Newton,BKN,CAR,QB,@Oak,L 32-35,14/29,246.0,2.0,1.0,3.0,6.0,1.0,0.0,0.0,0.0,0.0,0.0,1.0,0.0,20.4
Tyrod Taylor,BKN,BUF,QB,Jax,W 28-21,12/18,166.0,1.0,0.0,7.0,38.0,1.0,0.0,0.0,0.0,0.0,0.0,0.0,0.0,20.4
Philip Rivers,FUNK,SDG,QB,@Hou,W 21-13,22/30,242.0,3.0,1.0,0.0,0.0,0.0,0.0,0.0,0.0,0.0,0.0,0.0,0.0,19.6
Eli Manning,BLRT,NYG,QB,@Cle,W 27-13,15/27,194.0,3.0,0.0,2.0,-2.0,0.0,0.0,0.0,0.0,0.0,0.0,0.0,0.0,19.4
Tom Brady,WA (Wed),NWE,QB,@NYJ,W 22-17,30/50,286.0,2.0,0.0,3.0,-4.0,0.0,0.0,0.0,0.0,0.0,0.0,0.0,0.0,19.0
Matt Ryan,NOG,ATL,QB,Ari,W 38-19,26/34,269.0,2.0,1.0,4.0,15.0,0.0,0.0,0.0,0.0,0.0,0.0,0.0,0.0,18.1
Carson Palmer,WA (Wed),ARI,QB,@Atl,L 19-38,25/45,289.0,2.0,1.0,1.0,0.0,0.0,0.0,0.0,0.0,0.0,0.0,0.0,0.0,17.4
Derek Carr,SCOT,OAK,QB,Car,W 35-32,26/38,315.0,2.0,1.0,4.0,-13.0,0.0,0.0,0.0,0.0,0.0,1.0,1.0,0.0,17.3
Carson Wentz,WA (Wed),PHI,QB,GB,L 13-27,24/36,254.0,0.0,1.0,4.0,33.0,1.0,0.0,0.0,0.0,0.0,0.0,0.0,0.0,17.3
Ryan Fitzpatrick,WA (Wed),NYJ,QB,NE,L 17-22,22/32,269.0,2.0,0.0,2.0,1.0,0.0,0.0,0.0,0.0,0.0,0.0,1.0,0.0,16.7
Jared Goff,WA (Wed),LAR,QB,@NO,L 21-49,20/32,214.0,3.0,1.0,0.0,0.0,0.0,0.0,0.0,0.0,0.0,0.0,1.0,0.0,16.4
Matthew Stafford,DAN,DET,QB,Min,W 16-13,23/40,232.0,1.0,0.0,4.0,30.0,0.0,0.0,0.0,0.0,0.0,0.0,0.0,0.0,16.2
Jameis Winston,GARI,TAM,QB,Sea,W 14-5,21/28,220.0,2.0,1.0,5.0,12.0,0.0,0.0,0.0,0.0,0.0,0.0,0.0,0.0,16.0
Alex Smith,WA (Wed),KAN,QB,@Den,W 30-27,26/44,220.0,1.0,0.0,2.0,2.0,0.0,0.0,0.0,0.0,0.0,1.0,0.0,0.0,15.0
Joe Flacco,WA (Wed),BAL,QB,Cin,W 19-14,25/36,234.0,1.0,1.0,2.0,19.0,0.0,0.0,0.0,0.0,0.0,0.0,0.0,0.0,13.1
Josh McCown,WA (Wed),CLE,QB,NYG,L 13-27,25/43,322.0,1.0,0.0,0.0,0.0,0.0,0.0,0.0,0.0,0.0,0.0,2.0,0.0,12.8
Andy Dalton,WA (Wed),CIN,QB,@Bal,L 14-19,26/48,283.0,1.0,0.0,3.0,14.0,0.0,0.0,0.0,0.0,0.0,0.0,2.0,0.0,12.6
Brock Osweiler,WA (Wed),HOU,QB,SD,L 13-21,22/37,246.0,0.0,3.0,3.0,23.0,1.0,0.0,0.0,0.0,0.0,0.0,0.0,0.0,12.1
Russell Wilson,FUNK,SEA,QB,@TB,L 5-14,17/33,151.0,0.0,2.0,8.0,80.0,0.0,0.0,0.0,0.0,0.0,0.0,0.0,0.0,10.0
Scott Tolzien,WA (Wed),IND,QB,Pit,L 7-28,22/36,205.0,1.0,2.0,3.0,6.0,0.0,0.0,0.0,0.0,0.0,0.0,0.0,0.0,8.8
Sam Bradford,WA (Wed),MIN,QB,@Det,L 13-16,31/37,224.0,0.0,1.0,0.0,0.0,0.0,0.0,0.0,0.0,0.0,0.0,0.0,0.0,6.8
Mike Vick,WA (Wed),PIT,QB,@Ind,W 28-7,0/0,0.0,0.0,0.0,0.0,0.0,0.0,0.0,0.0,0.0,0.0,0.0,0.0,0.0,0.0
Shaun Hill,WA (Wed),MIN,QB,@Det,L 13-16,0/0,0.0,0.0,0.0,0.0,0.0,0.0,0.0,0.0,0.0,0.0,0.0,0.0,0.0,0.0
Tony Romo,WA (Wed),DAL,QB,Wsh,W 31-26,0/0,0.0,0.0,0.0,0.0,0.0,0.0,0.0,0.0,0.0,0.0,0.0,0.0,0.0,0.0
Matt Schaub,WA (Wed),ATL,QB,Ari,W 38-19,0/0,0.0,0.0,0.0,0.0,0.0,0.0,0.0,0.0,0.0,0.0,0.0,0.0,0.0,0.0
Luke McCown,WA (Wed),NOR,QB,LA,W 49-21,0/0,0.0,0.0,0.0,0.0,0.0,0.0,0.0,0.0,0.0,0.0,0.0,0.0,0.0,0.0
Dan Orlovsky,WA (Wed),DET,QB,Min,W 16-13,0/0,0.0,0.0,0.0,0.0,0.0,0.0,0.0,0.0,0.0,0.0,0.0,0.0,0.0,0.0
Derek Anderson,WA (Wed),CAR,QB,@Oak,L 32-35,0/0,0.0,0.0,0.0,0.0,0.0,0.0,0.0,0.0,0.0,0.0,0.0,0.0,0.0,0.0
Matt Cassel,WA (Wed),TEN,QB,@Chi,W 27-21,0/0,0.0,0.0,0.0,0.0,0.0,0.0,0.0,0.0,0.0,0.0,0.0,0.0,0.0,0.0
Jay Cutler,WA (Wed),CHI,QB,Ten,L 21-27,0/0,0.0,0.0,0.0,0.0,0.0,0.0,0.0,0.0,0.0,0.0,0.0,0.0,0.0,0.0
Kellen Clemens,WA (Wed),SDG,QB,@Hou,W 21-13,0/0,0.0,0.0,0.0,0.0,0.0,0.0,0.0,0.0,0.0,0.0,0.0,0.0,0.0,0.0
Tarvaris Jackson,WA (Wed),SEA,QB,@TB,L 5-14,0/0,0.0,0.0,0.0,0.0,0.0,0.0,0.0,0.0,0.0,0.0,0.0,0.0,0.0,0.0
Charlie Whitehurst,WA (Wed),CLE,QB,NYG,L 13-27,0/0,0.0,0.0,0.0,0.0,0.0,0.0,0.0,0.0,0.0,0.0,0.0,0.0,0.0,0.0
Bruce Gradkowski,WA (Wed),PIT,QB,@Ind,W 28-7,0/0,0.0,0.0,0.0,0.0,0.0,0.0,0.0,0.0,0.0,0.0,0.0,0.0,0.0,0.0
Drew Stanton,WA (Wed),ARI,QB,@Atl,L 19-38,0/0,0.0,0.0,0.0,0.0,0.0,0.0,0.0,0.0,0.0,0.0,0.0,0.0,0.0,0.0
Matt Moore,WA (Wed),MIA,QB,SF,W 31-24,0/0,0.0,0.0,0.0,0.0,0.0,0.0,0.0,0.0,0.0,0.0,0.0,0.0,0.0,0.0
Chad Henne,WA (Wed),JAC,QB,@Buf,L 21-28,0/0,0.0,0.0,0.0,0.0,0.0,0.0,0.0,0.0,0.0,0.0,0.0,0.0,0.0,0.0
Josh Javon Johnson,WA (Wed),NYG,QB,@Cle,W 27-13,0/0,0.0,0.0,0.0,0.0,0.0,0.0,0.0,0.0,0.0,0.0,0.0,0.0,0.0,0.0
Matt Flynn,WA (Wed),NOR,QB,LA,W 49-21,0/0,0.0,0.0,0.0,0.0,0.0,0.0,0.0,0.0,0.0,0.0,0.0,0.0,0.0,0.0
Chase Daniel,WA (Wed),PHI,QB,GB,L 13-27,0/0,0.0,0.0,0.0,0.0,0.0,0.0,0.0,0.0,0.0,0.0,0.0,0.0,0.0,0.0
Josh Freeman,WA (Wed),IND,QB,Pit,L 7-28,0/0,0.0,0.0,0.0,0.0,0.0,0.0,0.0,0.0,0.0,0.0,0.0,0.0,0.0,0.0
Brian Hoyer,WA (Wed),CHI,QB,Ten,L 21-27,0/0,0.0,0.0,0.0,0.0,0.0,0.0,0.0,0.0,0.0,0.0,0.0,0.0,0.0,0.0
Mark Sanchez,WA (Wed),DAL,QB,Wsh,W 31-26,0/0,0.0,0.0,0.0,0.0,0.0,0.0,0.0,0.0,0.0,0.0,0.0,0.0,0.0,0.0
Jimmy Clausen,WA (Wed),BAL,QB,Cin,W 19-14,0/0,0.0,0.0,0.0,0.0,0.0,0.0,0.0,0.0,0.0,0.0,0.0,0.0,0.0,0.0
Colt McCoy,WA (Wed),WAS,QB,@Dal,L 26-31,0/0,0.0,0.0,0.0,0.0,0.0,0.0,0.0,0.0,0.0,0.0,0.0,0.0,0.0,0.0
Dan LeFevour,WA (Wed),TAM,QB,Sea,W 14-5,0/0,0.0,0.0,0.0,0.0,0.0,0.0,0.0,0.0,0.0,0.0,0.0,0.0,0.0,0.0
Joe Webb,WA (Wed),CAR,QB,@Oak,L 32-35,0/0,0.0,0.0,0.0,0.0,0.0,0.0,0.0,0.0,0.0,0.0,0.0,0.0,0.0,0.0
Thaddeus Lewis,WA (Wed),SFO,QB,@Mia,L 24-31,0/0,0.0,0.0,0.0,0.0,0.0,0.0,0.0,0.0,0.0,0.0,0.0,0.0,0.0,0.0
Christian Ponder,WA (Wed),SFO,QB,@Mia,L 24-31,0/0,0.0,0.0,0.0,0.0,0.0,0.0,0.0,0.0,0.0,0.0,0.0,0.0,0.0,0.0
Blaine Gabbert,WA (Wed),SFO,QB,@Mia,L 24-31,0/0,0.0,0.0,0.0,0.0,0.0,0.0,0.0,0.0,0.0,0.0,0.0,0.0,0.0,0.0
Ryan Mallett,WA (Wed),BAL,QB,Cin,W 19-14,0/0,0.0,0.0,0.0,0.0,0.0,0.0,0.0,0.0,0.0,0.0,0.0,0.0,0.0,0.0
T.J. Yates,WA (Wed),HOU,QB,SD,L 13-21,0/0,0.0,0.0,0.0,0.0,0.0,0.0,0.0,0.0,0.0,0.0,0.0,0.0,0.0,0.0
Jerrod Johnson,WA (Wed),DAL,QB,Wsh,W 31-26,0/0,0.0,0.0,0.0,0.0,0.0,0.0,0.0,0.0,0.0,0.0,0.0,0.0,0.0,0.0
Andrew Luck,LOS,IND,QB,Pit,L 7-28,0/0,0.0,0.0,0.0,0.0,0.0,0.0,0.0,0.0,0.0,0.0,0.0,0.0,0.0,0.0
Robert Griffin III,WA (Wed),CLE,QB,NYG,L 13-27,0/0,0.0,0.0,0.0,0.0,0.0,0.0,0.0,0.0,0.0,0.0,0.0,0.0,0.0,0.0
Nick Foles,WA (Wed),KAN,QB,@Den,W 30-27,0/0,0.0,0.0,0.0,0.0,0.0,0.0,0.0,0.0,0.0,0.0,0.0,0.0,0.0,0.0
Brandon Weeden,WA (Wed),HOU,QB,SD,L 13-21,0/0,0.0,0.0,0.0,0.0,0.0,0.0,0.0,0.0,0.0,0.0,0.0,0.0,0.0,0.0
Kellen Moore,WA (Wed),DAL,QB,Wsh,W 31-26,0/0,0.0,0.0,0.0,0.0,0.0,0.0,0.0,0.0,0.0,0.0,0.0,0.0,0.0,0.0
Ryan Lindley,WA (Wed),IND,QB,Pit,L 7-28,0/0,0.0,0.0,0.0,0.0,0.0,0.0,0.0,0.0,0.0,0.0,0.0,0.0,0.0,0.0
Case Keenum,WA (Wed),LAR,QB,@NO,L 21-49,0/0,0.0,0.0,0.0,0.0,0.0,0.0,0.0,0.0,0.0,0.0,0.0,0.0,0.0,0.0
Austin Davis,WA (Wed),DEN,QB,KC,L 27-30,0/0,0.0,0.0,0.0,0.0,0.0,0.0,0.0,0.0,0.0,0.0,0.0,0.0,0.0,0.0
Matt Simms,WA (Wed),ATL,QB,Ari,W 38-19,0/0,0.0,0.0,0.0,0.0,0.0,0.0,0.0,0.0,0.0,0.0,0.0,0.0,0.0,0.0
Alex Tanney,WA (Wed),TEN,QB,@Chi,W 27-21,0/0,0.0,0.0,0.0,0.0,0.0,0.0,0.0,0.0,0.0,0.0,0.0,0.0,0.0,0.0
EJ Manuel,WA (Wed),BUF,QB,Jax,W 28-21,0/0,0.0,0.0,0.0,0.0,0.0,0.0,0.0,0.0,0.0,0.0,0.0,0.0,0.0,0.0
Mike Glennon,WA (Wed),TAM,QB,Sea,W 14-5,0/0,0.0,0.0,0.0,0.0,0.0,0.0,0.0,0.0,0.0,0.0,0.0,0.0,0.0,0.0
Geno Smith,WA (Wed),NYJ,QB,NE,L 17-22,0/0,0.0,0.0,0.0,0.0,0.0,0.0,0.0,0.0,0.0,0.0,0.0,0.0,0.0,0.0
Ryan Nassib,WA (Wed),NYG,QB,@Cle,W 27-13,0/0,0.0,0.0,0.0,0.0,0.0,0.0,0.0,0.0,0.0,0.0,0.0,0.0,0.0,0.0
Sean Renfree,WA (Wed),ATL,QB,Ari,W 38-19,0/0,0.0,0.0,0.0,0.0,0.0,0.0,0.0,0.0,0.0,0.0,0.0,0.0,0.0,0.0
Landry Jones,WA (Wed),PIT,QB,@Ind,W 28-7,0/1,0.0,0.0,0.0,0.0,0.0,0.0,0.0,0.0,0.0,0.0,0.0,0.0,0.0,0.0
Zac Dysert,WA (Wed),ARI,QB,@Atl,L 19-38,0/0,0.0,0.0,0.0,0.0,0.0,0.0,0.0,0.0,0.0,0.0,0.0,0.0,0.0,0.0
Ryan Griffin,WA (Wed),TAM,QB,Sea,W 14-5,0/0,0.0,0.0,0.0,0.0,0.0,0.0,0.0,0.0,0.0,0.0,0.0,0.0,0.0,0.0
Tyler Bray,WA (Wed),KAN,QB,@Den,W 30-27,0/0,0.0,0.0,0.0,0.0,0.0,0.0,0.0,0.0,0.0,0.0,0.0,0.0,0.0,0.0
Matt McGloin,WA (Wed),OAK,QB,Car,W 35-32,0/1,0.0,0.0,0.0,0.0,0.0,0.0,0.0,0.0,0.0,0.0,0.0,0.0,0.0,0.0
Teddy Bridgewater,WA (Wed),MIN,QB,@Det,L 13-16,0/0,0.0,0.0,0.0,0.0,0.0,0.0,0.0,0.0,0.0,0.0,0.0,0.0,0.0,0.0
Johnny Manziel,WA (Wed),CLE,QB,NYG,L 13-27,0/0,0.0,0.0,0.0,0.0,0.0,0.0,0.0,0.0,0.0,0.0,0.0,0.0,0.0,0.0
Jimmy Garoppolo,WA (Wed),NWE,QB,@NYJ,W 22-17,0/0,0.0,0.0,0.0,0.0,0.0,0.0,0.0,0.0,0.0,0.0,0.0,0.0,0.0,0.0
AJ McCarron,WA (Wed),CIN,QB,@Bal,L 14-19,0/0,0.0,0.0,0.0,0.0,0.0,0.0,0.0,0.0,0.0,0.0,0.0,0.0,0.0,0.0
Tajh Boyd,WA (Wed),PIT,QB,@Ind,W 28-7,0/0,0.0,0.0,0.0,0.0,0.0,0.0,0.0,0.0,0.0,0.0,0.0,0.0,0.0,0.0
Logan Thomas,WA (Wed),NYG,QB,@Cle,W 27-13,0/0,0.0,0.0,0.0,0.0,0.0,0.0,0.0,0.0,0.0,0.0,0.0,0.0,0.0,0.0
Zach Mettenberger,WA (Wed),PIT,QB,@Ind,W 28-7,0/0,0.0,0.0,0.0,0.0,0.0,0.0,0.0,0.0,0.0,0.0,0.0,0.0,0.0,0.0
David Fales,WA (Wed),CHI,QB,Ten,L 21-27,0/0,0.0,0.0,0.0,0.0,0.0,0.0,0.0,0.0,0.0,0.0,0.0,0.0,0.0,0.0
Keith Wenning,WA (Wed),CIN,QB,@Bal,L 14-19,0/0,0.0,0.0,0.0,0.0,0.0,0.0,0.0,0.0,0.0,0.0,0.0,0.0,0.0,0.0
Tom Savage,WA (Wed),HOU,QB,SD,L 13-21,0/0,0.0,0.0,0.0,0.0,0.0,0.0,0.0,0.0,0.0,0.0,0.0,0.0,0.0,0.0
Aaron Murray,WA (Wed),KAN,QB,@Den,W 30-27,0/0,0.0,0.0,0.0,0.0,0.0,0.0,0.0,0.0,0.0,0.0,0.0,0.0,0.0,0.0
Matt Blanchard,WA (Wed),CHI,QB,Ten,L 21-27,0/0,0.0,0.0,0.0,0.0,0.0,0.0,0.0,0.0,0.0,0.0,0.0,0.0,0.0,0.0
Dustin Vaughan,WA (Wed),PIT,QB,@Ind,W 28-7,0/0,0.0,0.0,0.0,0.0,0.0,0.0,0.0,0.0,0.0,0.0,0.0,0.0,0.0,0.0
Connor Shaw,WA (Wed),CHI,QB,Ten,L 21-27,0/0,0.0,0.0,0.0,0.0,0.0,0.0,0.0,0.0,0.0,0.0,0.0,0.0,0.0,0.0
Bryce Petty,WA (Wed),NYJ,QB,NE,L 17-22,0/0,0.0,0.0,0.0,0.0,0.0,0.0,0.0,0.0,0.0,0.0,0.0,0.0,0.0,0.0
Dylan Thompson,WA (Wed),LAR,QB,@NO,L 21-49,0/0,0.0,0.0,0.0,0.0,0.0,0.0,0.0,0.0,0.0,0.0,0.0,0.0,0.0,0.0
Sean Mannion,WA (Wed),LAR,QB,@NO,L 21-49,0/0,0.0,0.0,0.0,0.0,0.0,0.0,0.0,0.0,0.0,0.0,0.0,0.0,0.0,0.0
Garrett Grayson,WA (Wed),NOR,QB,LA,W 49-21,0/0,0.0,0.0,0.0,0.0,0.0,0.0,0.0,0.0,0.0,0.0,0.0,0.0,0.0,0.0
Brett Hundley,WA (Wed),GNB,QB,@Phi,W 27-13,0/0,0.0,0.0,0.0,0.0,0.0,0.0,0.0,0.0,0.0,0.0,0.0,0.0,0.0,0.0
Paxton Lynch,WA (Wed),DEN,QB,KC,L 27-30,0/0,0.0,0.0,0.0,0.0,0.0,0.0,0.0,0.0,0.0,0.0,0.0,0.0,0.0,0.0
Christian Hackenberg,WA (Wed),NYJ,QB,NE,L 17-22,0/0,0.0,0.0,0.0,0.0,0.0,0.0,0.0,0.0,0.0,0.0,0.0,0.0,0.0,0.0
Jacoby Brissett,WA (Wed),NWE,QB,@NYJ,W 22-17,0/0,0.0,0.0,0.0,0.0,0.0,0.0,0.0,0.0,0.0,0.0,0.0,0.0,0.0,0.0
Cody Kessler,WA (Wed),CLE,QB,NYG,L 13-27,0/0,0.0,0.0,0.0,0.0,0.0,0.0,0.0,0.0,0.0,0.0,0.0,0.0,0.0,0.0
Connor Cook,WA (Wed),OAK,QB,Car,W 35-32,0/0,0.0,0.0,0.0,0.0,0.0,0.0,0.0,0.0,0.0,0.0,0.0,0.0,0.0,0.0
Cardale Jones,WA (Wed),BUF,QB,Jax,W 28-21,0/0,0.0,0.0,0.0,0.0,0.0,0.0,0.0,0.0,0.0,0.0,0.0,0.0,0.0,0.0
Kevin Hogan,WA (Wed),CLE,QB,NYG,L 13-27,0/0,0.0,0.0,0.0,0.0,0.0,0.0,0.0,0.0,0.0,0.0,0.0,0.0,0.0,0.0
Nate Sudfeld,WA (Wed),WAS,QB,@Dal,L 26-31,0/0,0.0,0.0,0.0,0.0,0.0,0.0,0.0,0.0,0.0,0.0,0.0,0.0,0.0,0.0
Jake Rudock,WA (Wed),DET,QB,Min,W 16-13,0/0,0.0,0.0,0.0,0.0,0.0,0.0,0.0,0.0,0.0,0.0,0.0,0.0,0.0,0.0
Brandon Allen,WA (Wed),JAC,QB,@Buf,L 21-28,0/0,0.0,0.0,0.0,0.0,0.0,0.0,0.0,0.0,0.0,0.0,0.0,0.0,0.0,0.0
Jeff Driskel,WA (Wed),CIN,QB,@Bal,L 14-19,0/0,0.0,0.0,0.0,0.0,0.0,0.0,0.0,0.0,0.0,0.0,0.0,0.0,0.0,0.0
Brandon Doughty,WA (Wed),MIA,QB,SF,W 31-24,0/0,0.0,0.0,0.0,0.0,0.0,0.0,0.0,0.0,0.0,0.0,0.0,0.0,0.0,0.0
Trevone Boykin,WA (Wed),SEA,QB,@TB,L 5-14,0/0,0.0,0.0,0.0,0.0,0.0,0.0,0.0,0.0,0.0,0.0,0.0,0.0,0.0,0.0
Taylor Heinicke,WA (Wed),MIN,QB,@Det,L 13-16,0/0,0.0,0.0,0.0,0.0,0.0,0.0,0.0,0.0,0.0,0.0,0.0,0.0,0.0,0.0
Stephen Morris,WA (Wed),IND,QB,Pit,L 7-28,0/0,0.0,0.0,0.0,0.0,0.0,0.0,0.0,0.0,0.0,0.0,0.0,0.0,0.0,0.0
Joe Callahan,WA (Wed),CLE,QB,NYG,L 13-27,0/0,0.0,0.0,0.0,0.0,0.0,0.0,0.0,0.0,0.0,0.0,0.0,0.0,0.0,0.0
Tim Tebow,WA (Wed),FA,QB,** BYE **,,,,,,,,,,,,,,,,
Mark Ingram,BKN,NOR,RB,LA,W 49-21,0/0,0.0,0.0,0.0,14.0,146.0,1.0,1.0,21.0,1.0,2.0,0.0,0.0,0.0,28.7
LeSean McCoy,BLRT,BUF,RB,Jax,W 28-21,0/0,0.0,0.0,0.0,19.0,103.0,2.0,2.0,31.0,0.0,2.0,1.0,0.0,0.0,27.4
Ezekiel Elliott,SCOT,DAL,RB,Wsh,W 31-26,0/0,0.0,0.0,0.0,20.0,97.0,2.0,2.0,23.0,0.0,2.0,0.0,0.0,0.0,24.0
David Johnson,GARI,ARI,RB,@Atl,L 19-38,0/0,0.0,0.0,0.0,13.0,58.0,0.0,8.0,103.0,1.0,11.0,0.0,0.0,0.0,22.1
Jonathan Stewart,LOS,CAR,RB,@Oak,L 32-35,0/0,0.0,0.0,0.0,17.0,96.0,2.0,0.0,0.0,0.0,1.0,0.0,0.0,0.0,21.6
Le'Veon Bell,SCOT,PIT,RB,@Ind,W 28-7,0/0,0.0,0.0,0.0,23.0,120.0,1.0,4.0,22.0,0.0,5.0,0.0,0.0,0.0,20.2
Devonta Freeman,BLRT,ATL,RB,Ari,W 38-19,0/0,0.0,0.0,0.0,16.0,60.0,2.0,2.0,17.0,0.0,3.0,0.0,0.0,0.0,19.7
Tim Hightower,SCOT,NOR,RB,LA,W 49-21,0/0,0.0,0.0,0.0,15.0,51.0,0.0,2.0,54.0,1.0,2.0,0.0,0.0,0.0,16.5
Carlos Hyde,BLRT,SFO,RB,@Mia,L 24-31,0/0,0.0,0.0,0.0,13.0,65.0,0.0,5.0,30.0,1.0,6.0,0.0,0.0,0.0,15.5
Latavius Murray,GARI,OAK,RB,Car,W 35-32,0/0,0.0,0.0,0.0,19.0,45.0,1.0,3.0,43.0,0.0,4.0,0.0,0.0,0.0,14.8
Jordan Howard,DAN,CHI,RB,Ten,L 21-27,0/0,0.0,0.0,0.0,18.0,84.0,0.0,3.0,43.0,0.0,5.0,0.0,0.0,0.0,12.7
Derrick Henry,WA (Wed),TEN,RB,@Chi,W 27-21,0/0,0.0,0.0,0.0,8.0,60.0,1.0,0.0,0.0,0.0,0.0,0.0,0.0,0.0,12.0
Jay Ajayi,DAN,MIA,RB,SF,W 31-24,0/0,0.0,0.0,0.0,18.0,45.0,1.0,1.0,11.0,0.0,2.0,0.0,0.0,0.0,11.6
Chris Ivory,NOG,JAC,RB,@Buf,L 21-28,0/0,0.0,0.0,0.0,9.0,44.0,1.0,1.0,11.0,0.0,1.0,0.0,0.0,0.0,11.5
Devontae Booker,SCOT,DEN,RB,KC,L 27-30,0/0,0.0,0.0,0.0,24.0,79.0,0.0,1.0,22.0,0.0,2.0,0.0,0.0,0.0,10.1
Matt Asiata,WA (Wed),MIN,RB,@Det,L 13-16,0/0,0.0,0.0,0.0,5.0,27.0,1.0,3.0,14.0,0.0,3.0,0.0,0.0,0.0,10.1
Spencer Ware,GARI,KAN,RB,@Den,W 30-27,0/0,0.0,0.0,0.0,17.0,64.0,0.0,2.0,32.0,0.0,2.0,0.0,0.0,0.0,9.6
Melvin Gordon,BKN,SDG,RB,@Hou,W 21-13,0/0,0.0,0.0,0.0,17.0,70.0,0.0,4.0,19.0,0.0,4.0,0.0,0.0,0.0,8.9
Todd Gurley,BKN,LAR,RB,@NO,L 21-49,0/0,0.0,0.0,0.0,13.0,50.0,0.0,4.0,39.0,0.0,4.0,0.0,0.0,0.0,8.9
DeMarco Murray,BLRT,TEN,RB,@Chi,W 27-21,0/0,0.0,0.0,0.0,17.0,43.0,0.0,5.0,41.0,0.0,5.0,0.0,0.0,0.0,8.4
Jeremy Hill,BKN,CIN,RB,@Bal,L 14-19,0/0,0.0,0.0,0.0,12.0,21.0,0.0,6.0,61.0,0.0,6.0,0.0,0.0,0.0,8.2
Kenneth Dixon,WA (Wed),BAL,RB,Cin,W 19-14,0/0,0.0,0.0,0.0,13.0,49.0,0.0,4.0,31.0,0.0,4.0,0.0,0.0,0.0,8.0
Jerick McKinnon,WA (Wed),MIN,RB,@Det,L 13-16,0/0,0.0,0.0,0.0,9.0,31.0,0.0,3.0,45.0,0.0,4.0,0.0,0.0,0.0,7.6
Aaron Ripkowski,WA (Wed),GNB,RB,@Phi,W 27-13,0/0,0.0,0.0,0.0,3.0,1.0,1.0,2.0,15.0,0.0,2.0,0.0,0.0,0.0,7.6
Tevin Coleman,BLRT,ATL,RB,Ari,W 38-19,0/0,0.0,0.0,0.0,8.0,9.0,1.0,2.0,4.0,0.0,2.0,0.0,0.0,0.0,7.3
Isaiah Crowell,NOG,CLE,RB,NYG,L 13-27,0/0,0.0,0.0,0.0,16.0,44.0,0.0,6.0,47.0,0.0,7.0,0.0,1.0,0.0,7.1
Doug Martin,NOG,TAM,RB,Sea,W 14-5,0/0,0.0,0.0,0.0,23.0,87.0,0.0,2.0,3.0,0.0,2.0,0.0,1.0,0.0,7.0
James Starks,GARI,GNB,RB,@Phi,W 27-13,0/0,0.0,0.0,0.0,17.0,41.0,0.0,5.0,27.0,0.0,5.0,0.0,0.0,0.0,6.8
LeGarrette Blount,WA (Wed),NWE,RB,@NYJ,W 22-17,0/0,0.0,0.0,0.0,11.0,67.0,0.0,0.0,0.0,0.0,1.0,0.0,0.0,0.0,6.7
Terrance West,DAN,BAL,RB,Cin,W 19-14,0/0,0.0,0.0,0.0,13.0,48.0,0.0,3.0,16.0,0.0,4.0,0.0,0.0,0.0,6.4
Rashad Jennings,BKN,NYG,RB,@Cle,W 27-13,0/0,0.0,0.0,0.0,15.0,55.0,0.0,2.0,4.0,0.0,2.0,0.0,0.0,0.0,5.9
Dion Lewis,WA (Wed),NWE,RB,@NYJ,W 22-17,0/0,0.0,0.0,0.0,6.0,24.0,0.0,4.0,34.0,0.0,7.0,0.0,0.0,0.0,5.8
Theo Riddick,NOG,DET,RB,Min,W 16-13,0/0,0.0,0.0,0.0,9.0,45.0,0.0,5.0,13.0,0.0,5.0,0.0,0.0,0.0,5.8
Lamar Miller,FUNK,HOU,RB,SD,L 13-21,0/0,0.0,0.0,0.0,19.0,57.0,0.0,3.0,18.0,0.0,4.0,0.0,1.0,0.0,5.5
Darren Sproles,LOS,PHI,RB,GB,L 13-27,0/0,0.0,0.0,0.0,3.0,6.0,0.0,5.0,48.0,0.0,7.0,0.0,0.0,0.0,5.4
Matt Forte,FUNK,NYJ,RB,NE,L 17-22,0/0,0.0,0.0,0.0,13.0,27.0,0.0,3.0,23.0,0.0,4.0,0.0,0.0,0.0,5.0
Shaun Draughn,WA (Wed),SFO,RB,@Mia,L 24-31,0/0,0.0,0.0,0.0,0.0,0.0,0.0,6.0,49.0,0.0,6.0,0.0,0.0,0.0,4.9
Rex Burkhead,WA (Wed),CIN,RB,@Bal,L 14-19,0/0,0.0,0.0,0.0,5.0,29.0,0.0,2.0,19.0,0.0,2.0,0.0,0.0,0.0,4.8
Wendell Smallwood,DAN,PHI,RB,GB,L 13-27,0/0,0.0,0.0,0.0,9.0,37.0,0.0,1.0,10.0,0.0,1.0,0.0,0.0,0.0,4.7
Paul Perkins,LOS,NYG,RB,@Cle,W 27-13,0/0,0.0,0.0,0.0,9.0,29.0,0.0,2.0,14.0,0.0,2.0,0.0,0.0,0.0,4.3
Bilal Powell,WA (Wed),NYJ,RB,NE,L 17-22,0/0,0.0,0.0,0.0,8.0,36.0,0.0,1.0,7.0,0.0,3.0,0.0,0.0,0.0,4.3
Robert Kelley,DAN,WAS,RB,@Dal,L 26-31,0/0,0.0,0.0,0.0,14.0,37.0,0.0,2.0,5.0,0.0,2.0,0.0,0.0,0.0,4.2
Duke Johnson Jr.,LOS,CLE,RB,NYG,L 13-27,0/1,0.0,0.0,0.0,5.0,14.0,0.0,3.0,26.0,0.0,5.0,0.0,0.0,0.0,4.0
Denard Robinson,WA (Wed),JAC,RB,@Buf,L 21-28,0/0,0.0,0.0,0.0,13.0,39.0,0.0,0.0,0.0,0.0,0.0,0.0,0.0,0.0,3.9
Thomas Rawls,BLRT,SEA,RB,@TB,L 5-14,0/0,0.0,0.0,0.0,12.0,38.0,0.0,0.0,0.0,0.0,1.0,0.0,0.0,0.0,3.8
Jordan Todman,WA (Wed),IND,RB,Pit,L 7-28,0/0,0.0,0.0,0.0,3.0,37.0,0.0,0.0,0.0,0.0,0.0,0.0,0.0,0.0,3.7
Chris Thompson,WA (Wed),WAS,RB,@Dal,L 26-31,0/0,0.0,0.0,0.0,4.0,17.0,0.0,5.0,17.0,0.0,6.0,0.0,0.0,0.0,3.4
Frank Gore,SCOT,IND,RB,Pit,L 7-28,0/0,0.0,0.0,0.0,15.0,28.0,0.0,1.0,3.0,0.0,1.0,0.0,0.0,0.0,3.1
Fitzgerald Toussaint,WA (Wed),PIT,RB,@Ind,W 28-7,0/0,0.0,0.0,0.0,6.0,28.0,0.0,0.0,0.0,0.0,0.0,0.0,0.0,0.0,2.8
Jalen Richard,WA (Wed),OAK,RB,Car,W 35-32,0/0,0.0,0.0,0.0,7.0,23.0,0.0,0.0,0.0,0.0,0.0,0.0,0.0,0.0,2.3
James White,WA (Wed),NWE,RB,@NYJ,W 22-17,0/0,0.0,0.0,0.0,0.0,0.0,0.0,4.0,22.0,0.0,9.0,0.0,0.0,0.0,2.2
Kapri Bibbs,WA (Wed),DEN,RB,KC,L 27-30,0/0,0.0,0.0,0.0,9.0,22.0,0.0,0.0,0.0,0.0,0.0,0.0,0.0,0.0,2.2
T.J. Yeldon,WA (Wed),JAC,RB,@Buf,L 21-28,0/0,0.0,0.0,0.0,6.0,17.0,0.0,1.0,3.0,0.0,2.0,0.0,0.0,0.0,2.0
Peyton Barber,WA (Wed),TAM,RB,Sea,W 14-5,0/0,0.0,0.0,0.0,5.0,16.0,0.0,1.0,4.0,0.0,1.0,0.0,0.0,0.0,2.0
Andre Ellington,WA (Wed),ARI,RB,@Atl,L 19-38,0/0,0.0,0.0,0.0,0.0,0.0,0.0,2.0,19.0,0.0,5.0,0.0,0.0,0.0,1.9
Akeem Hunt,WA (Wed),HOU,RB,SD,L 13-21,0/0,0.0,0.0,0.0,2.0,19.0,0.0,0.0,0.0,0.0,0.0,0.0,0.0,0.0,1.9
Dwayne Washington,WA (Wed),DET,RB,Min,W 16-13,0/0,0.0,0.0,0.0,5.0,19.0,0.0,0.0,0.0,0.0,0.0,0.0,0.0,0.0,1.9
Ka'Deem Carey,WA (Wed),CHI,RB,Ten,L 21-27,0/0,0.0,0.0,0.0,1.0,6.0,0.0,1.0,12.0,0.0,1.0,0.0,0.0,0.0,1.8
Damien Williams,WA (Wed),MIA,RB,SF,W 31-24,0/0,0.0,0.0,0.0,1.0,7.0,0.0,2.0,11.0,0.0,2.0,0.0,0.0,0.0,1.8
Robert Turbin,WA (Wed),IND,RB,Pit,L 7-28,0/0,0.0,0.0,0.0,2.0,20.0,0.0,2.0,-2.0,0.0,3.0,0.0,0.0,0.0,1.8
Kyle Juszczyk,WA (Wed),BAL,RB,Cin,W 19-14,0/0,0.0,0.0,0.0,0.0,0.0,0.0,3.0,18.0,0.0,5.0,0.0,0.0,0.0,1.8
Taiwan Jones,WA (Wed),OAK,RB,Car,W 35-32,0/0,0.0,0.0,0.0,0.0,0.0,0.0,1.0,15.0,0.0,1.0,0.0,0.0,0.0,1.5
DuJuan Harris,WA (Wed),SFO,RB,@Mia,L 24-31,0/0,0.0,0.0,0.0,2.0,15.0,0.0,0.0,0.0,0.0,0.0,0.0,0.0,0.0,1.5
Mike Tolbert,WA (Wed),CAR,RB,@Oak,L 32-35,0/0,0.0,0.0,0.0,0.0,0.0,0.0,2.0,14.0,0.0,2.0,0.0,0.0,0.0,1.4
Jonathan Grimes,WA (Wed),HOU,RB,SD,L 13-21,0/0,0.0,0.0,0.0,2.0,14.0,0.0,0.0,0.0,0.0,0.0,0.0,0.0,0.0,1.4
Fozzy Whittaker,WA (Wed),CAR,RB,@Oak,L 32-35,0/0,0.0,0.0,0.0,4.0,14.0,0.0,0.0,0.0,0.0,2.0,0.0,0.0,0.0,1.4
Ty Montgomery,WA (Wed),GNB,RB,@Phi,W 27-13,0/0,0.0,0.0,0.0,1.0,2.0,0.0,2.0,12.0,0.0,2.0,0.0,0.0,0.0,1.4
Alfred Morris,SCOT,DAL,RB,Wsh,W 31-26,0/0,0.0,0.0,0.0,1.0,12.0,0.0,0.0,0.0,0.0,0.0,0.0,0.0,0.0,1.2
Benjamin Cunningham,WA (Wed),LAR,RB,@NO,L 21-49,0/0,0.0,0.0,0.0,0.0,0.0,0.0,1.0,12.0,0.0,1.0,0.0,0.0,0.0,1.2
Jonathan Williams,WA (Wed),BUF,RB,Jax,W 28-21,0/0,0.0,0.0,0.0,3.0,12.0,0.0,0.0,0.0,0.0,1.0,0.0,0.0,0.0,1.2
Kenjon Barner,WA (Wed),PHI,RB,GB,L 13-27,0/0,0.0,0.0,0.0,1.0,2.0,0.0,1.0,10.0,0.0,1.0,0.0,0.0,0.0,1.2
Malcolm Brown,WA (Wed),LAR,RB,@NO,L 21-49,0/0,0.0,0.0,0.0,3.0,9.0,0.0,0.0,0.0,0.0,0.0,0.0,0.0,0.0,0.9
Kenyan Drake,WA (Wed),MIA,RB,SF,W 31-24,0/0,0.0,0.0,0.0,1.0,9.0,0.0,0.0,0.0,0.0,0.0,0.0,0.0,0.0,0.9
Jamize Olawale,WA (Wed),OAK,RB,Car,W 35-32,0/0,0.0,0.0,0.0,0.0,0.0,0.0,1.0,8.0,0.0,1.0,0.0,0.0,0.0,0.8
Charcandrick West,WA (Wed),KAN,RB,@Den,W 30-27,0/0,0.0,0.0,0.0,3.0,8.0,0.0,0.0,0.0,0.0,1.0,0.0,0.0,0.0,0.8
John Kuhn,WA (Wed),NOR,RB,LA,W 49-21,0/0,0.0,0.0,0.0,1.0,4.0,0.0,1.0,3.0,0.0,1.0,0.0,0.0,0.0,0.7
Knile Davis,WA (Wed),KAN,RB,@Den,W 30-27,0/0,0.0,0.0,0.0,3.0,6.0,0.0,0.0,0.0,0.0,0.0,0.0,0.0,0.0,0.6
James Develin,WA (Wed),NWE,RB,@NYJ,W 22-17,0/0,0.0,0.0,0.0,0.0,0.0,0.0,1.0,5.0,0.0,2.0,0.0,0.0,0.0,0.5
Ryan Hewitt,WA (Wed),CIN,RB,@Bal,L 14-19,0/0,0.0,0.0,0.0,0.0,0.0,0.0,1.0,5.0,0.0,2.0,0.0,0.0,0.0,0.5
Jeremy Langford,WA (Wed),CHI,RB,Ten,L 21-27,0/0,0.0,0.0,0.0,1.0,5.0,0.0,0.0,0.0,0.0,2.0,0.0,0.0,0.0,0.5
Christine Michael,WA (Wed),GNB,RB,@Phi,W 27-13,0/0,0.0,0.0,0.0,1.0,4.0,0.0,0.0,0.0,0.0,0.0,0.0,0.0,0.0,0.4
Zach Line,WA (Wed),MIN,RB,@Det,L 13-16,0/0,0.0,0.0,0.0,1.0,2.0,0.0,0.0,0.0,0.0,0.0,0.0,0.0,0.0,0.2
Lance Dunbar,WA (Wed),DAL,RB,Wsh,W 31-26,0/0,0.0,0.0,0.0,0.0,0.0,0.0,1.0,1.0,0.0,1.0,0.0,0.0,0.0,0.1
Steven Jackson,WA (Wed),NWE,RB,@NYJ,W 22-17,0/0,0.0,0.0,0.0,0.0,0.0,0.0,0.0,0.0,0.0,0.0,0.0,0.0,0.0,0.0
Reggie Bush,WA (Wed),BUF,RB,Jax,W 28-21,0/0,0.0,0.0,0.0,0.0,0.0,0.0,0.0,0.0,0.0,0.0,0.0,0.0,0.0,0.0
DeAngelo Williams,WA (Wed),PIT,RB,@Ind,W 28-7,0/0,0.0,0.0,0.0,0.0,0.0,0.0,0.0,0.0,0.0,0.0,0.0,0.0,0.0,0.0
Fred Jackson,WA (Wed),SEA,RB,@TB,L 5-14,0/0,0.0,0.0,0.0,0.0,0.0,0.0,0.0,0.0,0.0,0.0,0.0,0.0,0.0,0.0
Adrian Peterson,DAN,MIN,RB,@Det,L 13-16,0/0,0.0,0.0,0.0,0.0,0.0,0.0,0.0,0.0,0.0,0.0,0.0,0.0,0.0,0.0
Marshawn Lynch,WA (Wed),SEA,RB,@TB,L 5-14,0/0,0.0,0.0,0.0,0.0,0.0,0.0,0.0,0.0,0.0,0.0,0.0,0.0,0.0,0.0
Ahmad Bradshaw,WA (Wed),IND,RB,Pit,L 7-28,0/0,0.0,0.0,0.0,0.0,0.0,0.0,0.0,0.0,0.0,0.0,0.0,0.0,0.0,0.0
Pierre Thomas,WA (Wed),WAS,RB,@Dal,L 26-31,0/0,0.0,0.0,0.0,0.0,0.0,0.0,0.0,0.0,0.0,0.0,0.0,0.0,0.0,0.0
Darren McFadden,WA (Wed),DAL,RB,Wsh,W 31-26,0/0,0.0,0.0,0.0,0.0,0.0,0.0,0.0,0.0,0.0,0.0,0.0,0.0,0.0,0.0
Chris Johnson,WA (Wed),ARI,RB,@Atl,L 19-38,0/0,0.0,0.0,0.0,0.0,0.0,0.0,0.0,0.0,0.0,0.0,0.0,0.0,0.0,0.0
Jamaal Charles,WA (Wed),KAN,RB,@Den,W 30-27,0/0,0.0,0.0,0.0,0.0,0.0,0.0,0.0,0.0,0.0,0.0,0.0,0.0,0.0,0.0
Jerome Felton,WA (Wed),BUF,RB,Jax,W 28-21,0/0,0.0,0.0,0.0,0.0,0.0,0.0,0.0,0.0,0.0,0.0,0.0,0.0,0.0,0.0
Justin Forsett,WA (Wed),DET,RB,Min,W 16-13,0/0,0.0,0.0,0.0,0.0,0.0,0.0,0.0,0.0,0.0,0.0,0.0,0.0,0.0,0.0
Marcel Reece,WA (Wed),OAK,RB,Car,W 35-32,0/0,0.0,0.0,0.0,0.0,0.0,0.0,0.0,0.0,0.0,0.0,0.0,0.0,0.0,0.0
Danny Woodhead,WA (Wed),SDG,RB,@Hou,W 21-13,0/0,0.0,0.0,0.0,0.0,0.0,0.0,0.0,0.0,0.0,0.0,0.0,0.0,0.0,0.0
Donald Brown,WA (Wed),NWE,RB,@NYJ,W 22-17,0/0,0.0,0.0,0.0,0.0,0.0,0.0,0.0,0.0,0.0,0.0,0.0,0.0,0.0,0.0
Arian Foster,WA (Wed),MIA,RB,SF,W 31-24,0/0,0.0,0.0,0.0,0.0,0.0,0.0,0.0,0.0,0.0,0.0,0.0,0.0,0.0,0.0
Jorvorskie Lane,WA (Wed),TAM,RB,Sea,W 14-5,0/0,0.0,0.0,0.0,0.0,0.0,0.0,0.0,0.0,0.0,0.0,0.0,0.0,0.0,0.0
Cedric Peerman,WA (Wed),CIN,RB,@Bal,L 14-19,0/0,0.0,0.0,0.0,0.0,0.0,0.0,0.0,0.0,0.0,0.0,0.0,0.0,0.0,0.0
Marcus Thigpen,WA (Wed),BUF,RB,Jax,W 28-21,0/0,0.0,0.0,0.0,0.0,0.0,0.0,0.0,0.0,0.0,0.0,0.0,0.0,0.0,0.0
Darrel Young,WA (Wed),CHI,RB,Ten,L 21-27,0/0,0.0,0.0,0.0,0.0,0.0,0.0,0.0,0.0,0.0,0.0,0.0,0.0,0.0,0.0
Antone Smith,WA (Wed),TAM,RB,Sea,W 14-5,0/0,0.0,0.0,0.0,0.0,0.0,0.0,0.0,0.0,0.0,0.0,0.0,0.0,0.0,0.0
C.J. Spiller,WA (Wed),NYJ,RB,NE,L 17-22,0/0,0.0,0.0,0.0,0.0,0.0,0.0,0.0,0.0,0.0,1.0,0.0,0.0,0.0,0.0
Ryan Mathews,WA (Wed),PHI,RB,GB,L 13-27,0/0,0.0,0.0,0.0,0.0,0.0,0.0,0.0,0.0,0.0,0.0,0.0,0.0,0.0,0.0
Dexter McCluster,WA (Wed),SDG,RB,@Hou,W 21-13,0/0,0.0,0.0,0.0,0.0,0.0,0.0,0.0,0.0,0.0,0.0,0.0,0.0,0.0,0.0
Ben Tate,WA (Wed),PIT,RB,@Ind,W 28-7,0/0,0.0,0.0,0.0,0.0,0.0,0.0,0.0,0.0,0.0,0.0,0.0,0.0,0.0,0.0
Toby Gerhart,WA (Wed),JAC,RB,@Buf,L 21-28,0/0,0.0,0.0,0.0,0.0,0.0,0.0,0.0,0.0,0.0,0.0,0.0,0.0,0.0,0.0
Boobie Dixon,WA (Wed),BUF,RB,Jax,W 28-21,0/0,0.0,0.0,0.0,0.0,0.0,0.0,0.0,0.0,0.0,0.0,0.0,0.0,0.0,0.0
Joique Bell,WA (Wed),CHI,RB,Ten,L 21-27,0/0,0.0,0.0,0.0,0.0,0.0,0.0,0.0,0.0,0.0,0.0,0.0,0.0,0.0,0.0
Tyler Clutts,WA (Wed),DAL,RB,Wsh,W 31-26,0/0,0.0,0.0,0.0,0.0,0.0,0.0,0.0,0.0,0.0,0.0,0.0,0.0,0.0,0.0
Shane Vereen,WA (Wed),NYG,RB,@Cle,W 27-13,0/0,0.0,0.0,0.0,0.0,0.0,0.0,0.0,0.0,0.0,0.0,0.0,0.0,0.0,0.0
Stevan Ridley,WA (Wed),ATL,RB,Ari,W 38-19,0/0,0.0,0.0,0.0,0.0,0.0,0.0,0.0,0.0,0.0,0.0,0.0,0.0,0.0,0.0
Ryan Williams,WA (Wed),DAL,RB,Wsh,W 31-26,0/0,0.0,0.0,0.0,0.0,0.0,0.0,0.0,0.0,0.0,0.0,0.0,0.0,0.0,0.0
Daniel Thomas,WA (Wed),MIA,RB,SF,W 31-24,0/0,0.0,0.0,0.0,0.0,0.0,0.0,0.0,0.0,0.0,0.0,0.0,0.0,0.0,0.0
Anthony Sherman,WA (Wed),KAN,RB,@Den,W 30-27,0/0,0.0,0.0,0.0,0.0,0.0,0.0,0.0,0.0,0.0,0.0,0.0,0.0,0.0,0.0
Kendall Hunter,WA (Wed),NOR,RB,LA,W 49-21,0/0,0.0,0.0,0.0,0.0,0.0,0.0,0.0,0.0,0.0,0.0,0.0,0.0,0.0,0.0
Roy Helu Jr.,WA (Wed),OAK,RB,Car,W 35-32,0/0,0.0,0.0,0.0,0.0,0.0,0.0,0.0,0.0,0.0,0.0,0.0,0.0,0.0,0.0
Jacquizz Rodgers,WA (Wed),TAM,RB,Sea,W 14-5,0/0,0.0,0.0,0.0,0.0,0.0,0.0,0.0,0.0,0.0,0.0,0.0,0.0,0.0,0.0
Patrick DiMarco,WA (Wed),ATL,RB,Ari,W 38-19,0/0,0.0,0.0,0.0,0.0,0.0,0.0,0.0,0.0,0.0,1.0,0.0,0.0,0.0,0.0
Chase Reynolds,WA (Wed),LAR,RB,@NO,L 21-49,0/0,0.0,0.0,0.0,0.0,0.0,0.0,0.0,0.0,0.0,0.0,0.0,0.0,0.0,0.0
Will Johnson,WA (Wed),NYG,RB,@Cle,W 27-13,0/0,0.0,0.0,0.0,0.0,0.0,0.0,0.0,0.0,0.0,0.0,0.0,0.0,0.0,0.0
Trent Richardson,WA (Wed),BAL,RB,Cin,W 19-14,0/0,0.0,0.0,0.0,0.0,0.0,0.0,0.0,0.0,0.0,0.0,0.0,0.0,0.0,0.0
Isaiah Pead,WA (Wed),MIA,RB,SF,W 31-24,0/0,0.0,0.0,0.0,0.0,0.0,0.0,0.0,0.0,0.0,0.0,0.0,0.0,0.0,0.0
Chris Polk,WA (Wed),HOU,RB,SD,L 13-21,0/0,0.0,0.0,0.0,0.0,0.0,0.0,0.0,0.0,0.0,0.0,0.0,0.0,0.0,0.0
LaMike James,WA (Wed),MIA,RB,SF,W 31-24,0/0,0.0,0.0,0.0,0.0,0.0,0.0,0.0,0.0,0.0,0.0,0.0,0.0,0.0,0.0
Bernard Pierce,WA (Wed),NYJ,RB,NE,L 17-22,0/0,0.0,0.0,0.0,0.0,0.0,0.0,0.0,0.0,0.0,0.0,0.0,0.0,0.0,0.0
Ronnie Hillman,WA (Wed),SDG,RB,@Hou,W 21-13,0/0,0.0,0.0,0.0,0.0,0.0,0.0,0.0,0.0,0.0,0.0,0.0,0.0,0.0,0.0
Cyrus Gray,WA (Wed),ATL,RB,Ari,W 38-19,0/0,0.0,0.0,0.0,0.0,0.0,0.0,0.0,0.0,0.0,0.0,0.0,0.0,0.0,0.0
Vick Ballard,WA (Wed),NOR,RB,LA,W 49-21,0/0,0.0,0.0,0.0,0.0,0.0,0.0,0.0,0.0,0.0,0.0,0.0,0.0,0.0,0.0
Daniel Herron,WA (Wed),BUF,RB,Jax,W 28-21,0/0,0.0,0.0,0.0,0.0,0.0,0.0,0.0,0.0,0.0,0.0,0.0,0.0,0.0,0.0
Bryce Brown,WA (Wed),SEA,RB,@TB,L 5-14,0/0,0.0,0.0,0.0,0.0,0.0,0.0,0.0,0.0,0.0,0.0,0.0,0.0,0.0,0.0
Daryl Richardson,WA (Wed),PIT,RB,@Ind,W 28-7,0/0,0.0,0.0,0.0,0.0,0.0,0.0,0.0,0.0,0.0,0.0,0.0,0.0,0.0,0.0
Cory Harkey,WA (Wed),LAR,RB,@NO,L 21-49,0/0,0.0,0.0,0.0,0.0,0.0,0.0,0.0,0.0,0.0,0.0,0.0,0.0,0.0,0.0
Joe Banyard,WA (Wed),JAC,RB,@Buf,L 21-28,0/0,0.0,0.0,0.0,0.0,0.0,0.0,0.0,0.0,0.0,0.0,0.0,0.0,0.0,0.0
Derrick Coleman,WA (Wed),SEA,RB,@TB,L 5-14,0/0,0.0,0.0,0.0,0.0,0.0,0.0,0.0,0.0,0.0,0.0,0.0,0.0,0.0,0.0
Jonas Gray,WA (Wed),JAC,RB,@Buf,L 21-28,0/0,0.0,0.0,0.0,0.0,0.0,0.0,0.0,0.0,0.0,0.0,0.0,0.0,0.0,0.0
Travaris Cadet,WA (Wed),NOR,RB,LA,W 49-21,0/0,0.0,0.0,0.0,0.0,0.0,0.0,0.0,0.0,0.0,0.0,0.0,0.0,0.0,0.0
Brandon Bolden,WA (Wed),NWE,RB,@NYJ,W 22-17,0/0,0.0,0.0,0.0,0.0,0.0,0.0,0.0,0.0,0.0,0.0,0.0,0.0,0.0,0.0
Giovani Bernard,WA (Wed),CIN,RB,@Bal,L 14-19,0/0,0.0,0.0,0.0,0.0,0.0,0.0,0.0,0.0,0.0,0.0,0.0,0.0,0.0,0.0
Eddie Lacy,WA (Wed),GNB,RB,@Phi,W 27-13,0/0,0.0,0.0,0.0,0.0,0.0,0.0,0.0,0.0,0.0,0.0,0.0,0.0,0.0,0.0
Mike Gillislee,BLRT,BUF,RB,Jax,W 28-21,0/0,0.0,0.0,0.0,0.0,0.0,0.0,0.0,0.0,0.0,0.0,0.0,0.0,0.0,0.0
Mike James,WA (Wed),TAM,RB,Sea,W 14-5,0/0,0.0,0.0,0.0,0.0,0.0,0.0,0.0,0.0,0.0,0.0,0.0,0.0,0.0,0.0
Tommy Bohanon,WA (Wed),NYJ,RB,NE,L 17-22,0/0,0.0,0.0,0.0,0.0,0.0,0.0,0.0,0.0,0.0,0.0,0.0,0.0,0.0,0.0
Stepfan Taylor,WA (Wed),ARI,RB,@Atl,L 19-38,0/0,0.0,0.0,0.0,0.0,0.0,0.0,0.0,0.0,0.0,0.0,0.0,0.0,0.0,0.0
Zac Stacy,WA (Wed),NYJ,RB,NE,L 17-22,0/0,0.0,0.0,0.0,0.0,0.0,0.0,0.0,0.0,0.0,0.0,0.0,0.0,0.0,0.0
Kerwynn Williams,WA (Wed),ARI,RB,@Atl,L 19-38,0/0,0.0,0.0,0.0,0.0,0.0,0.0,0.0,0.0,0.0,0.0,0.0,0.0,0.0,0.0
C.J. Anderson,WA (Wed),DEN,RB,KC,L 27-30,0/0,0.0,0.0,0.0,0.0,0.0,0.0,0.0,0.0,0.0,0.0,0.0,0.0,0.0,0.0
Kendall Gaskins,WA (Wed),SFO,RB,@Mia,L 24-31,0/0,0.0,0.0,0.0,0.0,0.0,0.0,0.0,0.0,0.0,0.0,0.0,0.0,0.0,0.0
Steven Miller,WA (Wed),DET,RB,Min,W 16-13,0/0,0.0,0.0,0.0,0.0,0.0,0.0,0.0,0.0,0.0,0.0,0.0,0.0,0.0,0.0
George Winn,WA (Wed),DET,RB,Min,W 16-13,0/0,0.0,0.0,0.0,0.0,0.0,0.0,0.0,0.0,0.0,0.0,0.0,0.0,0.0,0.0
Khiry Robinson,WA (Wed),NYJ,RB,NE,L 17-22,0/0,0.0,0.0,0.0,0.0,0.0,0.0,0.0,0.0,0.0,0.0,0.0,0.0,0.0,0.0
Charles Sims,WA (Wed),TAM,RB,Sea,W 14-5,0/0,0.0,0.0,0.0,0.0,0.0,0.0,0.0,0.0,0.0,0.0,0.0,0.0,0.0,0.0
Dri Archer,WA (Wed),BUF,RB,Jax,W 28-21,0/0,0.0,0.0,0.0,0.0,0.0,0.0,0.0,0.0,0.0,0.0,0.0,0.0,0.0,0.0
Tre Mason,WA (Wed),LAR,RB,@NO,L 21-49,0/0,0.0,0.0,0.0,0.0,0.0,0.0,0.0,0.0,0.0,0.0,0.0,0.0,0.0,0.0
Bishop Sankey,WA (Wed),KAN,RB,@Den,W 30-27,0/0,0.0,0.0,0.0,0.0,0.0,0.0,0.0,0.0,0.0,0.0,0.0,0.0,0.0,0.0
Tyler Gaffney,WA (Wed),NWE,RB,@NYJ,W 22-17,0/0,0.0,0.0,0.0,0.0,0.0,0.0,0.0,0.0,0.0,0.0,0.0,0.0,0.0,0.0
Storm Johnson,WA (Wed),TAM,RB,Sea,W 14-5,0/0,0.0,0.0,0.0,0.0,0.0,0.0,0.0,0.0,0.0,0.0,0.0,0.0,0.0,0.0
Lache Seastrunk,WA (Wed),NYJ,RB,NE,L 17-22,0/0,0.0,0.0,0.0,0.0,0.0,0.0,0.0,0.0,0.0,0.0,0.0,0.0,0.0,0.0
Andre Williams,WA (Wed),SDG,RB,@Hou,W 21-13,0/0,0.0,0.0,0.0,0.0,0.0,0.0,0.0,0.0,0.0,0.0,0.0,0.0,0.0,0.0
Lorenzo Taliaferro,WA (Wed),BAL,RB,Cin,W 19-14,0/0,0.0,0.0,0.0,0.0,0.0,0.0,0.0,0.0,0.0,0.0,0.0,0.0,0.0,0.0
Marion Grice,WA (Wed),ARI,RB,@Atl,L 19-38,0/0,0.0,0.0,0.0,0.0,0.0,0.0,0.0,0.0,0.0,0.0,0.0,0.0,0.0,0.0
Alfred Blue,WA (Wed),HOU,RB,SD,L 13-21,0/0,0.0,0.0,0.0,0.0,0.0,0.0,0.0,0.0,0.0,0.0,0.0,0.0,0.0,0.0
Juwan Thompson,WA (Wed),DEN,RB,KC,L 27-30,0/0,0.0,0.0,0.0,0.0,0.0,0.0,0.0,0.0,0.0,0.0,0.0,0.0,0.0,0.0
Branden Oliver,WA (Wed),SDG,RB,@Hou,W 21-13,0/0,0.0,0.0,0.0,0.0,0.0,0.0,0.0,0.0,0.0,0.0,0.0,0.0,0.0,0.0
Antonio Andrews,WA (Wed),TEN,RB,@Chi,W 27-21,0/0,0.0,0.0,0.0,0.0,0.0,0.0,0.0,0.0,0.0,0.0,0.0,0.0,0.0,0.0
Darrin Reaves,WA (Wed),KAN,RB,@Den,W 30-27,0/0,0.0,0.0,0.0,0.0,0.0,0.0,0.0,0.0,0.0,0.0,0.0,0.0,0.0,0.0
Silas Redd,WA (Wed),WAS,RB,@Dal,L 26-31,0/0,0.0,0.0,0.0,0.0,0.0,0.0,0.0,0.0,0.0,0.0,0.0,0.0,0.0,0.0
Trey Watts,WA (Wed),LAR,RB,@NO,L 21-49,0/0,0.0,0.0,0.0,0.0,0.0,0.0,0.0,0.0,0.0,0.0,0.0,0.0,0.0,0.0
Austin Johnson,WA (Wed),NOR,RB,LA,W 49-21,0/0,0.0,0.0,0.0,0.0,0.0,0.0,0.0,0.0,0.0,0.0,0.0,0.0,0.0,0.0
Jay Prosch,WA (Wed),HOU,RB,SD,L 13-21,0/0,0.0,0.0,0.0,0.0,0.0,0.0,0.0,0.0,0.0,0.0,0.0,0.0,0.0,0.0
Orleans Darkwa,WA (Wed),NYG,RB,@Cle,W 27-13,0/0,0.0,0.0,0.0,0.0,0.0,0.0,0.0,0.0,0.0,0.0,0.0,0.0,0.0,0.0
Senorise Perry,WA (Wed),CHI,RB,Ten,L 21-27,0/0,0.0,0.0,0.0,0.0,0.0,0.0,0.0,0.0,0.0,0.0,0.0,0.0,0.0,0.0
Glenn Winston,WA (Wed),CLE,RB,NYG,L 13-27,0/0,0.0,0.0,0.0,0.0,0.0,0.0,0.0,0.0,0.0,0.0,0.0,0.0,0.0,0.0
Roosevelt Nix,WA (Wed),PIT,RB,@Ind,W 28-7,0/0,0.0,0.0,0.0,0.0,0.0,0.0,0.0,0.0,0.0,0.0,0.0,0.0,0.0,0.0
Marcus Murphy,WA (Wed),NOR,RB,LA,W 49-21,0/0,0.0,0.0,0.0,0.0,0.0,0.0,0.0,0.0,0.0,0.0,0.0,0.0,0.0,0.0
Michael Burton,WA (Wed),DET,RB,Min,W 16-13,0/0,0.0,0.0,0.0,0.0,0.0,0.0,0.0,0.0,0.0,0.0,0.0,0.0,0.0,0.0
Jalston Fowler,WA (Wed),TEN,RB,@Chi,W 27-21,0/0,0.0,0.0,0.0,0.0,0.0,0.0,0.0,0.0,0.0,0.0,0.0,0.0,0.0,0.0
Malcolm Johnson,WA (Wed),CLE,RB,NYG,L 13-27,0/0,0.0,0.0,0.0,0.0,0.0,0.0,0.0,0.0,0.0,0.0,0.0,0.0,0.0,0.0
Joey Iosefa,WA (Wed),NWE,RB,@NYJ,W 22-17,0/0,0.0,0.0,0.0,0.0,0.0,0.0,0.0,0.0,0.0,0.0,0.0,0.0,0.0,0.0
David Cobb,WA (Wed),TEN,RB,@Chi,W 27-21,0/0,0.0,0.0,0.0,0.0,0.0,0.0,0.0,0.0,0.0,0.0,0.0,0.0,0.0,0.0
Ameer Abdullah,WA (Wed),DET,RB,Min,W 16-13,0/0,0.0,0.0,0.0,0.0,0.0,0.0,0.0,0.0,0.0,0.0,0.0,0.0,0.0,0.0
Karlos Williams,WA (Wed),PIT,RB,@Ind,W 28-7,0/0,0.0,0.0,0.0,0.0,0.0,0.0,0.0,0.0,0.0,0.0,0.0,0.0,0.0,0.0
Javorius Allen,WA (Wed),BAL,RB,Cin,W 19-14,0/0,0.0,0.0,0.0,0.0,0.0,0.0,0.0,0.0,0.0,0.0,0.0,0.0,0.0,0.0
Kenny Hilliard,WA (Wed),HOU,RB,SD,L 13-21,0/0,0.0,0.0,0.0,0.0,0.0,0.0,0.0,0.0,0.0,0.0,0.0,0.0,0.0,0.0
Josh Robinson,WA (Wed),IND,RB,Pit,L 7-28,0/0,0.0,0.0,0.0,0.0,0.0,0.0,0.0,0.0,0.0,0.0,0.0,0.0,0.0,0.0
Tyler Varga,WA (Wed),IND,RB,Pit,L 7-28,0/0,0.0,0.0,0.0,0.0,0.0,0.0,0.0,0.0,0.0,0.0,0.0,0.0,0.0,0.0
Matt Jones,FUNK,WAS,RB,@Dal,L 26-31,0/0,0.0,0.0,0.0,0.0,0.0,0.0,0.0,0.0,0.0,0.0,0.0,0.0,0.0,0.0
Mike Davis,WA (Wed),SFO,RB,@Mia,L 24-31,0/0,0.0,0.0,0.0,0.0,0.0,0.0,0.0,0.0,0.0,0.0,0.0,0.0,0.0,0.0
Cameron Artis-Payne,WA (Wed),CAR,RB,@Oak,L 32-35,0/0,0.0,0.0,0.0,0.0,0.0,0.0,0.0,0.0,0.0,0.0,0.0,0.0,0.0,0.0
Michael Dyer,WA (Wed),OAK,RB,Car,W 35-32,0/0,0.0,0.0,0.0,0.0,0.0,0.0,0.0,0.0,0.0,0.0,0.0,0.0,0.0,0.0
John Crockett,WA (Wed),GNB,RB,@Phi,W 27-13,0/0,0.0,0.0,0.0,0.0,0.0,0.0,0.0,0.0,0.0,0.0,0.0,0.0,0.0,0.0
Terrence Magee,WA (Wed),SEA,RB,@TB,L 5-14,0/0,0.0,0.0,0.0,0.0,0.0,0.0,0.0,0.0,0.0,0.0,0.0,0.0,0.0,0.0
Gus Johnson,WA (Wed),SDG,RB,@Hou,W 21-13,0/0,0.0,0.0,0.0,0.0,0.0,0.0,0.0,0.0,0.0,0.0,0.0,0.0,0.0,0.0
Zach Zenner,WA (Wed),DET,RB,Min,W 16-13,0/0,0.0,0.0,0.0,1.0,0.0,0.0,0.0,0.0,0.0,0.0,0.0,0.0,0.0,0.0
Terron Ward,WA (Wed),ATL,RB,Ari,W 38-19,0/0,0.0,0.0,0.0,0.0,0.0,0.0,0.0,0.0,0.0,0.0,0.0,0.0,0.0,0.0
Jarryd Hayne,WA (Wed),SFO,RB,@Mia,L 24-31,0/0,0.0,0.0,0.0,0.0,0.0,0.0,0.0,0.0,0.0,0.0,0.0,0.0,0.0,0.0
Brandon Wegher,WA (Wed),CAR,RB,@Oak,L 32-35,0/0,0.0,0.0,0.0,0.0,0.0,0.0,0.0,0.0,0.0,0.0,0.0,0.0,0.0,0.0
Alonzo Harris,WA (Wed),GNB,RB,@Phi,W 27-13,0/0,0.0,0.0,0.0,0.0,0.0,0.0,0.0,0.0,0.0,0.0,0.0,0.0,0.0,0.0
Corey Grant,WA (Wed),JAC,RB,@Buf,L 21-28,0/0,0.0,0.0,0.0,0.0,0.0,0.0,0.0,0.0,0.0,0.0,0.0,0.0,0.0,0.0
Nikita Whitlock,WA (Wed),NYG,RB,@Cle,W 27-13,0/0,0.0,0.0,0.0,0.0,0.0,0.0,0.0,0.0,0.0,0.0,0.0,0.0,0.0,0.0
Raheem Mostert,WA (Wed),CHI,RB,Ten,L 21-27,0/0,0.0,0.0,0.0,0.0,0.0,0.0,0.0,0.0,0.0,0.0,0.0,0.0,0.0,0.0
Rod Smith,WA (Wed),DAL,RB,Wsh,W 31-26,0/0,0.0,0.0,0.0,0.0,0.0,0.0,0.0,0.0,0.0,0.0,0.0,0.0,0.0,0.0
Trey Williams,WA (Wed),IND,RB,Pit,L 7-28,0/0,0.0,0.0,0.0,0.0,0.0,0.0,0.0,0.0,0.0,0.0,0.0,0.0,0.0,0.0
C.J. Prosise,WA (Wed),SEA,RB,@TB,L 5-14,0/0,0.0,0.0,0.0,0.0,0.0,0.0,0.0,0.0,0.0,0.0,0.0,0.0,0.0,0.0
Tyler Ervin,WA (Wed),HOU,RB,SD,L 13-21,0/0,0.0,0.0,0.0,0.0,0.0,0.0,0.0,0.0,0.0,0.0,0.0,0.0,0.0,0.0
DeAndre Washington,WA (Wed),OAK,RB,Car,W 35-32,0/0,0.0,0.0,0.0,0.0,0.0,0.0,0.0,0.0,0.0,0.0,0.0,0.0,0.0,0.0
Alex Collins,WA (Wed),SEA,RB,@TB,L 5-14,0/0,0.0,0.0,0.0,0.0,0.0,0.0,0.0,0.0,0.0,0.0,0.0,0.0,0.0,0.0
Derek Watt,WA (Wed),SDG,RB,@Hou,W 21-13,0/0,0.0,0.0,0.0,0.0,0.0,0.0,0.0,0.0,0.0,0.0,0.0,0.0,0.0,0.0
Kelvin Taylor,WA (Wed),SFO,RB,@Mia,L 24-31,0/0,0.0,0.0,0.0,0.0,0.0,0.0,0.0,0.0,0.0,0.0,0.0,0.0,0.0,0.0
Darius Jackson,WA (Wed),DAL,RB,Wsh,W 31-26,0/0,0.0,0.0,0.0,0.0,0.0,0.0,0.0,0.0,0.0,0.0,0.0,0.0,0.0,0.0
Daniel Lasco,WA (Wed),NOR,RB,LA,W 49-21,0/0,0.0,0.0,0.0,0.0,0.0,0.0,0.0,0.0,0.0,0.0,0.0,0.0,0.0,0.0
Keith Marshall,WA (Wed),WAS,RB,@Dal,L 26-31,0/0,0.0,0.0,0.0,0.0,0.0,0.0,0.0,0.0,0.0,0.0,0.0,0.0,0.0,0.0
Zac Brooks,WA (Wed),SEA,RB,@TB,L 5-14,0/0,0.0,0.0,0.0,0.0,0.0,0.0,0.0,0.0,0.0,0.0,0.0,0.0,0.0,0.0
Josh Ferguson,WA (Wed),IND,RB,Pit,L 7-28,0/0,0.0,0.0,0.0,0.0,0.0,0.0,0.0,0.0,0.0,0.0,0.0,0.0,0.0,0.0
Terrell Watson,WA (Wed),CLE,RB,NYG,L 13-27,0/0,0.0,0.0,0.0,0.0,0.0,0.0,0.0,0.0,0.0,0.0,0.0,0.0,0.0,0.0
Brandon Wilds,WA (Wed),ATL,RB,Ari,W 38-19,0/0,0.0,0.0,0.0,0.0,0.0,0.0,0.0,0.0,0.0,0.0,0.0,0.0,0.0,0.0
Jhurell Pressley,WA (Wed),GNB,RB,@Phi,W 27-13,0/0,0.0,0.0,0.0,0.0,0.0,0.0,0.0,0.0,0.0,0.0,0.0,0.0,0.0,0.0
Byron Marshall,WA (Wed),PHI,RB,GB,L 13-27,0/0,0.0,0.0,0.0,0.0,0.0,0.0,0.0,0.0,0.0,0.0,0.0,0.0,0.0,0.0
George Atkinson III,WA (Wed),CLE,RB,NYG,L 13-27,0/0,0.0,0.0,0.0,0.0,0.0,0.0,0.0,0.0,0.0,0.0,0.0,0.0,0.0,0.0
James Wilder Jr.,WA (Wed),BUF,RB,Jax,W 28-21,0/0,0.0,0.0,0.0,0.0,0.0,0.0,0.0,0.0,0.0,0.0,0.0,0.0,0.0,0.0
D.J. Foster,WA (Wed),NWE,RB,@NYJ,W 22-17,0/0,0.0,0.0,0.0,0.0,0.0,0.0,0.0,0.0,0.0,0.0,0.0,0.0,0.0,0.0
Dreamius Smith,WA (Wed),SDG,RB,@Hou,W 21-13,0/0,0.0,0.0,0.0,0.0,0.0,0.0,0.0,0.0,0.0,0.0,0.0,0.0,0.0,0.0
Devon Johnson,WA (Wed),CAR,RB,@Oak,L 32-35,0/0,0.0,0.0,0.0,0.0,0.0,0.0,0.0,0.0,0.0,0.0,0.0,0.0,0.0,0.0
Troymaine Pope,WA (Wed),SEA,RB,@TB,L 5-14,0/0,0.0,0.0,0.0,0.0,0.0,0.0,0.0,0.0,0.0,0.0,0.0,0.0,0.0,0.0
Glenn Gronkowski,WA (Wed),BUF,RB,Jax,W 28-21,0/0,0.0,0.0,0.0,0.0,0.0,0.0,0.0,0.0,0.0,0.0,0.0,0.0,0.0,0.0
Julian Howsare,WA (Wed),NYJ,RB,NE,L 17-22,0/0,0.0,0.0,0.0,0.0,0.0,0.0,0.0,0.0,0.0,0.0,0.0,0.0,0.0,0.0
Don Jackson,WA (Wed),GNB,RB,@Phi,W 27-13,0/0,0.0,0.0,0.0,0.0,0.0,0.0,0.0,0.0,0.0,0.0,0.0,0.0,0.0,0.0
Andy Janovich,WA (Wed),DEN,RB,KC,L 27-30,0/0,0.0,0.0,0.0,0.0,0.0,0.0,1.0,-1.0,0.0,1.0,0.0,0.0,0.0,-0.1
Kenneth Farrow,WA (Wed),SDG,RB,@Hou,W 21-13,0/0,0.0,0.0,0.0,1.0,-3.0,0.0,0.0,0.0,0.0,0.0,0.0,0.0,0.0,-0.3
Bobby Rainey,WA (Wed),NYG,RB,@Cle,W 27-13,0/0,0.0,0.0,0.0,0.0,0.0,0.0,0.0,0.0,0.0,0.0,0.0,1.0,0.0,-2.0
Ray Rice,WA (Wed),FA,RB,** BYE **,,,,,,,,,,,,,,,,
Knowshon Moreno,WA (Wed),FA,RB,** BYE **,,,,,,,,,,,,,,,,
Montee Ball,WA (Wed),FA,RB,** BYE **,,,,,,,,,,,,,,,,
Joseph Randle,WA (Wed),FA,RB,** BYE **,,,,,,,,,,,,,,,,
Antonio Brown,NOG,PIT,WR,@Ind,W 28-7,0/0,0.0,0.0,0.0,0.0,0.0,0.0,5.0,91.0,3.0,6.0,0.0,0.0,0.0,27.1
Tyreek Hill,WA (Wed),KAN,WR,@Den,W 30-27,0/0,0.0,0.0,0.0,1.0,3.0,1.0,9.0,52.0,1.0,10.0,0.0,0.0,1.0,23.5
Davante Adams,LOS,GNB,WR,@Phi,W 27-13,0/0,0.0,0.0,0.0,0.0,0.0,0.0,5.0,113.0,2.0,6.0,0.0,0.0,0.0,23.3
Michael Thomas,GARI,NOR,WR,LA,W 49-21,0/0,0.0,0.0,0.0,0.0,0.0,0.0,9.0,108.0,2.0,10.0,0.0,0.0,0.0,22.8
Mike Evans,DAN,TAM,WR,Sea,W 14-5,0/0,0.0,0.0,0.0,0.0,0.0,0.0,8.0,104.0,2.0,11.0,0.0,0.0,0.0,22.4
Emmanuel Sanders,FUNK,DEN,WR,KC,L 27-30,0/0,0.0,0.0,0.0,0.0,0.0,0.0,7.0,162.0,1.0,10.0,0.0,0.0,0.0,22.2
Taylor Gabriel,WA (Wed),ATL,WR,Ari,W 38-19,0/0,0.0,0.0,0.0,1.0,27.0,0.0,4.0,75.0,2.0,5.0,0.0,0.0,0.0,22.2
Odell Beckham Jr.,BLRT,NYG,WR,@Cle,W 27-13,0/0,0.0,0.0,0.0,0.0,0.0,0.0,6.0,96.0,2.0,11.0,0.0,0.0,0.0,21.6
Ted Ginn Jr.,WA (Wed),CAR,WR,@Oak,L 32-35,0/0,0.0,0.0,0.0,1.0,13.0,0.0,4.0,115.0,1.0,10.0,0.0,0.0,0.0,18.8
Marquess Wilson,WA (Wed),CHI,WR,Ten,L 21-27,0/0,0.0,0.0,0.0,0.0,0.0,0.0,8.0,125.0,1.0,11.0,0.0,0.0,0.0,18.5
Dontrelle Inman,WA (Wed),SDG,WR,@Hou,W 21-13,0/0,0.0,0.0,0.0,0.0,0.0,0.0,6.0,119.0,1.0,6.0,0.0,0.0,0.0,17.9
DeSean Jackson,LOS,WAS,WR,@Dal,L 26-31,0/0,0.0,0.0,0.0,0.0,0.0,0.0,4.0,118.0,1.0,8.0,0.0,0.0,0.0,17.8
Quincy Enunwa,WA (Wed),NYJ,WR,NE,L 17-22,0/0,0.0,0.0,0.0,0.0,0.0,0.0,5.0,109.0,1.0,5.0,0.0,0.0,0.0,16.9
Malcolm Mitchell,WA (Wed),NWE,WR,@NYJ,W 22-17,0/0,0.0,0.0,0.0,0.0,0.0,0.0,5.0,42.0,2.0,7.0,0.0,0.0,0.0,16.2
Bennie Fowler,WA (Wed),DEN,WR,KC,L 27-30,0/0,0.0,0.0,0.0,0.0,0.0,0.0,1.0,76.0,1.0,2.0,0.0,0.0,0.0,13.6
Kenny Stills,WA (Wed),MIA,WR,SF,W 31-24,0/0,0.0,0.0,0.0,0.0,0.0,0.0,3.0,72.0,1.0,6.0,0.0,0.0,0.0,13.2
Terrelle Pryor Sr.,BKN,CLE,WR,NYG,L 13-27,0/0,0.0,0.0,0.0,0.0,0.0,0.0,6.0,131.0,0.0,12.0,0.0,0.0,0.0,13.1
Tyrell Williams,NOG,SDG,WR,@Hou,W 21-13,0/0,0.0,0.0,0.0,0.0,0.0,0.0,8.0,70.0,1.0,14.0,0.0,0.0,0.0,13.0
Anquan Boldin,WA (Wed),DET,WR,Min,W 16-13,0/0,0.0,0.0,0.0,0.0,0.0,0.0,7.0,69.0,1.0,9.0,0.0,0.0,0.0,12.9
Brandon Marshall,SCOT,NYJ,WR,NE,L 17-22,0/0,0.0,0.0,0.0,0.0,0.0,0.0,6.0,67.0,1.0,9.0,0.0,0.0,0.0,12.7
Rishard Matthews,GARI,TEN,WR,@Chi,W 27-21,0/0,0.0,0.0,0.0,0.0,0.0,0.0,3.0,64.0,1.0,7.0,0.0,0.0,0.0,12.4
Tavon Austin,WA (Wed),LAR,WR,@NO,L 21-49,0/0,0.0,0.0,0.0,1.0,10.0,0.0,4.0,45.0,1.0,4.0,0.0,0.0,0.0,11.5
Kelvin Benjamin,SCOT,CAR,WR,@Oak,L 32-35,0/0,0.0,0.0,0.0,0.0,0.0,0.0,2.0,53.0,1.0,6.0,0.0,0.0,0.0,11.3
Kenny Britt,WA (Wed),LAR,WR,@NO,L 21-49,0/0,0.0,0.0,0.0,0.0,0.0,0.0,5.0,52.0,1.0,10.0,0.0,0.0,0.0,11.2
Seth Roberts,WA (Wed),OAK,WR,Car,W 35-32,0/0,0.0,0.0,0.0,0.0,0.0,0.0,3.0,31.0,1.0,4.0,1.0,0.0,0.0,11.1
Michael Crabtree,BKN,OAK,WR,Car,W 35-32,0/0,0.0,0.0,0.0,0.0,0.0,0.0,8.0,110.0,0.0,13.0,0.0,0.0,0.0,11.0
Donte Moncrief,LOS,IND,WR,Pit,L 7-28,0/0,0.0,0.0,0.0,0.0,0.0,0.0,6.0,45.0,1.0,11.0,0.0,0.0,0.0,10.5
Deonte Thompson,WA (Wed),CHI,WR,Ten,L 21-27,0/0,0.0,0.0,0.0,0.0,0.0,0.0,5.0,44.0,1.0,9.0,0.0,0.0,0.0,10.4
Marqise Lee,WA (Wed),JAC,WR,@Buf,L 21-28,0/0,0.0,0.0,0.0,1.0,2.0,0.0,4.0,37.0,1.0,6.0,0.0,0.0,0.0,9.9
Willie Snead,WA (Wed),NOR,WR,LA,W 49-21,1/1,50.0,1.0,0.0,0.0,0.0,0.0,5.0,38.0,0.0,7.0,0.0,0.0,0.0,9.8
Corey Coleman,WA (Wed),CLE,WR,NYG,L 13-27,0/0,0.0,0.0,0.0,0.0,0.0,0.0,3.0,38.0,1.0,7.0,0.0,0.0,0.0,9.8
Jordy Nelson,DAN,GNB,WR,@Phi,W 27-13,0/0,0.0,0.0,0.0,0.0,0.0,0.0,8.0,91.0,0.0,12.0,0.0,0.0,0.0,9.1
Jamison Crowder,NOG,WAS,WR,@Dal,L 26-31,0/0,0.0,0.0,0.0,0.0,0.0,0.0,8.0,88.0,0.0,9.0,0.0,0.0,0.0,8.8
Torrey Smith,WA (Wed),SFO,WR,@Mia,L 24-31,0/0,0.0,0.0,0.0,0.0,0.0,0.0,3.0,24.0,1.0,7.0,0.0,0.0,0.0,8.4
Daniel Brown,WA (Wed),CHI,WR,Ten,L 21-27,0/0,0.0,0.0,0.0,0.0,0.0,0.0,3.0,24.0,1.0,4.0,0.0,0.0,0.0,8.4
Julian Edelman,WA (Wed),NWE,WR,@NYJ,W 22-17,0/0,0.0,0.0,0.0,0.0,0.0,0.0,8.0,83.0,0.0,11.0,0.0,0.0,0.0,8.3
Dorial Green-Beckham,WA (Wed),PHI,WR,GB,L 13-27,0/0,0.0,0.0,0.0,0.0,0.0,0.0,6.0,82.0,0.0,10.0,0.0,0.0,0.0,8.2
Sammy Watkins,DAN,BUF,WR,Jax,W 28-21,0/0,0.0,0.0,0.0,0.0,0.0,0.0,3.0,80.0,0.0,3.0,0.0,0.0,0.0,8.0
Golden Tate,DAN,DET,WR,Min,W 16-13,0/0,0.0,0.0,0.0,0.0,0.0,0.0,5.0,77.0,0.0,7.0,0.0,0.0,0.0,7.7
Justin Hunter,WA (Wed),BUF,WR,Jax,W 28-21,0/0,0.0,0.0,0.0,0.0,0.0,0.0,1.0,16.0,1.0,1.0,0.0,0.0,0.0,7.6
Leonte Carroo,WA (Wed),MIA,WR,SF,W 31-24,0/0,0.0,0.0,0.0,0.0,0.0,0.0,1.0,15.0,1.0,1.0,0.0,0.0,0.0,7.5
Breshad Perriman,WA (Wed),BAL,WR,Cin,W 19-14,0/0,0.0,0.0,0.0,0.0,0.0,0.0,1.0,14.0,1.0,3.0,0.0,0.0,0.0,7.4
Dwayne Harris,WA (Wed),NYG,WR,@Cle,W 27-13,0/0,0.0,0.0,0.0,0.0,0.0,0.0,1.0,13.0,1.0,1.0,0.0,0.0,0.0,7.3
Dez Bryant,BKN,DAL,WR,Wsh,W 31-26,0/0,0.0,0.0,0.0,0.0,0.0,0.0,5.0,72.0,0.0,7.0,0.0,0.0,0.0,7.2
Allen Hurns,WA (Wed),JAC,WR,@Buf,L 21-28,0/0,0.0,0.0,0.0,0.0,0.0,0.0,1.0,12.0,1.0,7.0,0.0,0.0,0.0,7.2
Chris Hogan,WA (Wed),NWE,WR,@NYJ,W 22-17,0/0,0.0,0.0,0.0,0.0,0.0,0.0,4.0,70.0,0.0,5.0,0.0,0.0,0.0,7.0
Mohamed Sanu,WA (Wed),ATL,WR,Ari,W 38-19,0/0,0.0,0.0,0.0,1.0,5.0,0.0,8.0,65.0,0.0,8.0,0.0,0.0,0.0,7.0
DeAndre Hopkins,FUNK,HOU,WR,SD,L 13-21,0/0,0.0,0.0,0.0,0.0,0.0,0.0,5.0,70.0,0.0,10.0,0.0,0.0,0.0,7.0
Terrance Williams,WA (Wed),DAL,WR,Wsh,W 31-26,0/0,0.0,0.0,0.0,0.0,0.0,0.0,1.0,10.0,1.0,2.0,0.0,0.0,0.0,7.0
Jordan Taylor,WA (Wed),DEN,WR,KC,L 27-30,0/0,0.0,0.0,0.0,0.0,0.0,0.0,1.0,6.0,1.0,4.0,0.0,0.0,0.0,6.6
DeVante Parker,WA (Wed),MIA,WR,SF,W 31-24,0/0,0.0,0.0,0.0,0.0,0.0,0.0,3.0,64.0,0.0,6.0,0.0,0.0,0.0,6.4
Brandon Coleman,WA (Wed),NOR,WR,LA,W 49-21,0/0,0.0,0.0,0.0,0.0,0.0,0.0,1.0,3.0,1.0,1.0,0.0,0.0,0.0,6.3
Tyler Boyd,WA (Wed),CIN,WR,@Bal,L 14-19,0/0,0.0,0.0,0.0,0.0,0.0,0.0,5.0,62.0,0.0,9.0,0.0,0.0,0.0,6.2
Harry Douglas,WA (Wed),TEN,WR,@Chi,W 27-21,0/0,0.0,0.0,0.0,0.0,0.0,0.0,2.0,60.0,0.0,2.0,0.0,0.0,0.0,6.0
Demaryius Thomas,NOG,DEN,WR,KC,L 27-30,0/0,0.0,0.0,0.0,0.0,0.0,0.0,5.0,60.0,0.0,8.0,0.0,0.0,0.0,6.0
Will Fuller V,WA (Wed),HOU,WR,SD,L 13-21,0/0,0.0,0.0,0.0,0.0,0.0,0.0,4.0,60.0,0.0,6.0,0.0,0.0,0.0,6.0
Mike Wallace,GARI,BAL,WR,Cin,W 19-14,0/0,0.0,0.0,0.0,1.0,-1.0,0.0,3.0,57.0,0.0,4.0,0.0,0.0,0.0,5.6
Cole Beasley,BKN,DAL,WR,Wsh,W 31-26,0/0,0.0,0.0,0.0,0.0,0.0,0.0,5.0,56.0,0.0,6.0,0.0,0.0,0.0,5.6
T.Y. Hilton,LOS,IND,WR,Pit,L 7-28,0/0,0.0,0.0,0.0,0.0,0.0,0.0,3.0,54.0,0.0,5.0,0.0,0.0,0.0,5.4
Marvin Jones,BKN,DET,WR,Min,W 16-13,0/0,0.0,0.0,0.0,0.0,0.0,0.0,4.0,54.0,0.0,11.0,0.0,0.0,0.0,5.4
Larry Fitzgerald,NOG,ARI,WR,@Atl,L 19-38,0/0,0.0,0.0,0.0,0.0,0.0,0.0,4.0,53.0,0.0,4.0,0.0,0.0,0.0,5.3
Adam Thielen,WA (Wed),MIN,WR,@Det,L 13-16,0/0,0.0,0.0,0.0,0.0,0.0,0.0,8.0,53.0,0.0,11.0,0.0,0.0,0.0,5.3
Jordan Matthews,FUNK,PHI,WR,GB,L 13-27,0/0,0.0,0.0,0.0,0.0,0.0,0.0,4.0,47.0,0.0,4.0,0.0,0.0,0.0,4.7
Jarvis Landry,BLRT,MIA,WR,SF,W 31-24,0/0,0.0,0.0,0.0,0.0,0.0,0.0,4.0,47.0,0.0,7.0,0.0,0.0,0.0,4.7
Justin Hardy,WA (Wed),ATL,WR,Ari,W 38-19,0/0,0.0,0.0,0.0,0.0,0.0,0.0,3.0,47.0,0.0,4.0,0.0,0.0,0.0,4.7
Rod Streater,WA (Wed),SFO,WR,@Mia,L 24-31,0/0,0.0,0.0,0.0,0.0,0.0,0.0,4.0,46.0,0.0,5.0,0.0,0.0,0.0,4.6
Pierre Garcon,WA (Wed),WAS,WR,@Dal,L 26-31,0/0,0.0,0.0,0.0,0.0,0.0,0.0,4.0,43.0,0.0,6.0,0.0,0.0,0.0,4.3
Randall Cobb,BLRT,GNB,WR,@Phi,W 27-13,0/0,0.0,0.0,0.0,0.0,0.0,0.0,6.0,41.0,0.0,7.0,0.0,0.0,0.0,4.1
Joshua Bellamy,WA (Wed),CHI,WR,Ten,L 21-27,0/0,0.0,0.0,0.0,0.0,0.0,0.0,4.0,41.0,0.0,9.0,0.0,0.0,0.0,4.1
Brandon LaFell,WA (Wed),CIN,WR,@Bal,L 14-19,0/0,0.0,0.0,0.0,0.0,0.0,0.0,3.0,38.0,0.0,9.0,0.0,0.0,0.0,3.8
Victor Cruz,WA (Wed),NYG,WR,@Cle,W 27-13,0/0,0.0,0.0,0.0,0.0,0.0,0.0,1.0,37.0,0.0,5.0,0.0,0.0,0.0,3.7
Cordarrelle Patterson,WA (Wed),MIN,WR,@Det,L 13-16,0/0,0.0,0.0,0.0,1.0,22.0,0.0,5.0,15.0,0.0,5.0,0.0,0.0,0.0,3.7
Eli Rogers,WA (Wed),PIT,WR,@Ind,W 28-7,0/0,0.0,0.0,0.0,0.0,0.0,0.0,2.0,36.0,0.0,2.0,0.0,0.0,0.0,3.6
Julio Jones,SCOT,ATL,WR,Ari,W 38-19,0/0,0.0,0.0,0.0,0.0,0.0,0.0,4.0,35.0,0.0,7.0,0.0,0.0,0.0,3.5
Doug Baldwin,FUNK,SEA,WR,@TB,L 5-14,0/0,0.0,0.0,0.0,0.0,0.0,0.0,7.0,34.0,0.0,8.0,0.0,0.0,0.0,3.4
Rashard Higgins,WA (Wed),CLE,WR,NYG,L 13-27,0/0,0.0,0.0,0.0,0.0,0.0,0.0,2.0,34.0,0.0,2.0,0.0,0.0,0.0,3.4
Chris Harper,WA (Wed),SFO,WR,@Mia,L 24-31,0/0,0.0,0.0,0.0,0.0,0.0,0.0,2.0,32.0,0.0,4.0,0.0,0.0,0.0,3.2
Michael Floyd,WA (Wed),ARI,WR,@Atl,L 19-38,0/0,0.0,0.0,0.0,0.0,0.0,0.0,2.0,31.0,0.0,5.0,0.0,0.0,0.0,3.1
Phillip Dorsett,WA (Wed),IND,WR,Pit,L 7-28,0/0,0.0,0.0,0.0,0.0,0.0,0.0,3.0,31.0,0.0,6.0,0.0,0.0,0.0,3.1
Kamar Aiken,WA (Wed),BAL,WR,Cin,W 19-14,0/0,0.0,0.0,0.0,0.0,0.0,0.0,2.0,30.0,0.0,2.0,0.0,0.0,0.0,3.0
J.J. Nelson,WA (Wed),ARI,WR,@Atl,L 19-38,0/0,0.0,0.0,0.0,0.0,0.0,0.0,2.0,30.0,0.0,4.0,0.0,0.0,0.0,3.0
Johnny Holton,WA (Wed),OAK,WR,Car,W 35-32,0/0,0.0,0.0,0.0,0.0,0.0,0.0,1.0,30.0,0.0,1.0,0.0,0.0,0.0,3.0
Chris Conley,WA (Wed),KAN,WR,@Den,W 30-27,0/0,0.0,0.0,0.0,0.0,0.0,0.0,3.0,26.0,0.0,4.0,0.0,0.0,0.0,2.6
Jeremy Kerley,WA (Wed),SFO,WR,@Mia,L 24-31,0/0,0.0,0.0,0.0,0.0,0.0,0.0,2.0,24.0,0.0,4.0,0.0,0.0,0.0,2.4
Allen Robinson,GARI,JAC,WR,@Buf,L 21-28,0/0,0.0,0.0,0.0,0.0,0.0,0.0,2.0,24.0,0.0,4.0,0.0,0.0,0.0,2.4
Russell Shepard,WA (Wed),TAM,WR,Sea,W 14-5,0/0,0.0,0.0,0.0,0.0,0.0,0.0,2.0,23.0,0.0,3.0,0.0,0.0,0.0,2.3
James Wright,WA (Wed),CIN,WR,@Bal,L 14-19,0/0,0.0,0.0,0.0,0.0,0.0,0.0,3.0,23.0,0.0,6.0,0.0,0.0,0.0,2.3
Amari Cooper,GARI,OAK,WR,Car,W 35-32,0/0,0.0,0.0,0.0,0.0,0.0,0.0,4.0,22.0,0.0,7.0,0.0,0.0,0.0,2.2
Sterling Shepard,WA (Wed),NYG,WR,@Cle,W 27-13,0/0,0.0,0.0,0.0,1.0,22.0,0.0,0.0,0.0,0.0,0.0,0.0,0.0,0.0,2.2
Adam Humphries,WA (Wed),TAM,WR,Sea,W 14-5,0/0,0.0,0.0,0.0,2.0,3.0,0.0,1.0,18.0,0.0,1.0,0.0,0.0,0.0,2.1
Steve Smith Sr.,WA (Wed),BAL,WR,Cin,W 19-14,0/0,0.0,0.0,0.0,0.0,0.0,0.0,4.0,20.0,0.0,4.0,0.0,0.0,0.0,2.0
Andre Roberts,WA (Wed),DET,WR,Min,W 16-13,0/0,0.0,0.0,0.0,0.0,0.0,0.0,2.0,19.0,0.0,4.0,0.0,0.0,0.0,1.9
John Brown,WA (Wed),ARI,WR,@Atl,L 19-38,0/0,0.0,0.0,0.0,0.0,0.0,0.0,1.0,19.0,0.0,2.0,0.0,0.0,0.0,1.9
Devin Funchess,WA (Wed),CAR,WR,@Oak,L 32-35,0/0,0.0,0.0,0.0,0.0,0.0,0.0,2.0,19.0,0.0,2.0,0.0,0.0,0.0,1.9
Cameron Meredith,WA (Wed),CHI,WR,Ten,L 21-27,0/0,0.0,0.0,0.0,0.0,0.0,0.0,2.0,19.0,0.0,9.0,0.0,0.0,0.0,1.9
Jermaine Kearse,WA (Wed),SEA,WR,@TB,L 5-14,0/0,0.0,0.0,0.0,0.0,0.0,0.0,1.0,18.0,0.0,5.0,0.0,0.0,0.0,1.8
Roger Lewis,WA (Wed),NYG,WR,@Cle,W 27-13,0/0,0.0,0.0,0.0,0.0,0.0,0.0,1.0,18.0,0.0,4.0,0.0,0.0,0.0,1.8
Paul Richardson,WA (Wed),SEA,WR,@TB,L 5-14,0/0,0.0,0.0,0.0,0.0,0.0,0.0,1.0,17.0,0.0,3.0,0.0,0.0,0.0,1.7
Lucky Whitehead,WA (Wed),DAL,WR,Wsh,W 31-26,0/0,0.0,0.0,0.0,1.0,15.0,0.0,0.0,0.0,0.0,0.0,0.0,0.0,0.0,1.5
Robby Anderson,WA (Wed),NYJ,WR,NE,L 17-22,0/0,0.0,0.0,0.0,0.0,0.0,0.0,2.0,34.0,0.0,2.0,0.0,1.0,0.0,1.4
Ty Montgomery,WA (Wed),GNB,WR,@Phi,W 27-13,0/0,0.0,0.0,0.0,1.0,2.0,0.0,2.0,12.0,0.0,2.0,0.0,0.0,0.0,1.4
Bryce Treggs,WA (Wed),PHI,WR,GB,L 13-27,0/0,0.0,0.0,0.0,1.0,3.0,0.0,1.0,11.0,0.0,3.0,0.0,0.0,0.0,1.4
Braxton Miller,WA (Wed),HOU,WR,SD,L 13-21,0/0,0.0,0.0,0.0,1.0,1.0,0.0,1.0,12.0,0.0,3.0,0.0,0.0,0.0,1.3
Marquise Goodwin,WA (Wed),BUF,WR,Jax,W 28-21,0/0,0.0,0.0,0.0,0.0,0.0,0.0,2.0,13.0,0.0,4.0,0.0,0.0,0.0,1.3
Charles Johnson,WA (Wed),MIN,WR,@Det,L 13-16,0/0,0.0,0.0,0.0,0.0,0.0,0.0,2.0,12.0,0.0,2.0,0.0,0.0,0.0,1.2
Quinton Patton,WA (Wed),SFO,WR,@Mia,L 24-31,0/0,0.0,0.0,0.0,0.0,0.0,0.0,1.0,12.0,0.0,1.0,0.0,0.0,0.0,1.2
Bradley Marquez,WA (Wed),LAR,WR,@NO,L 21-49,0/0,0.0,0.0,0.0,0.0,0.0,0.0,1.0,12.0,0.0,1.0,0.0,0.0,0.0,1.2
Tajae Sharpe,WA (Wed),TEN,WR,@Chi,W 27-21,0/0,0.0,0.0,0.0,0.0,0.0,0.0,2.0,11.0,0.0,3.0,0.0,0.0,0.0,1.1
Tyler Lockett,WA (Wed),SEA,WR,@TB,L 5-14,0/0,0.0,0.0,0.0,1.0,9.0,0.0,0.0,0.0,0.0,6.0,0.0,0.0,0.0,0.9
Danny Amendola,WA (Wed),NWE,WR,@NYJ,W 22-17,0/0,0.0,0.0,0.0,0.0,0.0,0.0,1.0,8.0,0.0,1.0,0.0,0.0,0.0,0.8
Brandon Tate,WA (Wed),BUF,WR,Jax,W 28-21,0/0,0.0,0.0,0.0,0.0,0.0,0.0,1.0,8.0,0.0,1.0,0.0,0.0,0.0,0.8
Travis Benjamin,WA (Wed),SDG,WR,@Hou,W 21-13,0/0,0.0,0.0,0.0,0.0,0.0,0.0,1.0,8.0,0.0,2.0,0.0,0.0,0.0,0.8
Jeff Janis,WA (Wed),GNB,WR,@Phi,W 27-13,0/0,0.0,0.0,0.0,0.0,0.0,0.0,1.0,7.0,0.0,1.0,0.0,0.0,0.0,0.7
Alex Erickson,WA (Wed),CIN,WR,@Bal,L 14-19,0/0,0.0,0.0,0.0,0.0,0.0,0.0,1.0,7.0,0.0,1.0,0.0,0.0,0.0,0.7
Tommylee Lewis,WA (Wed),NOR,WR,LA,W 49-21,0/0,0.0,0.0,0.0,1.0,7.0,0.0,0.0,0.0,0.0,2.0,0.0,0.0,0.0,0.7
Cecil Shorts III,WA (Wed),TAM,WR,Sea,W 14-5,0/0,0.0,0.0,0.0,0.0,0.0,0.0,1.0,6.0,0.0,3.0,0.0,0.0,0.0,0.6
Albert Wilson,WA (Wed),KAN,WR,@Den,W 30-27,0/0,0.0,0.0,0.0,0.0,0.0,0.0,2.0,6.0,0.0,6.0,0.0,0.0,0.0,0.6
Jeremy Butler,WA (Wed),SDG,WR,@Hou,W 21-13,0/0,0.0,0.0,0.0,0.0,0.0,0.0,1.0,6.0,0.0,1.0,0.0,0.0,0.0,0.6
Jalin Marshall,WA (Wed),NYJ,WR,NE,L 17-22,0/0,0.0,0.0,0.0,0.0,0.0,0.0,2.0,6.0,0.0,3.0,0.0,0.0,0.0,0.6
Cobi Hamilton,WA (Wed),PIT,WR,@Ind,W 28-7,0/0,0.0,0.0,0.0,0.0,0.0,0.0,1.0,5.0,0.0,1.0,0.0,0.0,0.0,0.5
De'Anthony Thomas,WA (Wed),KAN,WR,@Den,W 30-27,0/0,0.0,0.0,0.0,0.0,0.0,0.0,1.0,4.0,0.0,1.0,0.0,0.0,0.0,0.4
Brian Quick,WA (Wed),LAR,WR,@NO,L 21-49,0/0,0.0,0.0,0.0,0.0,0.0,0.0,1.0,3.0,0.0,3.0,0.0,0.0,0.0,0.3
Walter Powell,WA (Wed),BUF,WR,Jax,W 28-21,0/0,0.0,0.0,0.0,0.0,0.0,0.0,1.0,1.0,0.0,1.0,0.0,0.0,0.0,0.1
Andre Johnson,WA (Wed),TEN,WR,@Chi,W 27-21,0/0,0.0,0.0,0.0,0.0,0.0,0.0,0.0,0.0,0.0,0.0,0.0,0.0,0.0,0.0
Jerricho Cotchery,WA (Wed),CAR,WR,@Oak,L 32-35,0/0,0.0,0.0,0.0,0.0,0.0,0.0,0.0,0.0,0.0,0.0,0.0,0.0,0.0,0.0
Wes Welker,WA (Wed),LAR,WR,@NO,L 21-49,0/0,0.0,0.0,0.0,0.0,0.0,0.0,0.0,0.0,0.0,0.0,0.0,0.0,0.0,0.0
Roddy White,WA (Wed),ATL,WR,Ari,W 38-19,0/0,0.0,0.0,0.0,0.0,0.0,0.0,0.0,0.0,0.0,0.0,0.0,0.0,0.0,0.0
Vincent Jackson,WA (Wed),TAM,WR,Sea,W 14-5,0/0,0.0,0.0,0.0,0.0,0.0,0.0,0.0,0.0,0.0,0.0,0.0,0.0,0.0,0.0
Joshua Cribbs,WA (Wed),IND,WR,Pit,L 7-28,0/0,0.0,0.0,0.0,0.0,0.0,0.0,0.0,0.0,0.0,0.0,0.0,0.0,0.0,0.0
Nate Washington,WA (Wed),NWE,WR,@NYJ,W 22-17,0/0,0.0,0.0,0.0,0.0,0.0,0.0,0.0,0.0,0.0,0.0,0.0,0.0,0.0,0.0
Lance Moore,WA (Wed),ATL,WR,Ari,W 38-19,0/0,0.0,0.0,0.0,0.0,0.0,0.0,0.0,0.0,0.0,0.0,0.0,0.0,0.0,0.0
Greg Jennings,WA (Wed),MIA,WR,SF,W 31-24,0/0,0.0,0.0,0.0,0.0,0.0,0.0,0.0,0.0,0.0,0.0,0.0,0.0,0.0,0.0
Devin Hester,WA (Wed),BAL,WR,Cin,W 19-14,0/0,0.0,0.0,0.0,0.0,0.0,0.0,0.0,0.0,0.0,0.0,0.0,0.0,0.0,0.0
Derek Hagan,WA (Wed),TEN,WR,@Chi,W 27-21,0/0,0.0,0.0,0.0,0.0,0.0,0.0,0.0,0.0,0.0,0.0,0.0,0.0,0.0,0.0
Jason Avant,WA (Wed),KAN,WR,@Den,W 30-27,0/0,0.0,0.0,0.0,0.0,0.0,0.0,0.0,0.0,0.0,0.0,0.0,0.0,0.0,0.0
Marques Colston,WA (Wed),NOR,WR,LA,W 49-21,0/0,0.0,0.0,0.0,0.0,0.0,0.0,0.0,0.0,0.0,0.0,0.0,0.0,0.0,0.0
Miles Austin,WA (Wed),PHI,WR,GB,L 13-27,0/0,0.0,0.0,0.0,0.0,0.0,0.0,0.0,0.0,0.0,0.0,0.0,0.0,0.0,0.0
Calvin Johnson,WA (Wed),DET,WR,Min,W 16-13,0/0,0.0,0.0,0.0,0.0,0.0,0.0,0.0,0.0,0.0,0.0,0.0,0.0,0.0,0.0
Dwayne Bowe,WA (Wed),CLE,WR,NYG,L 13-27,0/0,0.0,0.0,0.0,0.0,0.0,0.0,0.0,0.0,0.0,0.0,0.0,0.0,0.0,0.0
Jacoby Jones,WA (Wed),PIT,WR,@Ind,W 28-7,0/0,0.0,0.0,0.0,0.0,0.0,0.0,0.0,0.0,0.0,0.0,0.0,0.0,0.0,0.0
James Jones,WA (Wed),SDG,WR,@Hou,W 21-13,0/0,0.0,0.0,0.0,0.0,0.0,0.0,0.0,0.0,0.0,0.0,0.0,0.0,0.0,0.0
Eric Weems,WA (Wed),ATL,WR,Ari,W 38-19,0/0,0.0,0.0,0.0,0.0,0.0,0.0,0.0,0.0,0.0,0.0,0.0,0.0,0.0,0.0
Jerome Simpson,WA (Wed),SFO,WR,@Mia,L 24-31,0/0,0.0,0.0,0.0,0.0,0.0,0.0,0.0,0.0,0.0,0.0,0.0,0.0,0.0,0.0
Andre Jerome Caldwell,WA (Wed),DET,WR,Min,W 16-13,0/0,0.0,0.0,0.0,0.0,0.0,0.0,0.0,0.0,0.0,0.0,0.0,0.0,0.0,0.0
Matthew Slater,WA (Wed),NWE,WR,@NYJ,W 22-17,0/0,0.0,0.0,0.0,0.0,0.0,0.0,0.0,0.0,0.0,0.0,0.0,0.0,0.0,0.0
Stevie Johnson,WA (Wed),SDG,WR,@Hou,W 21-13,0/0,0.0,0.0,0.0,0.0,0.0,0.0,0.0,0.0,0.0,0.0,0.0,0.0,0.0,0.0
Brandon Gibson,WA (Wed),NWE,WR,@NYJ,W 22-17,0/0,0.0,0.0,0.0,0.0,0.0,0.0,0.0,0.0,0.0,0.0,0.0,0.0,0.0,0.0
Brian Hartline,WA (Wed),CLE,WR,NYG,L 13-27,0/0,0.0,0.0,0.0,0.0,0.0,0.0,0.0,0.0,0.0,0.0,0.0,0.0,0.0,0.0
Percy Harvin,WA (Wed),BUF,WR,Jax,W 28-21,0/0,0.0,0.0,0.0,0.0,0.0,0.0,0.0,0.0,0.0,0.0,0.0,0.0,0.0,0.0
Darrius Heyward-Bey,WA (Wed),PIT,WR,@Ind,W 28-7,0/0,0.0,0.0,0.0,0.0,0.0,0.0,0.0,0.0,0.0,0.0,0.0,0.0,0.0,0.0
Jeremy Maclin,LOS,KAN,WR,@Den,W 30-27,0/0,0.0,0.0,0.0,0.0,0.0,0.0,0.0,0.0,0.0,0.0,0.0,0.0,0.0,0.0
Louis Murphy,WA (Wed),TAM,WR,Sea,W 14-5,0/0,0.0,0.0,0.0,0.0,0.0,0.0,0.0,0.0,0.0,0.0,0.0,0.0,0.0,0.0
Hakeem Nicks,WA (Wed),NOR,WR,LA,W 49-21,0/0,0.0,0.0,0.0,0.0,0.0,0.0,0.0,0.0,0.0,0.0,0.0,0.0,0.0,0.0
Kevin Ogletree,WA (Wed),NYG,WR,@Cle,W 27-13,0/0,0.0,0.0,0.0,0.0,0.0,0.0,0.0,0.0,0.0,0.0,0.0,0.0,0.0,0.0
Arrelious Benn,WA (Wed),JAC,WR,@Buf,L 21-28,0/0,0.0,0.0,0.0,0.0,0.0,0.0,0.0,0.0,0.0,0.0,0.0,0.0,0.0,0.0
Marcus Easley,WA (Wed),BUF,WR,Jax,W 28-21,0/0,0.0,0.0,0.0,0.0,0.0,0.0,0.0,0.0,0.0,0.0,0.0,0.0,0.0,0.0
Riley Cooper,WA (Wed),PHI,WR,GB,L 13-27,0/0,0.0,0.0,0.0,0.0,0.0,0.0,0.0,0.0,0.0,0.0,0.0,0.0,0.0,0.0
Eric Decker,WA (Wed),NYJ,WR,NE,L 17-22,0/0,0.0,0.0,0.0,0.0,0.0,0.0,0.0,0.0,0.0,0.0,0.0,0.0,0.0,0.0
Marc Mariani,WA (Wed),TEN,WR,@Chi,W 27-21,0/0,0.0,0.0,0.0,0.0,0.0,0.0,0.0,0.0,0.0,0.0,0.0,0.0,0.0,0.0
Kyle Williams,WA (Wed),NYJ,WR,NE,L 17-22,0/0,0.0,0.0,0.0,0.0,0.0,0.0,0.0,0.0,0.0,0.0,0.0,0.0,0.0,0.0
Mike Williams,WA (Wed),KAN,WR,@Den,W 30-27,0/0,0.0,0.0,0.0,0.0,0.0,0.0,0.0,0.0,0.0,0.0,0.0,0.0,0.0,0.0
Seyi Ajirotutu,WA (Wed),PHI,WR,GB,L 13-27,0/0,0.0,0.0,0.0,0.0,0.0,0.0,0.0,0.0,0.0,0.0,0.0,0.0,0.0,0.0
Marlon Moore,WA (Wed),CLE,WR,NYG,L 13-27,0/0,0.0,0.0,0.0,0.0,0.0,0.0,0.0,0.0,0.0,0.0,0.0,0.0,0.0,0.0
Bryan Walters,WA (Wed),JAC,WR,@Buf,L 21-28,0/0,0.0,0.0,0.0,0.0,0.0,0.0,0.0,0.0,0.0,0.0,0.0,0.0,0.0,0.0
Danario Alexander,WA (Wed),SDG,WR,@Hou,W 21-13,0/0,0.0,0.0,0.0,0.0,0.0,0.0,0.0,0.0,0.0,0.0,0.0,0.0,0.0,0.0
Andrew Hawkins,WA (Wed),CLE,WR,NYG,L 13-27,0/0,0.0,0.0,0.0,0.0,0.0,0.0,0.0,0.0,0.0,2.0,0.0,0.0,0.0,0.0
A.J. Green,LOS,CIN,WR,@Bal,L 14-19,0/0,0.0,0.0,0.0,0.0,0.0,0.0,0.0,0.0,0.0,0.0,0.0,0.0,0.0,0.0
Leonard Hankerson,WA (Wed),BUF,WR,Jax,W 28-21,0/0,0.0,0.0,0.0,0.0,0.0,0.0,0.0,0.0,0.0,0.0,0.0,0.0,0.0,0.0
Greg Little,WA (Wed),BUF,WR,Jax,W 28-21,0/0,0.0,0.0,0.0,0.0,0.0,0.0,0.0,0.0,0.0,0.0,0.0,0.0,0.0,0.0
Vincent Brown,WA (Wed),NOR,WR,LA,W 49-21,0/0,0.0,0.0,0.0,0.0,0.0,0.0,0.0,0.0,0.0,0.0,0.0,0.0,0.0,0.0
Greg Salas,WA (Wed),BUF,WR,Jax,W 28-21,0/0,0.0,0.0,0.0,0.0,0.0,0.0,0.0,0.0,0.0,0.0,0.0,0.0,0.0,0.0
Denarius Moore,WA (Wed),BUF,WR,Jax,W 28-21,0/0,0.0,0.0,0.0,0.0,0.0,0.0,0.0,0.0,0.0,0.0,0.0,0.0,0.0,0.0
Aldrick Robinson,WA (Wed),ATL,WR,Ari,W 38-19,0/0,0.0,0.0,0.0,0.0,0.0,0.0,0.0,0.0,0.0,0.0,0.0,0.0,0.0,0.0
Ricardo Lockette,WA (Wed),SEA,WR,@TB,L 5-14,0/0,0.0,0.0,0.0,0.0,0.0,0.0,0.0,0.0,0.0,0.0,0.0,0.0,0.0,0.0
Andre Holmes,WA (Wed),OAK,WR,Car,W 35-32,0/0,0.0,0.0,0.0,0.0,0.0,0.0,0.0,0.0,0.0,1.0,0.0,0.0,0.0,0.0
Joe Morgan,WA (Wed),BAL,WR,Cin,W 19-14,0/0,0.0,0.0,0.0,0.0,0.0,0.0,0.0,0.0,0.0,0.0,0.0,0.0,0.0,0.0
Jeremy Ross,WA (Wed),NYJ,WR,NE,L 17-22,0/0,0.0,0.0,0.0,0.0,0.0,0.0,0.0,0.0,0.0,0.0,0.0,0.0,0.0,0.0
Justin Blackmon,WA (Wed),JAC,WR,@Buf,L 21-28,0/0,0.0,0.0,0.0,0.0,0.0,0.0,0.0,0.0,0.0,0.0,0.0,0.0,0.0,0.0
Kendall Wright,WA (Wed),TEN,WR,@Chi,W 27-21,0/0,0.0,0.0,0.0,0.0,0.0,0.0,0.0,0.0,0.0,1.0,0.0,0.0,0.0,0.0
Stephen Hill,WA (Wed),CAR,WR,@Oak,L 32-35,0/0,0.0,0.0,0.0,0.0,0.0,0.0,0.0,0.0,0.0,0.0,0.0,0.0,0.0,0.0
Rueben Randle,WA (Wed),PHI,WR,GB,L 13-27,0/0,0.0,0.0,0.0,0.0,0.0,0.0,0.0,0.0,0.0,0.0,0.0,0.0,0.0,0.0
Alshon Jeffery,WA (Wed),CHI,WR,Ten,L 21-27,0/0,0.0,0.0,0.0,0.0,0.0,0.0,0.0,0.0,0.0,0.0,0.0,0.0,0.0,0.0
Keshawn Martin,WA (Wed),SFO,WR,@Mia,L 24-31,0/0,0.0,0.0,0.0,0.0,0.0,0.0,0.0,0.0,0.0,0.0,0.0,0.0,0.0,0.0
Jarius Wright,WA (Wed),MIN,WR,@Det,L 13-16,0/0,0.0,0.0,0.0,0.0,0.0,0.0,0.0,0.0,0.0,0.0,0.0,0.0,0.0,0.0
T.J. Graham,WA (Wed),PHI,WR,GB,L 13-27,0/0,0.0,0.0,0.0,0.0,0.0,0.0,0.0,0.0,0.0,0.0,0.0,0.0,0.0,0.0
Nick Toon,WA (Wed),LAR,WR,@NO,L 21-49,0/0,0.0,0.0,0.0,0.0,0.0,0.0,0.0,0.0,0.0,0.0,0.0,0.0,0.0,0.0
DeVier Posey,WA (Wed),DEN,WR,KC,L 27-30,0/0,0.0,0.0,0.0,0.0,0.0,0.0,0.0,0.0,0.0,0.0,0.0,0.0,0.0,0.0
LaVon Brazill,WA (Wed),IND,WR,Pit,L 7-28,0/0,0.0,0.0,0.0,0.0,0.0,0.0,0.0,0.0,0.0,0.0,0.0,0.0,0.0,0.0
Chris Givens,WA (Wed),PHI,WR,GB,L 13-27,0/0,0.0,0.0,0.0,0.0,0.0,0.0,0.0,0.0,0.0,0.0,0.0,0.0,0.0,0.0
Kashif Moore,WA (Wed),KAN,WR,@Den,W 30-27,0/0,0.0,0.0,0.0,0.0,0.0,0.0,0.0,0.0,0.0,0.0,0.0,0.0,0.0,0.0
Nathan Palmer,WA (Wed),OAK,WR,Car,W 35-32,0/0,0.0,0.0,0.0,0.0,0.0,0.0,0.0,0.0,0.0,0.0,0.0,0.0,0.0,0.0
Chris Owusu,WA (Wed),NYJ,WR,NE,L 17-22,0/0,0.0,0.0,0.0,0.0,0.0,0.0,0.0,0.0,0.0,0.0,0.0,0.0,0.0,0.0
Brian Tyms,WA (Wed),IND,WR,Pit,L 7-28,0/0,0.0,0.0,0.0,0.0,0.0,0.0,0.0,0.0,0.0,0.0,0.0,0.0,0.0,0.0
Jeff Fuller,WA (Wed),SEA,WR,@TB,L 5-14,0/0,0.0,0.0,0.0,0.0,0.0,0.0,0.0,0.0,0.0,0.0,0.0,0.0,0.0,0.0
Jarrett Boykin,WA (Wed),BUF,WR,Jax,W 28-21,0/0,0.0,0.0,0.0,0.0,0.0,0.0,0.0,0.0,0.0,0.0,0.0,0.0,0.0,0.0
Griff Whalen,WA (Wed),SDG,WR,@Hou,W 21-13,0/0,0.0,0.0,0.0,0.0,0.0,0.0,0.0,0.0,0.0,0.0,0.0,0.0,0.0,0.0
LaRon Byrd,WA (Wed),CAR,WR,@Oak,L 32-35,0/0,0.0,0.0,0.0,0.0,0.0,0.0,0.0,0.0,0.0,0.0,0.0,0.0,0.0,0.0
Damaris Johnson,WA (Wed),TEN,WR,@Chi,W 27-21,0/0,0.0,0.0,0.0,0.0,0.0,0.0,0.0,0.0,0.0,0.0,0.0,0.0,0.0,0.0
Josh Gordon,WA (Wed),CLE,WR,NYG,L 13-27,0/0,0.0,0.0,0.0,0.0,0.0,0.0,0.0,0.0,0.0,0.0,0.0,0.0,0.0,0.0
Keenan Allen,WA (Wed),SDG,WR,@Hou,W 21-13,0/0,0.0,0.0,0.0,0.0,0.0,0.0,0.0,0.0,0.0,0.0,0.0,0.0,0.0,0.0
Stedman Bailey,WA (Wed),LAR,WR,@NO,L 21-49,0/0,0.0,0.0,0.0,0.0,0.0,0.0,0.0,0.0,0.0,0.0,0.0,0.0,0.0,0.0
Aaron Dobson,WA (Wed),DET,WR,Min,W 16-13,0/0,0.0,0.0,0.0,0.0,0.0,0.0,0.0,0.0,0.0,0.0,0.0,0.0,0.0,0.0
Markus Wheaton,WA (Wed),PIT,WR,@Ind,W 28-7,0/0,0.0,0.0,0.0,0.0,0.0,0.0,0.0,0.0,0.0,0.0,0.0,0.0,0.0,0.0
Robert Woods,WA (Wed),BUF,WR,Jax,W 28-21,0/0,0.0,0.0,0.0,0.0,0.0,0.0,0.0,0.0,0.0,0.0,0.0,0.0,0.0,0.0
Brice Butler,WA (Wed),DAL,WR,Wsh,W 31-26,0/0,0.0,0.0,0.0,0.0,0.0,0.0,0.0,0.0,0.0,2.0,0.0,0.0,0.0,0.0
B.J. Daniels,WA (Wed),CHI,WR,Ten,L 21-27,0/0,0.0,0.0,0.0,0.0,0.0,0.0,0.0,0.0,0.0,0.0,0.0,0.0,0.0,0.0
Tavarres King,WA (Wed),NYG,WR,@Cle,W 27-13,0/0,0.0,0.0,0.0,0.0,0.0,0.0,0.0,0.0,0.0,0.0,0.0,0.0,0.0,0.0
Josh Boyce,WA (Wed),CLE,WR,NYG,L 13-27,0/0,0.0,0.0,0.0,0.0,0.0,0.0,0.0,0.0,0.0,0.0,0.0,0.0,0.0,0.0
Chris Harper,WA (Wed),NYG,WR,@Cle,W 27-13,0/0,0.0,0.0,0.0,0.0,0.0,0.0,0.0,0.0,0.0,0.0,0.0,0.0,0.0,0.0
Corey Fuller,WA (Wed),DET,WR,Min,W 16-13,0/0,0.0,0.0,0.0,0.0,0.0,0.0,0.0,0.0,0.0,0.0,0.0,0.0,0.0,0.0
Da'Rick Rogers,WA (Wed),KAN,WR,@Den,W 30-27,0/0,0.0,0.0,0.0,0.0,0.0,0.0,0.0,0.0,0.0,0.0,0.0,0.0,0.0,0.0
Jaron Brown,WA (Wed),ARI,WR,@Atl,L 19-38,0/0,0.0,0.0,0.0,0.0,0.0,0.0,0.0,0.0,0.0,0.0,0.0,0.0,0.0,0.0
Ryan Spadola,WA (Wed),DET,WR,Min,W 16-13,0/0,0.0,0.0,0.0,0.0,0.0,0.0,0.0,0.0,0.0,0.0,0.0,0.0,0.0,0.0
Nick Williams,WA (Wed),ATL,WR,Ari,W 38-19,0/0,0.0,0.0,0.0,0.0,0.0,0.0,0.0,0.0,0.0,0.0,0.0,0.0,0.0,0.0
Rodney Smith,WA (Wed),DAL,WR,Wsh,W 31-26,0/0,0.0,0.0,0.0,0.0,0.0,0.0,0.0,0.0,0.0,0.0,0.0,0.0,0.0,0.0
Kenbrell Thompkins,WA (Wed),NYJ,WR,NE,L 17-22,0/0,0.0,0.0,0.0,0.0,0.0,0.0,0.0,0.0,0.0,0.0,0.0,0.0,0.0,0.0
Myles White,WA (Wed),NYG,WR,@Cle,W 27-13,0/0,0.0,0.0,0.0,0.0,0.0,0.0,0.0,0.0,0.0,0.0,0.0,0.0,0.0,0.0
Marlon Brown,WA (Wed),DEN,WR,KC,L 27-30,0/0,0.0,0.0,0.0,0.0,0.0,0.0,0.0,0.0,0.0,0.0,0.0,0.0,0.0,0.0
Brandin Cooks,SCOT,NOR,WR,LA,W 49-21,0/0,0.0,0.0,0.0,0.0,0.0,0.0,0.0,0.0,0.0,0.0,0.0,0.0,0.0,0.0
Josh Huff,WA (Wed),PHI,WR,GB,L 13-27,0/0,0.0,0.0,0.0,0.0,0.0,0.0,0.0,0.0,0.0,0.0,0.0,0.0,0.0,0.0
Cody Latimer,WA (Wed),DEN,WR,KC,L 27-30,0/0,0.0,0.0,0.0,0.0,0.0,0.0,0.0,0.0,0.0,0.0,0.0,0.0,0.0,0.0
Shaq Evans,WA (Wed),JAC,WR,@Buf,L 21-28,0/0,0.0,0.0,0.0,0.0,0.0,0.0,0.0,0.0,0.0,0.0,0.0,0.0,0.0,0.0
Jeremy Gallon,WA (Wed),NWE,WR,@NYJ,W 22-17,0/0,0.0,0.0,0.0,0.0,0.0,0.0,0.0,0.0,0.0,0.0,0.0,0.0,0.0,0.0
Jared Abbrederis,WA (Wed),GNB,WR,@Phi,W 27-13,0/0,0.0,0.0,0.0,0.0,0.0,0.0,0.0,0.0,0.0,0.0,0.0,0.0,0.0,0.0
Kevin Norwood,WA (Wed),CAR,WR,@Oak,L 32-35,0/0,0.0,0.0,0.0,0.0,0.0,0.0,0.0,0.0,0.0,0.0,0.0,0.0,0.0,0.0
Martavis Bryant,WA (Wed),PIT,WR,@Ind,W 28-7,0/0,0.0,0.0,0.0,0.0,0.0,0.0,0.0,0.0,0.0,0.0,0.0,0.0,0.0,0.0
Jalen Saunders,WA (Wed),NWE,WR,@NYJ,W 22-17,0/0,0.0,0.0,0.0,0.0,0.0,0.0,0.0,0.0,0.0,0.0,0.0,0.0,0.0,0.0
Bruce Ellington,WA (Wed),SFO,WR,@Mia,L 24-31,0/0,0.0,0.0,0.0,0.0,0.0,0.0,0.0,0.0,0.0,0.0,0.0,0.0,0.0,0.0
Devin Street,WA (Wed),IND,WR,Pit,L 7-28,0/0,0.0,0.0,0.0,0.0,0.0,0.0,0.0,0.0,0.0,0.0,0.0,0.0,0.0,0.0
Corey Washington,WA (Wed),ATL,WR,Ari,W 38-19,0/0,0.0,0.0,0.0,0.0,0.0,0.0,0.0,0.0,0.0,0.0,0.0,0.0,0.0,0.0
Robert Herron,WA (Wed),OAK,WR,Car,W 35-32,0/0,0.0,0.0,0.0,0.0,0.0,0.0,0.0,0.0,0.0,0.0,0.0,0.0,0.0,0.0
Michael Campanaro,WA (Wed),BAL,WR,Cin,W 19-14,0/0,0.0,0.0,0.0,0.0,0.0,0.0,0.0,0.0,0.0,0.0,0.0,0.0,0.0,0.0
Brenton Bersin,WA (Wed),CAR,WR,@Oak,L 32-35,0/0,0.0,0.0,0.0,0.0,0.0,0.0,0.0,0.0,0.0,0.0,0.0,0.0,0.0,0.0
Corey Brown,WA (Wed),CAR,WR,@Oak,L 32-35,0/0,0.0,0.0,0.0,0.0,0.0,0.0,0.0,0.0,0.0,0.0,0.0,0.0,0.0,0.0
Ryan Grant,WA (Wed),WAS,WR,@Dal,L 26-31,0/0,0.0,0.0,0.0,0.0,0.0,0.0,0.0,0.0,0.0,1.0,0.0,0.0,0.0,0.0
Frankie Hammond,WA (Wed),KAN,WR,@Den,W 30-27,0/0,0.0,0.0,0.0,0.0,0.0,0.0,0.0,0.0,0.0,0.0,0.0,0.0,0.0,0.0
TJ Jones,WA (Wed),DET,WR,Min,W 16-13,0/0,0.0,0.0,0.0,0.0,0.0,0.0,0.0,0.0,0.0,0.0,0.0,0.0,0.0,0.0
Isaiah Burse,WA (Wed),SDG,WR,@Hou,W 21-13,0/0,0.0,0.0,0.0,0.0,0.0,0.0,0.0,0.0,0.0,0.0,0.0,0.0,0.0,0.0
Damian Copeland,WA (Wed),DET,WR,Min,W 16-13,0/0,0.0,0.0,0.0,0.0,0.0,0.0,0.0,0.0,0.0,0.0,0.0,0.0,0.0,0.0
Jonathan Krause,WA (Wed),TAM,WR,Sea,W 14-5,0/0,0.0,0.0,0.0,0.0,0.0,0.0,0.0,0.0,0.0,0.0,0.0,0.0,0.0,0.0
Rashad Ross,WA (Wed),WAS,WR,@Dal,L 26-31,0/0,0.0,0.0,0.0,0.0,0.0,0.0,0.0,0.0,0.0,0.0,0.0,0.0,0.0,0.0
Freddie Martino,WA (Wed),TAM,WR,Sea,W 14-5,0/0,0.0,0.0,0.0,0.0,0.0,0.0,0.0,0.0,0.0,0.0,0.0,0.0,0.0,0.0
Kevin Smith,WA (Wed),SEA,WR,@TB,L 5-14,0/0,0.0,0.0,0.0,0.0,0.0,0.0,0.0,0.0,0.0,0.0,0.0,0.0,0.0,0.0
Andre Debose,WA (Wed),IND,WR,Pit,L 7-28,0/0,0.0,0.0,0.0,0.0,0.0,0.0,0.0,0.0,0.0,0.0,0.0,0.0,0.0,0.0
DiAndre Campbell,WA (Wed),SFO,WR,@Mia,L 24-31,0/0,0.0,0.0,0.0,0.0,0.0,0.0,0.0,0.0,0.0,0.0,0.0,0.0,0.0,0.0
Issac Blakeney,WA (Wed),PIT,WR,@Ind,W 28-7,0/0,0.0,0.0,0.0,0.0,0.0,0.0,0.0,0.0,0.0,0.0,0.0,0.0,0.0,0.0
Geremy Davis,WA (Wed),SDG,WR,@Hou,W 21-13,0/0,0.0,0.0,0.0,0.0,0.0,0.0,0.0,0.0,0.0,0.0,0.0,0.0,0.0,0.0
Da'Ron Brown,WA (Wed),KAN,WR,@Den,W 30-27,0/0,0.0,0.0,0.0,0.0,0.0,0.0,0.0,0.0,0.0,0.0,0.0,0.0,0.0,0.0
Kenny Bell,WA (Wed),TAM,WR,Sea,W 14-5,0/0,0.0,0.0,0.0,0.0,0.0,0.0,0.0,0.0,0.0,0.0,0.0,0.0,0.0,0.0
Dres Anderson,WA (Wed),SFO,WR,@Mia,L 24-31,0/0,0.0,0.0,0.0,0.0,0.0,0.0,0.0,0.0,0.0,0.0,0.0,0.0,0.0,0.0
Keith Mumphery,WA (Wed),HOU,WR,SD,L 13-21,0/0,0.0,0.0,0.0,0.0,0.0,0.0,0.0,0.0,0.0,0.0,0.0,0.0,0.0,0.0
DeAndrew White,WA (Wed),SFO,WR,@Mia,L 24-31,0/0,0.0,0.0,0.0,0.0,0.0,0.0,0.0,0.0,0.0,0.0,0.0,0.0,0.0,0.0
Kaelin Clay,WA (Wed),BAL,WR,Cin,W 19-14,0/0,0.0,0.0,0.0,0.0,0.0,0.0,0.0,0.0,0.0,0.0,0.0,0.0,0.0,0.0
Tre McBride,WA (Wed),TEN,WR,@Chi,W 27-21,0/0,0.0,0.0,0.0,0.0,0.0,0.0,0.0,0.0,0.0,0.0,0.0,0.0,0.0,0.0
Dezmin Lewis,WA (Wed),BUF,WR,Jax,W 28-21,0/0,0.0,0.0,0.0,0.0,0.0,0.0,0.0,0.0,0.0,0.0,0.0,0.0,0.0,0.0
Quan Bray,WA (Wed),IND,WR,Pit,L 7-28,0/0,0.0,0.0,0.0,0.0,0.0,0.0,0.0,0.0,0.0,0.0,0.0,0.0,0.0,0.0
Sammie Coates,WA (Wed),PIT,WR,@Ind,W 28-7,0/0,0.0,0.0,0.0,0.0,0.0,0.0,0.0,0.0,0.0,3.0,0.0,0.0,0.0,0.0
Devin Smith,WA (Wed),NYJ,WR,NE,L 17-22,0/0,0.0,0.0,0.0,0.0,0.0,0.0,0.0,0.0,0.0,0.0,0.0,0.0,0.0,0.0
Evan Spencer,WA (Wed),TAM,WR,Sea,W 14-5,0/0,0.0,0.0,0.0,0.0,0.0,0.0,0.0,0.0,0.0,0.0,0.0,0.0,0.0,0.0
Rashad Greene,WA (Wed),JAC,WR,@Buf,L 21-28,0/0,0.0,0.0,0.0,0.0,0.0,0.0,0.0,0.0,0.0,0.0,0.0,0.0,0.0,0.0
Nelson Agholor,WA (Wed),PHI,WR,GB,L 13-27,0/0,0.0,0.0,0.0,0.0,0.0,0.0,0.0,0.0,0.0,0.0,0.0,0.0,0.0,0.0
Stefon Diggs,BLRT,MIN,WR,@Det,L 13-16,0/0,0.0,0.0,0.0,0.0,0.0,0.0,0.0,0.0,0.0,0.0,0.0,0.0,0.0,0.0
Kevin White,WA (Wed),CHI,WR,Ten,L 21-27,0/0,0.0,0.0,0.0,0.0,0.0,0.0,0.0,0.0,0.0,0.0,0.0,0.0,0.0,0.0
Jaelen Strong,WA (Wed),HOU,WR,SD,L 13-21,0/0,0.0,0.0,0.0,0.0,0.0,0.0,0.0,0.0,0.0,0.0,0.0,0.0,0.0,0.0
Vince Mayle,WA (Wed),DAL,WR,Wsh,W 31-26,0/0,0.0,0.0,0.0,0.0,0.0,0.0,0.0,0.0,0.0,0.0,0.0,0.0,0.0,0.0
Mario Alford,WA (Wed),CIN,WR,@Bal,L 14-19,0/0,0.0,0.0,0.0,0.0,0.0,0.0,0.0,0.0,0.0,0.0,0.0,0.0,0.0,0.0
DeAndre Smelter,WA (Wed),SFO,WR,@Mia,L 24-31,0/0,0.0,0.0,0.0,0.0,0.0,0.0,0.0,0.0,0.0,0.0,0.0,0.0,0.0,0.0
Duron Carter,WA (Wed),IND,WR,Pit,L 7-28,0/0,0.0,0.0,0.0,0.0,0.0,0.0,0.0,0.0,0.0,0.0,0.0,0.0,0.0,0.0
Antwan Goodley,WA (Wed),SEA,WR,@TB,L 5-14,0/0,0.0,0.0,0.0,0.0,0.0,0.0,0.0,0.0,0.0,0.0,0.0,0.0,0.0,0.0
Chris Matthews,WA (Wed),BAL,WR,Cin,W 19-14,0/0,0.0,0.0,0.0,0.0,0.0,0.0,0.0,0.0,0.0,0.0,0.0,0.0,0.0,0.0
Seantavius Jones,WA (Wed),KAN,WR,@Den,W 30-27,0/0,0.0,0.0,0.0,0.0,0.0,0.0,0.0,0.0,0.0,0.0,0.0,0.0,0.0,0.0
Matt Hazel,WA (Wed),MIA,WR,SF,W 31-24,0/0,0.0,0.0,0.0,0.0,0.0,0.0,0.0,0.0,0.0,0.0,0.0,0.0,0.0,0.0
Tyler Murphy,WA (Wed),MIA,WR,SF,W 31-24,0/0,0.0,0.0,0.0,0.0,0.0,0.0,0.0,0.0,0.0,0.0,0.0,0.0,0.0,0.0
Donteea Dye,WA (Wed),TAM,WR,Sea,W 14-5,0/0,0.0,0.0,0.0,0.0,0.0,0.0,0.0,0.0,0.0,0.0,0.0,0.0,0.0,0.0
Javontee Herndon,WA (Wed),SDG,WR,@Hou,W 21-13,0/0,0.0,0.0,0.0,0.0,0.0,0.0,0.0,0.0,0.0,0.0,0.0,0.0,0.0,0.0
Eric Rogers,WA (Wed),SFO,WR,@Mia,L 24-31,0/0,0.0,0.0,0.0,0.0,0.0,0.0,0.0,0.0,0.0,0.0,0.0,0.0,0.0,0.0
Josh Doctson,WA (Wed),WAS,WR,@Dal,L 26-31,0/0,0.0,0.0,0.0,0.0,0.0,0.0,0.0,0.0,0.0,0.0,0.0,0.0,0.0,0.0
Laquon Treadwell,WA (Wed),MIN,WR,@Det,L 13-16,0/0,0.0,0.0,0.0,0.0,0.0,0.0,0.0,0.0,0.0,0.0,0.0,0.0,0.0,0.0
Chris Moore,WA (Wed),BAL,WR,Cin,W 19-14,0/0,0.0,0.0,0.0,0.0,0.0,0.0,0.0,0.0,0.0,0.0,0.0,0.0,0.0,0.0
Ricardo Louis,WA (Wed),CLE,WR,NYG,L 13-27,0/0,0.0,0.0,0.0,0.0,0.0,0.0,0.0,0.0,0.0,0.0,0.0,0.0,0.0,0.0
Pharoh Cooper,WA (Wed),LAR,WR,@NO,L 21-49,0/0,0.0,0.0,0.0,0.0,0.0,0.0,0.0,0.0,0.0,0.0,0.0,0.0,0.0,0.0
Demarcus Robinson,WA (Wed),KAN,WR,@Den,W 30-27,0/0,0.0,0.0,0.0,0.0,0.0,0.0,0.0,0.0,0.0,0.0,0.0,0.0,0.0,0.0
Jordan Payton,WA (Wed),CLE,WR,NYG,L 13-27,0/0,0.0,0.0,0.0,0.0,0.0,0.0,0.0,0.0,0.0,0.0,0.0,0.0,0.0,0.0
Trevor Davis,WA (Wed),GNB,WR,@Phi,W 27-13,0/0,0.0,0.0,0.0,0.0,0.0,0.0,0.0,0.0,0.0,0.0,0.0,0.0,0.0,0.0
Moritz Bohringer,WA (Wed),MIN,WR,@Det,L 13-16,0/0,0.0,0.0,0.0,0.0,0.0,0.0,0.0,0.0,0.0,0.0,0.0,0.0,0.0,0.0
Keenan Reynolds,WA (Wed),BAL,WR,Cin,W 19-14,0/0,0.0,0.0,0.0,0.0,0.0,0.0,0.0,0.0,0.0,0.0,0.0,0.0,0.0,0.0
Jakeem Grant,WA (Wed),MIA,WR,SF,W 31-24,0/0,0.0,0.0,0.0,0.0,0.0,0.0,0.0,0.0,0.0,0.0,0.0,0.0,0.0,0.0
Kolby Listenbee,WA (Wed),BUF,WR,Jax,W 28-21,0/0,0.0,0.0,0.0,0.0,0.0,0.0,0.0,0.0,0.0,0.0,0.0,0.0,0.0,0.0
Cody Core,WA (Wed),CIN,WR,@Bal,L 14-19,0/0,0.0,0.0,0.0,0.0,0.0,0.0,0.0,0.0,0.0,1.0,0.0,0.0,0.0,0.0
Michael Thomas,WA (Wed),LAR,WR,@NO,L 21-49,0/0,0.0,0.0,0.0,0.0,0.0,0.0,0.0,0.0,0.0,0.0,0.0,0.0,0.0,0.0
Aaron Burbridge,WA (Wed),SFO,WR,@Mia,L 24-31,0/0,0.0,0.0,0.0,0.0,0.0,0.0,0.0,0.0,0.0,0.0,0.0,0.0,0.0,0.0
Devin Lucien,WA (Wed),NWE,WR,@NYJ,W 22-17,0/0,0.0,0.0,0.0,0.0,0.0,0.0,0.0,0.0,0.0,0.0,0.0,0.0,0.0,0.0
Demarcus Ayers,WA (Wed),PIT,WR,@Ind,W 28-7,0/0,0.0,0.0,0.0,0.0,0.0,0.0,0.0,0.0,0.0,0.0,0.0,0.0,0.0,0.0
Daniel Braverman,WA (Wed),CHI,WR,Ten,L 21-27,0/0,0.0,0.0,0.0,0.0,0.0,0.0,0.0,0.0,0.0,0.0,0.0,0.0,0.0,0.0
Devin Lewis Fuller,WA (Wed),ATL,WR,Ari,W 38-19,0/0,0.0,0.0,0.0,0.0,0.0,0.0,0.0,0.0,0.0,0.0,0.0,0.0,0.0,0.0
Charone Peake,WA (Wed),NYJ,WR,NE,L 17-22,0/0,0.0,0.0,0.0,0.0,0.0,0.0,0.0,0.0,0.0,0.0,0.0,0.0,0.0,0.0
Kenny Lawler,WA (Wed),SEA,WR,@TB,L 5-14,0/0,0.0,0.0,0.0,0.0,0.0,0.0,0.0,0.0,0.0,0.0,0.0,0.0,0.0,0.0
Max McCaffrey,WA (Wed),OAK,WR,Car,W 35-32,0/0,0.0,0.0,0.0,0.0,0.0,0.0,0.0,0.0,0.0,0.0,0.0,0.0,0.0,0.0
Kasen Williams,WA (Wed),SEA,WR,@TB,L 5-14,0/0,0.0,0.0,0.0,0.0,0.0,0.0,0.0,0.0,0.0,0.0,0.0,0.0,0.0,0.0
Reggie Bell,WA (Wed),NOR,WR,LA,W 49-21,0/0,0.0,0.0,0.0,0.0,0.0,0.0,0.0,0.0,0.0,0.0,0.0,0.0,0.0,0.0
Jake Kumerow,WA (Wed),CIN,WR,@Bal,L 14-19,0/0,0.0,0.0,0.0,0.0,0.0,0.0,0.0,0.0,0.0,0.0,0.0,0.0,0.0,0.0
Marquez North,WA (Wed),LAR,WR,@NO,L 21-49,0/0,0.0,0.0,0.0,0.0,0.0,0.0,0.0,0.0,0.0,0.0,0.0,0.0,0.0,0.0
Andy Jones,WA (Wed),DAL,WR,Wsh,W 31-26,0/0,0.0,0.0,0.0,0.0,0.0,0.0,0.0,0.0,0.0,0.0,0.0,0.0,0.0,0.0
Xavier Rush,WA (Wed),PHI,WR,GB,L 13-27,0/0,0.0,0.0,0.0,0.0,0.0,0.0,0.0,0.0,0.0,0.0,0.0,0.0,0.0,0.0
Dom Williams,WA (Wed),SDG,WR,@Hou,W 21-13,0/0,0.0,0.0,0.0,0.0,0.0,0.0,0.0,0.0,0.0,0.0,0.0,0.0,0.0,0.0
Damiere Byrd,WA (Wed),CAR,WR,@Oak,L 32-35,0/0,0.0,0.0,0.0,0.0,0.0,0.0,0.0,0.0,0.0,0.0,0.0,0.0,0.0,0.0
R.J. Harris,WA (Wed),NOR,WR,LA,W 49-21,0/0,0.0,0.0,0.0,0.0,0.0,0.0,0.0,0.0,0.0,0.0,0.0,0.0,0.0,0.0
Bernard Reedy,WA (Wed),TAM,WR,Sea,W 14-5,0/0,0.0,0.0,0.0,0.0,0.0,0.0,0.0,0.0,0.0,0.0,0.0,0.0,0.0,0.0
Paul McRoberts,WA (Wed),LAR,WR,@NO,L 21-49,0/0,0.0,0.0,0.0,0.0,0.0,0.0,0.0,0.0,0.0,0.0,0.0,0.0,0.0,0.0
Wendall Williams,WA (Wed),HOU,WR,SD,L 13-21,0/0,0.0,0.0,0.0,0.0,0.0,0.0,0.0,0.0,0.0,0.0,0.0,0.0,0.0,0.0
Anthony Dable,WA (Wed),NYG,WR,@Cle,W 27-13,0/0,0.0,0.0,0.0,0.0,0.0,0.0,0.0,0.0,0.0,0.0,0.0,0.0,0.0,0.0
Darius Jennings,WA (Wed),CHI,WR,Ten,L 21-27,0/0,0.0,0.0,0.0,0.0,0.0,0.0,0.0,0.0,0.0,0.0,0.0,0.0,0.0,0.0
Devon Cajuste,WA (Wed),SFO,WR,@Mia,L 24-31,0/0,0.0,0.0,0.0,0.0,0.0,0.0,0.0,0.0,0.0,0.0,0.0,0.0,0.0,0.0
Mitch Mathews,WA (Wed),KAN,WR,@Den,W 30-27,0/0,0.0,0.0,0.0,0.0,0.0,0.0,0.0,0.0,0.0,0.0,0.0,0.0,0.0,0.0
Keyarris Garrett,WA (Wed),CAR,WR,@Oak,L 32-35,0/0,0.0,0.0,0.0,0.0,0.0,0.0,0.0,0.0,0.0,0.0,0.0,0.0,0.0,0.0
Tanner McEvoy,WA (Wed),SEA,WR,@TB,L 5-14,0/0,0.0,0.0,0.0,0.0,0.0,0.0,0.0,0.0,0.0,0.0,0.0,0.0,0.0,0.0
Chester Rogers,WA (Wed),IND,WR,Pit,L 7-28,0/0,0.0,0.0,0.0,0.0,0.0,0.0,0.0,0.0,0.0,1.0,0.0,0.0,0.0,0.0
Nelson Spruce,WA (Wed),LAR,WR,@NO,L 21-49,0/0,0.0,0.0,0.0,0.0,0.0,0.0,0.0,0.0,0.0,0.0,0.0,0.0,0.0,0.0
Geronimo Allison,WA (Wed),GNB,WR,@Phi,W 27-13,0/0,0.0,0.0,0.0,0.0,0.0,0.0,0.0,0.0,0.0,0.0,0.0,0.0,0.0,0.0
Paul Turner,WA (Wed),PHI,WR,GB,L 13-27,0/0,0.0,0.0,0.0,0.0,0.0,0.0,0.0,0.0,0.0,0.0,0.0,0.0,0.0,0.0
Brittan Golden,WA (Wed),ARI,WR,@Atl,L 19-38,0/0,0.0,0.0,0.0,0.0,0.0,0.0,1.0,-1.0,0.0,3.0,0.0,0.0,0.0,-0.1
Eddie Royal,WA (Wed),CHI,WR,Ten,L 21-27,0/0,0.0,0.0,0.0,0.0,0.0,0.0,1.0,-6.0,0.0,1.0,0.0,0.0,0.0,-0.6
Jordan Norwood,WA (Wed),DEN,WR,KC,L 27-30,0/0,0.0,0.0,0.0,0.0,0.0,0.0,0.0,0.0,0.0,1.0,0.0,1.0,0.0,-2.0
Preston Parker,WA (Wed),FA,WR,** BYE **,,,,,,,,,,,,,,,,
Jordan Reed,BLRT,WAS,TE,@Dal,L 26-31,0/0,0.0,0.0,0.0,0.0,0.0,0.0,10.0,95.0,2.0,11.0,0.0,0.0,0.0,21.5
Tyler Eifert,NOG,CIN,TE,@Bal,L 14-19,0/0,0.0,0.0,0.0,0.0,0.0,0.0,5.0,68.0,1.0,11.0,0.0,0.0,0.0,12.8
Dion Sims,WA (Wed),MIA,TE,SF,W 31-24,0/0,0.0,0.0,0.0,0.0,0.0,0.0,4.0,53.0,1.0,4.0,0.0,0.0,0.0,11.3
Lance Kendricks,WA (Wed),LAR,TE,@NO,L 21-49,0/0,0.0,0.0,0.0,0.0,0.0,0.0,4.0,51.0,1.0,7.0,0.0,0.0,0.0,11.1
Delanie Walker,FUNK,TEN,TE,@Chi,W 27-21,0/0,0.0,0.0,0.0,0.0,0.0,0.0,3.0,50.0,1.0,4.0,0.0,0.0,0.0,11.0
Clive Walford,WA (Wed),OAK,TE,Car,W 35-32,0/0,0.0,0.0,0.0,0.0,0.0,0.0,3.0,43.0,1.0,4.0,0.0,0.0,0.0,10.3
Travis Kelce,NOG,KAN,TE,@Den,W 30-27,0/0,0.0,0.0,0.0,0.0,0.0,0.0,8.0,101.0,0.0,15.0,0.0,0.0,0.0,10.1
Jermaine Gresham,WA (Wed),ARI,TE,@Atl,L 19-38,0/0,0.0,0.0,0.0,0.0,0.0,0.0,5.0,35.0,1.0,10.0,0.0,0.0,0.0,9.5
Hunter Henry,WA (Wed),SDG,TE,@Hou,W 21-13,0/0,0.0,0.0,0.0,0.0,0.0,0.0,2.0,20.0,1.0,3.0,0.0,0.0,0.0,8.0
Josh Hill,WA (Wed),NOR,TE,LA,W 49-21,0/0,0.0,0.0,0.0,0.0,0.0,0.0,6.0,74.0,0.0,6.0,0.0,0.0,0.0,7.4
Vernon Davis,WA (Wed),WAS,TE,@Dal,L 26-31,0/0,0.0,0.0,0.0,0.0,0.0,0.0,5.0,68.0,0.0,7.0,0.0,0.0,0.0,6.8
Ladarius Green,WA (Wed),PIT,TE,@Ind,W 28-7,0/0,0.0,0.0,0.0,0.0,0.0,0.0,2.0,67.0,0.0,3.0,0.0,0.0,0.0,6.7
Kyle Rudolph,DAN,MIN,TE,@Det,L 13-16,0/0,0.0,0.0,0.0,0.0,0.0,0.0,9.0,64.0,0.0,10.0,0.0,0.0,0.0,6.4
Vance McDonald,WA (Wed),SFO,TE,@Mia,L 24-31,0/0,0.0,0.0,0.0,0.0,0.0,0.0,4.0,60.0,0.0,8.0,0.0,0.0,0.0,6.0
Coby Fleener,BKN,NOR,TE,LA,W 49-21,0/0,0.0,0.0,0.0,0.0,0.0,0.0,4.0,59.0,0.0,4.0,0.0,0.0,0.0,5.9
Garrett Celek,WA (Wed),SFO,TE,@Mia,L 24-31,0/0,0.0,0.0,0.0,0.0,0.0,0.0,2.0,19.0,1.0,3.0,0.0,1.0,0.0,5.9
Dwayne Allen,WA (Wed),IND,TE,Pit,L 7-28,0/0,0.0,0.0,0.0,0.0,0.0,0.0,5.0,49.0,0.0,6.0,0.0,0.0,0.0,4.9
Cameron Brate,WA (Wed),TAM,TE,Sea,W 14-5,0/0,0.0,0.0,0.0,0.0,0.0,0.0,4.0,49.0,0.0,5.0,0.0,0.0,0.0,4.9
Jimmy Graham,FUNK,SEA,TE,@TB,L 5-14,0/0,0.0,0.0,0.0,0.0,0.0,0.0,6.0,67.0,0.0,7.0,0.0,1.0,0.0,4.7
Greg Olsen,SCOT,CAR,TE,@Oak,L 32-35,0/0,0.0,0.0,0.0,0.0,0.0,0.0,4.0,45.0,0.0,5.0,0.0,0.0,0.0,4.5
A.J. Derby,WA (Wed),DEN,TE,KC,L 27-30,0/0,0.0,0.0,0.0,0.0,0.0,0.0,4.0,43.0,0.0,4.0,0.0,0.0,0.0,4.3
C.J. Fiedorowicz,WA (Wed),HOU,TE,SD,L 13-21,0/0,0.0,0.0,0.0,0.0,0.0,0.0,4.0,42.0,0.0,6.0,0.0,0.0,0.0,4.2
Seth DeValve,WA (Wed),CLE,TE,NYG,L 13-27,0/0,0.0,0.0,0.0,0.0,0.0,0.0,3.0,39.0,0.0,4.0,0.0,0.0,0.0,3.9
Zach Ertz,GARI,PHI,TE,GB,L 13-27,0/0,0.0,0.0,0.0,0.0,0.0,0.0,3.0,36.0,0.0,6.0,0.0,0.0,0.0,3.6
Ryan Griffin,WA (Wed),HOU,TE,SD,L 13-21,0/0,0.0,0.0,0.0,0.0,0.0,0.0,4.0,36.0,0.0,5.0,0.0,0.0,0.0,3.6
Erik Swoope,WA (Wed),IND,TE,Pit,L 7-28,0/0,0.0,0.0,0.0,0.0,0.0,0.0,1.0,35.0,0.0,2.0,0.0,0.0,0.0,3.5
Dennis Pitta,WA (Wed),BAL,TE,Cin,W 19-14,0/0,0.0,0.0,0.0,0.0,0.0,0.0,3.0,34.0,0.0,5.0,0.0,0.0,0.0,3.4
Jason Witten,FUNK,DAL,TE,Wsh,W 31-26,0/0,0.0,0.0,0.0,0.0,0.0,0.0,3.0,33.0,0.0,3.0,0.0,0.0,0.0,3.3
Martellus Bennett,WA (Wed),NWE,TE,@NYJ,W 22-17,0/0,0.0,0.0,0.0,1.0,4.0,0.0,3.0,22.0,0.0,5.0,0.0,0.0,0.0,2.6
Jack Doyle,WA (Wed),IND,TE,Pit,L 7-28,0/0,0.0,0.0,0.0,0.0,0.0,0.0,2.0,25.0,0.0,2.0,0.0,0.0,0.0,2.5
Ben Koyack,WA (Wed),JAC,TE,@Buf,L 21-28,0/0,0.0,0.0,0.0,0.0,0.0,0.0,2.0,23.0,0.0,2.0,0.0,0.0,0.0,2.3
Rhett Ellison,WA (Wed),MIN,TE,@Det,L 13-16,0/0,0.0,0.0,0.0,0.0,0.0,0.0,1.0,21.0,0.0,2.0,0.0,0.0,0.0,2.1
Demetrius Harris,WA (Wed),KAN,TE,@Den,W 30-27,0/0,0.0,0.0,0.0,0.0,0.0,0.0,0.0,0.0,0.0,1.0,1.0,0.0,0.0,2.0
Levine Toilolo,WA (Wed),ATL,TE,Ari,W 38-19,0/0,0.0,0.0,0.0,0.0,0.0,0.0,1.0,18.0,0.0,1.0,0.0,0.0,0.0,1.8
Charles Clay,WA (Wed),BUF,TE,Jax,W 28-21,0/0,0.0,0.0,0.0,0.0,0.0,0.0,2.0,17.0,0.0,4.0,0.0,0.0,0.0,1.7
Neal Sterling,WA (Wed),JAC,TE,@Buf,L 21-28,0/0,0.0,0.0,0.0,0.0,0.0,0.0,2.0,16.0,0.0,3.0,0.0,0.0,0.0,1.6
Brandon Bostick,WA (Wed),NYJ,TE,NE,L 17-22,0/0,0.0,0.0,0.0,0.0,0.0,0.0,2.0,14.0,0.0,2.0,0.0,0.0,0.0,1.4
Darren Waller,WA (Wed),BAL,TE,Cin,W 19-14,0/0,0.0,0.0,0.0,0.0,0.0,0.0,2.0,14.0,0.0,2.0,0.0,0.0,0.0,1.4
Ben Braunecker,WA (Wed),CHI,TE,Ten,L 21-27,0/0,0.0,0.0,0.0,0.0,0.0,0.0,1.0,14.0,0.0,2.0,0.0,0.0,0.0,1.4
Mychal Rivera,WA (Wed),OAK,TE,Car,W 35-32,0/0,0.0,0.0,0.0,0.0,0.0,0.0,2.0,13.0,0.0,2.0,0.0,0.0,0.0,1.3
MarQueis Gray,WA (Wed),MIA,TE,SF,W 31-24,0/0,0.0,0.0,0.0,0.0,0.0,0.0,2.0,12.0,0.0,2.0,0.0,0.0,0.0,1.2
Will Tye,WA (Wed),NYG,TE,@Cle,W 27-13,0/0,0.0,0.0,0.0,0.0,0.0,0.0,2.0,12.0,0.0,2.0,0.0,0.0,0.0,1.2
Gary Barnidge,WA (Wed),CLE,TE,NYG,L 13-27,0/0,0.0,0.0,0.0,0.0,0.0,0.0,1.0,11.0,0.0,3.0,0.0,0.0,0.0,1.1
Luke Willson,WA (Wed),SEA,TE,@TB,L 5-14,0/0,0.0,0.0,0.0,0.0,0.0,0.0,1.0,11.0,0.0,1.0,0.0,0.0,0.0,1.1
Trey Burton,WA (Wed),PHI,TE,GB,L 13-27,0/0,0.0,0.0,0.0,0.0,0.0,0.0,3.0,10.0,0.0,4.0,0.0,0.0,0.0,1.0
Alan Cross,WA (Wed),TAM,TE,Sea,W 14-5,0/0,0.0,0.0,0.0,0.0,0.0,0.0,1.0,10.0,0.0,1.0,0.0,0.0,0.0,1.0
Austin Seferian-Jenkins,WA (Wed),NYJ,TE,NE,L 17-22,0/0,0.0,0.0,0.0,0.0,0.0,0.0,1.0,9.0,0.0,2.0,0.0,0.0,0.0,0.9
Austin Hooper,WA (Wed),ATL,TE,Ari,W 38-19,0/0,0.0,0.0,0.0,0.0,0.0,0.0,2.0,8.0,0.0,2.0,0.0,0.0,0.0,0.8
Stephen Anderson,WA (Wed),HOU,TE,SD,L 13-21,0/0,0.0,0.0,0.0,0.0,0.0,0.0,1.0,8.0,0.0,1.0,0.0,0.0,0.0,0.8
Jared Cook,WA (Wed),GNB,TE,@Phi,W 27-13,0/0,0.0,0.0,0.0,0.0,0.0,0.0,1.0,7.0,0.0,2.0,0.0,0.0,0.0,0.7
Derek Carrier,WA (Wed),WAS,TE,@Dal,L 26-31,0/0,0.0,0.0,0.0,0.0,0.0,0.0,1.0,4.0,0.0,1.0,0.0,0.0,0.0,0.4
Luke Stocker,WA (Wed),TAM,TE,Sea,W 14-5,0/0,0.0,0.0,0.0,0.0,0.0,0.0,1.0,3.0,0.0,1.0,0.0,0.0,0.0,0.3
Antonio Gates,GARI,SDG,TE,@Hou,W 21-13,0/0,0.0,0.0,0.0,0.0,0.0,0.0,0.0,0.0,0.0,0.0,0.0,0.0,0.0,0.0
Kellen Winslow,WA (Wed),NYJ,TE,NE,L 17-22,0/0,0.0,0.0,0.0,0.0,0.0,0.0,0.0,0.0,0.0,0.0,0.0,0.0,0.0,0.0
Benjamin Watson,WA (Wed),BAL,TE,Cin,W 19-14,0/0,0.0,0.0,0.0,0.0,0.0,0.0,0.0,0.0,0.0,0.0,0.0,0.0,0.0,0.0
Alex Smith,WA (Wed),WAS,TE,@Dal,L 26-31,0/0,0.0,0.0,0.0,0.0,0.0,0.0,0.0,0.0,0.0,0.0,0.0,0.0,0.0,0.0
Marcedes Lewis,WA (Wed),JAC,TE,@Buf,L 21-28,0/0,0.0,0.0,0.0,0.0,0.0,0.0,0.0,0.0,0.0,0.0,0.0,0.0,0.0,0.0
Anthony Fasano,WA (Wed),TEN,TE,@Chi,W 27-21,0/0,0.0,0.0,0.0,0.0,0.0,0.0,0.0,0.0,0.0,1.0,0.0,0.0,0.0,0.0
Owen Daniels,WA (Wed),DEN,TE,KC,L 27-30,0/0,0.0,0.0,0.0,0.0,0.0,0.0,0.0,0.0,0.0,0.0,0.0,0.0,0.0,0.0
Daniel Fells,WA (Wed),NYG,TE,@Cle,W 27-13,0/0,0.0,0.0,0.0,0.0,0.0,0.0,0.0,0.0,0.0,0.0,0.0,0.0,0.0,0.0
Matt Spaeth,WA (Wed),PIT,TE,@Ind,W 28-7,0/0,0.0,0.0,0.0,0.0,0.0,0.0,0.0,0.0,0.0,0.0,0.0,0.0,0.0,0.0
Scott Chandler,WA (Wed),NWE,TE,@NYJ,W 22-17,0/0,0.0,0.0,0.0,0.0,0.0,0.0,0.0,0.0,0.0,0.0,0.0,0.0,0.0,0.0
Brent Celek,WA (Wed),PHI,TE,GB,L 13-27,0/0,0.0,0.0,0.0,0.0,0.0,0.0,0.0,0.0,0.0,0.0,0.0,0.0,0.0,0.0
Clark Harris,WA (Wed),CIN,TE,@Bal,L 14-19,0/0,0.0,0.0,0.0,0.0,0.0,0.0,0.0,0.0,0.0,0.0,0.0,0.0,0.0,0.0
Fred Davis,WA (Wed),WAS,TE,@Dal,L 26-31,0/0,0.0,0.0,0.0,0.0,0.0,0.0,0.0,0.0,0.0,0.0,0.0,0.0,0.0,0.0
Craig Stevens,WA (Wed),TEN,TE,@Chi,W 27-21,0/0,0.0,0.0,0.0,0.0,0.0,0.0,0.0,0.0,0.0,0.0,0.0,0.0,0.0,0.0
Jacob Tamme,WA (Wed),ATL,TE,Ari,W 38-19,0/0,0.0,0.0,0.0,0.0,0.0,0.0,0.0,0.0,0.0,0.0,0.0,0.0,0.0,0.0
Kellen Davis,WA (Wed),NYJ,TE,NE,L 17-22,0/0,0.0,0.0,0.0,0.0,0.0,0.0,0.0,0.0,0.0,0.0,0.0,0.0,0.0,0.0
Matthew Mulligan,WA (Wed),DET,TE,Min,W 16-13,0/0,0.0,0.0,0.0,0.0,0.0,0.0,0.0,0.0,0.0,0.0,0.0,0.0,0.0,0.0
David Johnson,WA (Wed),PIT,TE,@Ind,W 28-7,0/0,0.0,0.0,0.0,0.0,0.0,0.0,0.0,0.0,0.0,0.0,0.0,0.0,0.0,0.0
James Casey,WA (Wed),DEN,TE,KC,L 27-30,0/0,0.0,0.0,0.0,0.0,0.0,0.0,0.0,0.0,0.0,0.0,0.0,0.0,0.0,0.0
Chase Coffman,WA (Wed),IND,TE,Pit,L 7-28,0/0,0.0,0.0,0.0,0.0,0.0,0.0,0.0,0.0,0.0,0.0,0.0,0.0,0.0,0.0
Bear Pascoe,WA (Wed),NWE,TE,@NYJ,W 22-17,0/0,0.0,0.0,0.0,0.0,0.0,0.0,0.0,0.0,0.0,0.0,0.0,0.0,0.0,0.0
Brandon Pettigrew,WA (Wed),DET,TE,Min,W 16-13,0/0,0.0,0.0,0.0,0.0,0.0,0.0,0.0,0.0,0.0,0.0,0.0,0.0,0.0,0.0
John Phillips,WA (Wed),NOR,TE,LA,W 49-21,0/0,0.0,0.0,0.0,0.0,0.0,0.0,0.0,0.0,0.0,0.0,0.0,0.0,0.0,0.0
Zach Miller,WA (Wed),CHI,TE,Ten,L 21-27,0/0,0.0,0.0,0.0,0.0,0.0,0.0,0.0,0.0,0.0,0.0,0.0,0.0,0.0,0.0
Brandon Myers,WA (Wed),TAM,TE,Sea,W 14-5,0/0,0.0,0.0,0.0,0.0,0.0,0.0,0.0,0.0,0.0,0.0,0.0,0.0,0.0,0.0
Rob Gronkowski,WA (Wed),NWE,TE,@NYJ,W 22-17,0/0,0.0,0.0,0.0,0.0,0.0,0.0,0.0,0.0,0.0,2.0,0.0,0.0,0.0,0.0
Ed Dickson,WA (Wed),CAR,TE,@Oak,L 32-35,0/0,0.0,0.0,0.0,0.0,0.0,0.0,0.0,0.0,0.0,0.0,0.0,0.0,0.0,0.0
Tony Moeaki,WA (Wed),CHI,TE,Ten,L 21-27,0/0,0.0,0.0,0.0,0.0,0.0,0.0,0.0,0.0,0.0,0.0,0.0,0.0,0.0,0.0
Jim Dray,WA (Wed),BUF,TE,Jax,W 28-21,0/0,0.0,0.0,0.0,0.0,0.0,0.0,0.0,0.0,0.0,0.0,0.0,0.0,0.0,0.0
Garrett Graham,WA (Wed),DEN,TE,KC,L 27-30,0/0,0.0,0.0,0.0,0.0,0.0,0.0,0.0,0.0,0.0,0.0,0.0,0.0,0.0,0.0
Clay Harbor,WA (Wed),DET,TE,Min,W 16-13,0/0,0.0,0.0,0.0,0.0,0.0,0.0,0.0,0.0,0.0,0.0,0.0,0.0,0.0,0.0
Michael Hoomanawanui,WA (Wed),NOR,TE,LA,W 49-21,0/0,0.0,0.0,0.0,0.0,0.0,0.0,0.0,0.0,0.0,0.0,0.0,0.0,0.0,0.0
Anthony McCoy,WA (Wed),SEA,TE,@TB,L 5-14,0/0,0.0,0.0,0.0,0.0,0.0,0.0,0.0,0.0,0.0,0.0,0.0,0.0,0.0,0.0
Andrew Quarless,WA (Wed),DET,TE,Min,W 16-13,0/0,0.0,0.0,0.0,0.0,0.0,0.0,0.0,0.0,0.0,0.0,0.0,0.0,0.0,0.0
Richie Brockel,WA (Wed),CAR,TE,@Oak,L 32-35,0/0,0.0,0.0,0.0,0.0,0.0,0.0,0.0,0.0,0.0,0.0,0.0,0.0,0.0,0.0
Jeff Cumberland,WA (Wed),SDG,TE,@Hou,W 21-13,0/0,0.0,0.0,0.0,0.0,0.0,0.0,0.0,0.0,0.0,0.0,0.0,0.0,0.0,0.0
Logan Paulsen,WA (Wed),CHI,TE,Ten,L 21-27,0/0,0.0,0.0,0.0,0.0,0.0,0.0,0.0,0.0,0.0,1.0,0.0,0.0,0.0,0.0
Rob Housler,WA (Wed),CHI,TE,Ten,L 21-27,0/0,0.0,0.0,0.0,0.0,0.0,0.0,0.0,0.0,0.0,0.0,0.0,0.0,0.0,0.0
Bruce Miller,WA (Wed),SFO,TE,@Mia,L 24-31,0/0,0.0,0.0,0.0,0.0,0.0,0.0,0.0,0.0,0.0,0.0,0.0,0.0,0.0,0.0
Virgil Green,WA (Wed),DEN,TE,KC,L 27-30,0/0,0.0,0.0,0.0,0.0,0.0,0.0,0.0,0.0,0.0,0.0,0.0,0.0,0.0,0.0
David Ausberry,WA (Wed),DET,TE,Min,W 16-13,0/0,0.0,0.0,0.0,0.0,0.0,0.0,0.0,0.0,0.0,0.0,0.0,0.0,0.0,0.0
Niles Paul,WA (Wed),WAS,TE,@Dal,L 26-31,0/0,0.0,0.0,0.0,0.0,0.0,0.0,0.0,0.0,0.0,0.0,0.0,0.0,0.0,0.0
D.J. Williams,WA (Wed),WAS,TE,@Dal,L 26-31,0/0,0.0,0.0,0.0,0.0,0.0,0.0,0.0,0.0,0.0,0.0,0.0,0.0,0.0,0.0
Jordan Cameron,WA (Wed),MIA,TE,SF,W 31-24,0/0,0.0,0.0,0.0,0.0,0.0,0.0,0.0,0.0,0.0,0.0,0.0,0.0,0.0,0.0
Julius Thomas,WA (Wed),JAC,TE,@Buf,L 21-28,0/0,0.0,0.0,0.0,0.0,0.0,0.0,0.0,0.0,0.0,0.0,0.0,0.0,0.0,0.0
Lee Smith,WA (Wed),OAK,TE,Car,W 35-32,0/0,0.0,0.0,0.0,0.0,0.0,0.0,0.0,0.0,0.0,0.0,0.0,0.0,0.0,0.0
Orson Charles,WA (Wed),DET,TE,Min,W 16-13,0/0,0.0,0.0,0.0,0.0,0.0,0.0,0.0,0.0,0.0,0.0,0.0,0.0,0.0,0.0
James Hanna,WA (Wed),DAL,TE,Wsh,W 31-26,0/0,0.0,0.0,0.0,0.0,0.0,0.0,0.0,0.0,0.0,0.0,0.0,0.0,0.0,0.0
Greg Scruggs,WA (Wed),NWE,TE,@NYJ,W 22-17,0/0,0.0,0.0,0.0,0.0,0.0,0.0,0.0,0.0,0.0,0.0,0.0,0.0,0.0,0.0
Phillip Supernaw,WA (Wed),TEN,TE,@Chi,W 27-21,0/0,0.0,0.0,0.0,0.0,0.0,0.0,0.0,0.0,0.0,0.0,0.0,0.0,0.0,0.0
Dominique Jones,WA (Wed),MIA,TE,SF,W 31-24,0/0,0.0,0.0,0.0,0.0,0.0,0.0,0.0,0.0,0.0,0.0,0.0,0.0,0.0,0.0
Sean McGrath,WA (Wed),SDG,TE,@Hou,W 21-13,0/0,0.0,0.0,0.0,0.0,0.0,0.0,0.0,0.0,0.0,0.0,0.0,0.0,0.0,0.0
Chase Ford,WA (Wed),BAL,TE,Cin,W 19-14,0/0,0.0,0.0,0.0,0.0,0.0,0.0,0.0,0.0,0.0,0.0,0.0,0.0,0.0,0.0
Cooper Helfet,WA (Wed),SEA,TE,@TB,L 5-14,0/0,0.0,0.0,0.0,0.0,0.0,0.0,0.0,0.0,0.0,0.0,0.0,0.0,0.0,0.0
Larry Donnell,WA (Wed),NYG,TE,@Cle,W 27-13,0/0,0.0,0.0,0.0,0.0,0.0,0.0,0.0,0.0,0.0,0.0,0.0,0.0,0.0,0.0
Ifeanyi Momah,WA (Wed),ARI,TE,@Atl,L 19-38,0/0,0.0,0.0,0.0,0.0,0.0,0.0,0.0,0.0,0.0,0.0,0.0,0.0,0.0,0.0
Gavin Escobar,WA (Wed),DAL,TE,Wsh,W 31-26,0/0,0.0,0.0,0.0,0.0,0.0,0.0,0.0,0.0,0.0,0.0,0.0,0.0,0.0,0.0
Michael Williams,WA (Wed),NWE,TE,@NYJ,W 22-17,0/0,0.0,0.0,0.0,0.0,0.0,0.0,0.0,0.0,0.0,0.0,0.0,0.0,0.0,0.0
Chris Gragg,WA (Wed),BUF,TE,Jax,W 28-21,0/0,0.0,0.0,0.0,0.0,0.0,0.0,0.0,0.0,0.0,0.0,0.0,0.0,0.0,0.0
Justice Cunningham,WA (Wed),LAR,TE,@NO,L 21-49,0/0,0.0,0.0,0.0,0.0,0.0,0.0,0.0,0.0,0.0,0.0,0.0,0.0,0.0,0.0
Chris Pantale,WA (Wed),PHI,TE,GB,L 13-27,0/0,0.0,0.0,0.0,0.0,0.0,0.0,0.0,0.0,0.0,0.0,0.0,0.0,0.0,0.0
Timothy Wright,WA (Wed),DET,TE,Min,W 16-13,0/0,0.0,0.0,0.0,0.0,0.0,0.0,0.0,0.0,0.0,0.0,0.0,0.0,0.0,0.0
Brandon Williams,WA (Wed),SEA,TE,@TB,L 5-14,0/0,0.0,0.0,0.0,0.0,0.0,0.0,0.0,0.0,0.0,0.0,0.0,0.0,0.0,0.0
Zach Sudfeld,WA (Wed),NYJ,TE,NE,L 17-22,0/0,0.0,0.0,0.0,0.0,0.0,0.0,0.0,0.0,0.0,0.0,0.0,0.0,0.0,0.0
Jake Stoneburner,WA (Wed),LAR,TE,@NO,L 21-49,0/0,0.0,0.0,0.0,0.0,0.0,0.0,0.0,0.0,0.0,0.0,0.0,0.0,0.0,0.0
Eric Ebron,LOS,DET,TE,Min,W 16-13,0/0,0.0,0.0,0.0,0.0,0.0,0.0,0.0,0.0,0.0,1.0,0.0,0.0,0.0,0.0
Crockett Gillmore,WA (Wed),BAL,TE,Cin,W 19-14,0/0,0.0,0.0,0.0,0.0,0.0,0.0,0.0,0.0,0.0,0.0,0.0,0.0,0.0,0.0
Richard Rodgers,WA (Wed),GNB,TE,@Phi,W 27-13,0/0,0.0,0.0,0.0,0.0,0.0,0.0,0.0,0.0,0.0,1.0,0.0,0.0,0.0,0.0
Jace Amaro,WA (Wed),TEN,TE,@Chi,W 27-21,0/0,0.0,0.0,0.0,0.0,0.0,0.0,0.0,0.0,0.0,0.0,0.0,0.0,0.0,0.0
Troy Niklas,WA (Wed),ARI,TE,@Atl,L 19-38,0/0,0.0,0.0,0.0,0.0,0.0,0.0,0.0,0.0,0.0,0.0,0.0,0.0,0.0,0.0
Darren Fells,WA (Wed),ARI,TE,@Atl,L 19-38,0/0,0.0,0.0,0.0,0.0,0.0,0.0,0.0,0.0,0.0,0.0,0.0,0.0,0.0,0.0
Brian Leonhardt,WA (Wed),MIN,TE,@Det,L 13-16,0/0,0.0,0.0,0.0,0.0,0.0,0.0,0.0,0.0,0.0,0.0,0.0,0.0,0.0,0.0
Marcel Jensen,WA (Wed),WAS,TE,@Dal,L 26-31,0/0,0.0,0.0,0.0,0.0,0.0,0.0,0.0,0.0,0.0,0.0,0.0,0.0,0.0,0.0
Asante Cleveland,WA (Wed),SDG,TE,@Hou,W 21-13,0/0,0.0,0.0,0.0,0.0,0.0,0.0,0.0,0.0,0.0,0.0,0.0,0.0,0.0,0.0
Nic Jacobs,WA (Wed),JAC,TE,@Buf,L 21-28,0/0,0.0,0.0,0.0,0.0,0.0,0.0,0.0,0.0,0.0,0.0,0.0,0.0,0.0,0.0
Blake Annen,WA (Wed),BUF,TE,Jax,W 28-21,0/0,0.0,0.0,0.0,0.0,0.0,0.0,0.0,0.0,0.0,0.0,0.0,0.0,0.0,0.0
RaShaun Allen,WA (Wed),NOR,TE,LA,W 49-21,0/0,0.0,0.0,0.0,0.0,0.0,0.0,0.0,0.0,0.0,0.0,0.0,0.0,0.0,0.0
Justin Perillo,WA (Wed),GNB,TE,@Phi,W 27-13,0/0,0.0,0.0,0.0,0.0,0.0,0.0,0.0,0.0,0.0,0.0,0.0,0.0,0.0,0.0
MyCole Pruitt,WA (Wed),MIN,TE,@Det,L 13-16,0/0,0.0,0.0,0.0,0.0,0.0,0.0,0.0,0.0,0.0,0.0,0.0,0.0,0.0,0.0
Randall Telfer,WA (Wed),CLE,TE,NYG,L 13-27,0/0,0.0,0.0,0.0,0.0,0.0,0.0,0.0,0.0,0.0,0.0,0.0,0.0,0.0,0.0
Gerald Christian,WA (Wed),BUF,TE,Jax,W 28-21,0/0,0.0,0.0,0.0,0.0,0.0,0.0,0.0,0.0,0.0,0.0,0.0,0.0,0.0,0.0
Blake Bell,WA (Wed),SFO,TE,@Mia,L 24-31,0/0,0.0,0.0,0.0,0.0,0.0,0.0,0.0,0.0,0.0,1.0,0.0,0.0,0.0,0.0
Chris Manhertz,WA (Wed),CAR,TE,@Oak,L 32-35,0/0,0.0,0.0,0.0,0.0,0.0,0.0,0.0,0.0,0.0,0.0,0.0,0.0,0.0,0.0
C.J. Uzomah,WA (Wed),CIN,TE,@Bal,L 14-19,0/0,0.0,0.0,0.0,0.0,0.0,0.0,0.0,0.0,0.0,0.0,0.0,0.0,0.0,0.0
Nick Boyle,WA (Wed),BAL,TE,Cin,W 19-14,0/0,0.0,0.0,0.0,0.0,0.0,0.0,0.0,0.0,0.0,0.0,0.0,0.0,0.0,0.0
Jeff Heuerman,WA (Wed),DEN,TE,KC,L 27-30,0/0,0.0,0.0,0.0,0.0,0.0,0.0,0.0,0.0,0.0,0.0,0.0,0.0,0.0,0.0
Nick O'Leary,WA (Wed),BUF,TE,Jax,W 28-21,0/0,0.0,0.0,0.0,0.0,0.0,0.0,0.0,0.0,0.0,1.0,0.0,0.0,0.0,0.0
Busta Anderson,WA (Wed),SFO,TE,@Mia,L 24-31,0/0,0.0,0.0,0.0,0.0,0.0,0.0,0.0,0.0,0.0,0.0,0.0,0.0,0.0,0.0
Kennard Backman,WA (Wed),GNB,TE,@Phi,W 27-13,0/0,0.0,0.0,0.0,0.0,0.0,0.0,0.0,0.0,0.0,0.0,0.0,0.0,0.0,0.0
Tyler Kroft,WA (Wed),CIN,TE,@Bal,L 14-19,0/0,0.0,0.0,0.0,0.0,0.0,0.0,0.0,0.0,0.0,0.0,0.0,0.0,0.0,0.0
Maxx Williams,WA (Wed),BAL,TE,Cin,W 19-14,0/0,0.0,0.0,0.0,0.0,0.0,0.0,0.0,0.0,0.0,0.0,0.0,0.0,0.0,0.0
Jesse James,WA (Wed),PIT,TE,@Ind,W 28-7,0/0,0.0,0.0,0.0,0.0,0.0,0.0,0.0,0.0,0.0,1.0,0.0,0.0,0.0,0.0
Geoff Swaim,WA (Wed),DAL,TE,Wsh,W 31-26,0/0,0.0,0.0,0.0,0.0,0.0,0.0,0.0,0.0,0.0,0.0,0.0,0.0,0.0,0.0
E.J. Bibbs,WA (Wed),CLE,TE,NYG,L 13-27,0/0,0.0,0.0,0.0,0.0,0.0,0.0,0.0,0.0,0.0,0.0,0.0,0.0,0.0,0.0
Khari Lee,WA (Wed),DET,TE,Min,W 16-13,0/0,0.0,0.0,0.0,0.0,0.0,0.0,0.0,0.0,0.0,0.0,0.0,0.0,0.0,0.0
Jerome Cunningham,WA (Wed),TEN,TE,@Chi,W 27-21,0/0,0.0,0.0,0.0,0.0,0.0,0.0,0.0,0.0,0.0,0.0,0.0,0.0,0.0,0.0
Wes Saxton,WA (Wed),NYJ,TE,NE,L 17-22,0/0,0.0,0.0,0.0,0.0,0.0,0.0,0.0,0.0,0.0,0.0,0.0,0.0,0.0,0.0
Nick Vannett,WA (Wed),SEA,TE,@TB,L 5-14,0/0,0.0,0.0,0.0,0.0,0.0,0.0,0.0,0.0,0.0,0.0,0.0,0.0,0.0,0.0
Tyler Higbee,WA (Wed),LAR,TE,@NO,L 21-49,0/0,0.0,0.0,0.0,0.0,0.0,0.0,0.0,0.0,0.0,1.0,0.0,0.0,0.0,0.0
Temarrick Hemingway,WA (Wed),LAR,TE,@NO,L 21-49,0/0,0.0,0.0,0.0,0.0,0.0,0.0,0.0,0.0,0.0,0.0,0.0,0.0,0.0,0.0
Jerell Adams,WA (Wed),NYG,TE,@Cle,W 27-13,0/0,0.0,0.0,0.0,0.0,0.0,0.0,0.0,0.0,0.0,0.0,0.0,0.0,0.0,0.0
David Morgan II,WA (Wed),MIN,TE,@Det,L 13-16,0/0,0.0,0.0,0.0,0.0,0.0,0.0,0.0,0.0,0.0,0.0,0.0,0.0,0.0,0.0
Rico Darnell Gathers,WA (Wed),DAL,TE,Wsh,W 31-26,0/0,0.0,0.0,0.0,0.0,0.0,0.0,0.0,0.0,0.0,0.0,0.0,0.0,0.0,0.0
Thomas Duarte,WA (Wed),MIA,TE,SF,W 31-24,0/0,0.0,0.0,0.0,0.0,0.0,0.0,0.0,0.0,0.0,0.0,0.0,0.0,0.0,0.0
Beau Sandland,WA (Wed),CAR,TE,@Oak,L 32-35,0/0,0.0,0.0,0.0,0.0,0.0,0.0,0.0,0.0,0.0,0.0,0.0,0.0,0.0,0.0
Cole Wick,WA (Wed),DET,TE,Min,W 16-13,0/0,0.0,0.0,0.0,0.0,0.0,0.0,0.0,0.0,0.0,0.0,0.0,0.0,0.0,0.0
Matt LaCosse,WA (Wed),NYG,TE,@Cle,W 27-13,0/0,0.0,0.0,0.0,0.0,0.0,0.0,0.0,0.0,0.0,0.0,0.0,0.0,0.0,0.0
Anthony Denham,WA (Wed),HOU,TE,SD,L 13-21,0/0,0.0,0.0,0.0,0.0,0.0,0.0,0.0,0.0,0.0,0.0,0.0,0.0,0.0,0.0
Bryce Williams,WA (Wed),NWE,TE,@NYJ,W 22-17,0/0,0.0,0.0,0.0,0.0,0.0,0.0,0.0,0.0,0.0,0.0,0.0,0.0,0.0,0.0
Braedon Bowman,WA (Wed),NYJ,TE,NE,L 17-22,0/0,0.0,0.0,0.0,0.0,0.0,0.0,0.0,0.0,0.0,0.0,0.0,0.0,0.0,0.0
Brian Parker,WA (Wed),NYJ,TE,NE,L 17-22,0/0,0.0,0.0,0.0,0.0,0.0,0.0,0.0,0.0,0.0,0.0,0.0,0.0,0.0,0.0
Dillon Gordon,WA (Wed),PHI,TE,GB,L 13-27,0/0,0.0,0.0,0.0,0.0,0.0,0.0,0.0,0.0,0.0,0.0,0.0,0.0,0.0,0.0
Joshua Perkins,WA (Wed),ATL,TE,Ari,W 38-19,0/0,0.0,0.0,0.0,0.0,0.0,0.0,0.0,0.0,0.0,0.0,0.0,0.0,0.0,0.0
Ross Travis,WA (Wed),KAN,TE,@Den,W 30-27,0/0,0.0,0.0,0.0,0.0,0.0,0.0,0.0,0.0,0.0,0.0,0.0,0.0,0.0,0.0
Scott Simonson,WA (Wed),CAR,TE,@Oak,L 32-35,0/0,0.0,0.0,0.0,0.0,0.0,0.0,0.0,0.0,0.0,0.0,0.0,0.0,0.0,0.0
Xavier Grimble,WA (Wed),PIT,TE,@Ind,W 28-7,0/0,0.0,0.0,0.0,0.0,0.0,0.0,0.0,0.0,0.0,0.0,0.0,0.0,0.0,0.0
James O'Shaughnessy,WA (Wed),KAN,TE,@Den,W 30-27,0/0,0.0,0.0,0.0,0.0,0.0,0.0,1.0,-1.0,0.0,1.0,0.0,0.0,0.0,-0.1
Dan Vitale,WA (Wed),CLE,TE,NYG,L 13-27,0/0,0.0,0.0,0.0,0.0,0.0,0.0,1.0,-4.0,0.0,1.0,0.0,0.0,0.0,-0.4
Giants,GARI,NYG,DST,@Cle,W 27-13,0/0,0.0,0.0,0.0,0.0,0.0,0.0,0.0,0.0,0.0,0.0,0.0,0.0,1.0,22.0
Buccaneers,WA (Wed),TAM,DST,Sea,W 14-5,0/0,0.0,0.0,0.0,0.0,0.0,0.0,0.0,0.0,0.0,0.0,0.0,0.0,0.0,18.0
Raiders,WA (Wed),OAK,DST,Car,W 35-32,0/0,0.0,0.0,0.0,0.0,0.0,0.0,0.0,0.0,0.0,0.0,0.0,0.0,1.0,12.0
Packers,WA (Wed),GNB,DST,@Phi,W 27-13,0/0,0.0,0.0,0.0,0.0,0.0,0.0,0.0,0.0,0.0,0.0,0.0,0.0,0.0,11.0
Chargers,NOG,SDG,DST,@Hou,W 21-13,0/0,0.0,0.0,0.0,0.0,0.0,0.0,0.0,0.0,0.0,0.0,0.0,0.0,0.0,11.0
Chiefs,SCOT,KAN,DST,@Den,W 30-27,0/0,0.0,0.0,0.0,0.0,0.0,0.0,0.0,0.0,0.0,0.0,0.0,0.0,1.0,10.0
Steelers,WA (Wed),PIT,DST,@Ind,W 28-7,0/0,0.0,0.0,0.0,0.0,0.0,0.0,0.0,0.0,0.0,0.0,0.0,0.0,0.0,10.0
Saints,WA (Wed),NOR,DST,LA,W 49-21,0/0,0.0,0.0,0.0,0.0,0.0,0.0,0.0,0.0,0.0,0.0,0.0,0.0,0.0,9.0
Patriots,WA (Wed),NWE,DST,@NYJ,W 22-17,0/0,0.0,0.0,0.0,0.0,0.0,0.0,0.0,0.0,0.0,0.0,0.0,0.0,0.0,8.0
Ravens,BLRT,BAL,DST,Cin,W 19-14,0/0,0.0,0.0,0.0,0.0,0.0,0.0,0.0,0.0,0.0,0.0,0.0,0.0,0.0,8.0
Broncos,BKN,DEN,DST,KC,L 27-30,0/0,0.0,0.0,0.0,0.0,0.0,0.0,0.0,0.0,0.0,0.0,0.0,0.0,0.0,7.0
Seahawks,NOG,SEA,DST,@TB,L 5-14,0/0,0.0,0.0,0.0,0.0,0.0,0.0,0.0,0.0,0.0,0.0,0.0,0.0,0.0,7.0
Bengals,WA (Wed),CIN,DST,@Bal,L 14-19,0/0,0.0,0.0,0.0,0.0,0.0,0.0,0.0,0.0,0.0,0.0,0.0,0.0,0.0,6.0
Browns,WA (Wed),CLE,DST,NYG,L 13-27,0/0,0.0,0.0,0.0,0.0,0.0,0.0,0.0,0.0,0.0,0.0,0.0,0.0,0.0,5.0
Lions,WA (Wed),DET,DST,Min,W 16-13,0/0,0.0,0.0,0.0,0.0,0.0,0.0,0.0,0.0,0.0,0.0,0.0,0.0,0.0,5.0
Falcons,WA (Wed),ATL,DST,Ari,W 38-19,0/0,0.0,0.0,0.0,0.0,0.0,0.0,0.0,0.0,0.0,0.0,0.0,0.0,0.0,4.0
Jaguars,WA (Wed),JAC,DST,@Buf,L 21-28,0/0,0.0,0.0,0.0,0.0,0.0,0.0,0.0,0.0,0.0,0.0,0.0,0.0,0.0,4.0
Vikings,BKN,MIN,DST,@Det,L 13-16,0/0,0.0,0.0,0.0,0.0,0.0,0.0,0.0,0.0,0.0,0.0,0.0,0.0,0.0,3.0
Texans,GARI,HOU,DST,SD,L 13-21,0/0,0.0,0.0,0.0,0.0,0.0,0.0,0.0,0.0,0.0,0.0,0.0,0.0,0.0,3.0
Bills,DAN,BUF,DST,Jax,W 28-21,0/0,0.0,0.0,0.0,0.0,0.0,0.0,0.0,0.0,0.0,0.0,0.0,0.0,0.0,2.0
Panthers,FUNK,CAR,DST,@Oak,L 32-35,0/0,0.0,0.0,0.0,0.0,0.0,0.0,0.0,0.0,0.0,0.0,0.0,0.0,0.0,2.0
Titans,WA (Wed),TEN,DST,@Chi,W 27-21,0/0,0.0,0.0,0.0,0.0,0.0,0.0,0.0,0.0,0.0,0.0,0.0,0.0,0.0,1.0
Dolphins,SCOT,MIA,DST,SF,W 31-24,0/0,0.0,0.0,0.0,0.0,0.0,0.0,0.0,0.0,0.0,0.0,0.0,0.0,0.0,1.0
Cardinals,BLRT,ARI,DST,@Atl,L 19-38,0/0,0.0,0.0,0.0,0.0,0.0,0.0,0.0,0.0,0.0,0.0,0.0,0.0,0.0,1.0
49ers,WA (Wed),SFO,DST,@Mia,L 24-31,0/0,0.0,0.0,0.0,0.0,0.0,0.0,0.0,0.0,0.0,0.0,0.0,0.0,0.0,0.0
Bears,WA (Wed),CHI,DST,Ten,L 21-27,0/0,0.0,0.0,0.0,0.0,0.0,0.0,0.0,0.0,0.0,0.0,0.0,0.0,0.0,-1.0
Jets,FUNK,NYJ,DST,NE,L 17-22,0/0,0.0,0.0,0.0,0.0,0.0,0.0,0.0,0.0,0.0,0.0,0.0,0.0,0.0,-1.0
Eagles,DAN,PHI,DST,GB,L 13-27,0/0,0.0,0.0,0.0,0.0,0.0,0.0,0.0,0.0,0.0,0.0,0.0,0.0,0.0,-1.0
Redskins,WA (Wed),WAS,DST,@Dal,L 26-31,0/0,0.0,0.0,0.0,0.0,0.0,0.0,0.0,0.0,0.0,0.0,0.0,0.0,0.0,-1.0
Colts,WA (Wed),IND,DST,Pit,L 7-28,0/0,0.0,0.0,0.0,0.0,0.0,0.0,0.0,0.0,0.0,0.0,0.0,0.0,0.0,-2.0
Cowboys,LOS,DAL,DST,Wsh,W 31-26,0/0,0.0,0.0,0.0,0.0,0.0,0.0,0.0,0.0,0.0,0.0,0.0,0.0,0.0,-6.0
Rams,WA (Wed),LAR,DST,@NO,L 21-49,0/0,0.0,0.0,0.0,0.0,0.0,0.0,0.0,0.0,0.0,0.0,0.0,0.0,0.0,-8.0
Justin Tucker,BKN,BAL,K,Cin,W 19-14,0/0,0.0,0.0,0.0,0.0,0.0,0.0,0.0,0.0,0.0,0.0,0.0,0.0,0.0,19.0
Matt Prater,WA (Wed),DET,K,Min,W 16-13,0/0,0.0,0.0,0.0,0.0,0.0,0.0,0.0,0.0,0.0,0.0,0.0,0.0,0.0,12.0
Stephen Gostkowski,WA (Wed),NWE,K,@NYJ,W 22-17,0/0,0.0,0.0,0.0,0.0,0.0,0.0,0.0,0.0,0.0,0.0,0.0,0.0,0.0,10.0
Caleb Sturgis,WA (Wed),PHI,K,GB,L 13-27,0/0,0.0,0.0,0.0,0.0,0.0,0.0,0.0,0.0,0.0,0.0,0.0,0.0,0.0,10.0
Sebastian Janikowski,GARI,OAK,K,Car,W 35-32,0/0,0.0,0.0,0.0,0.0,0.0,0.0,0.0,0.0,0.0,0.0,0.0,0.0,0.0,9.0
Matt Bryant,DAN,ATL,K,Ari,W 38-19,0/0,0.0,0.0,0.0,0.0,0.0,0.0,0.0,0.0,0.0,0.0,0.0,0.0,0.0,9.0
Mason Crosby,FUNK,GNB,K,@Phi,W 27-13,0/0,0.0,0.0,0.0,0.0,0.0,0.0,0.0,0.0,0.0,0.0,0.0,0.0,0.0,9.0
Ryan Succop,WA (Wed),TEN,K,@Chi,W 27-21,0/0,0.0,0.0,0.0,0.0,0.0,0.0,0.0,0.0,0.0,0.0,0.0,0.0,0.0,9.0
Chandler Catanzaro,WA (Wed),ARI,K,@Atl,L 19-38,0/0,0.0,0.0,0.0,0.0,0.0,0.0,0.0,0.0,0.0,0.0,0.0,0.0,0.0,9.0
Brandon McManus,WA (Wed),DEN,K,KC,L 27-30,0/0,0.0,0.0,0.0,0.0,0.0,0.0,0.0,0.0,0.0,0.0,0.0,0.0,0.0,9.0
Nick Novak,LOS,HOU,K,SD,L 13-21,0/0,0.0,0.0,0.0,0.0,0.0,0.0,0.0,0.0,0.0,0.0,0.0,0.0,0.0,8.0
Dan Bailey,FUNK,DAL,K,Wsh,W 31-26,0/0,0.0,0.0,0.0,0.0,0.0,0.0,0.0,0.0,0.0,0.0,0.0,0.0,0.0,8.0
Cairo Santos,WA (Wed),KAN,K,@Den,W 30-27,0/0,0.0,0.0,0.0,0.0,0.0,0.0,0.0,0.0,0.0,0.0,0.0,0.0,0.0,8.0
Kai Forbath,WA (Wed),MIN,K,@Det,L 13-16,0/0,0.0,0.0,0.0,0.0,0.0,0.0,0.0,0.0,0.0,0.0,0.0,0.0,0.0,7.0
Cody Parkey,WA (Wed),CLE,K,NYG,L 13-27,0/0,0.0,0.0,0.0,0.0,0.0,0.0,0.0,0.0,0.0,0.0,0.0,0.0,0.0,7.0
Andrew Franks,WA (Wed),MIA,K,SF,W 31-24,0/0,0.0,0.0,0.0,0.0,0.0,0.0,0.0,0.0,0.0,0.0,0.0,0.0,0.0,7.0
Wil Lutz,NOG,NOR,K,LA,W 49-21,0/0,0.0,0.0,0.0,0.0,0.0,0.0,0.0,0.0,0.0,0.0,0.0,0.0,0.0,7.0
Phil Dawson,WA (Wed),SFO,K,@Mia,L 24-31,0/0,0.0,0.0,0.0,0.0,0.0,0.0,0.0,0.0,0.0,0.0,0.0,0.0,0.0,6.0
Mike Nugent,WA (Wed),CIN,K,@Bal,L 14-19,0/0,0.0,0.0,0.0,0.0,0.0,0.0,0.0,0.0,0.0,0.0,0.0,0.0,0.0,6.0
Nick Folk,WA (Wed),NYJ,K,NE,L 17-22,0/0,0.0,0.0,0.0,0.0,0.0,0.0,0.0,0.0,0.0,0.0,0.0,0.0,0.0,6.0
Dustin Hopkins,WA (Wed),WAS,K,@Dal,L 26-31,0/0,0.0,0.0,0.0,0.0,0.0,0.0,0.0,0.0,0.0,0.0,0.0,0.0,0.0,6.0
Steven Hauschka,WA (Wed),SEA,K,@TB,L 5-14,0/0,0.0,0.0,0.0,0.0,0.0,0.0,0.0,0.0,0.0,0.0,0.0,0.0,0.0,4.0
Chris Boswell,WA (Wed),PIT,K,@Ind,W 28-7,0/0,0.0,0.0,0.0,0.0,0.0,0.0,0.0,0.0,0.0,0.0,0.0,0.0,0.0,4.0
Robbie Gould,WA (Wed),NYG,K,@Cle,W 27-13,0/0,0.0,0.0,0.0,0.0,0.0,0.0,0.0,0.0,0.0,0.0,0.0,0.0,0.0,3.0
Connor Barth,WA (Wed),CHI,K,Ten,L 21-27,0/0,0.0,0.0,0.0,0.0,0.0,0.0,0.0,0.0,0.0,0.0,0.0,0.0,0.0,3.0
Greg Zuerlein,WA (Wed),LAR,K,@NO,L 21-49,0/0,0.0,0.0,0.0,0.0,0.0,0.0,0.0,0.0,0.0,0.0,0.0,0.0,0.0,3.0
Jason Myers,WA (Wed),JAC,K,@Buf,L 21-28,0/0,0.0,0.0,0.0,0.0,0.0,0.0,0.0,0.0,0.0,0.0,0.0,0.0,0.0,3.0
Dan Carpenter,WA (Wed),BUF,K,Jax,W 28-21,0/0,0.0,0.0,0.0,0.0,0.0,0.0,0.0,0.0,0.0,0.0,0.0,0.0,0.0,2.0
Graham Gano,BLRT,CAR,K,@Oak,L 32-35,0/0,0.0,0.0,0.0,0.0,0.0,0.0,0.0,0.0,0.0,0.0,0.0,0.0,0.0,2.0
Josh Lambo,WA (Wed),SDG,K,@Hou,W 21-13,0/0,0.0,0.0,0.0,0.0,0.0,0.0,0.0,0.0,0.0,0.0,0.0,0.0,0.0,2.0
Roberto Aguayo,WA (Wed),TAM,K,Sea,W 14-5,0/0,0.0,0.0,0.0,0.0,0.0,0.0,0.0,0.0,0.0,0.0,0.0,0.0,0.0,1.0
Adam Vinatieri,SCOT,IND,K,Pit,L 7-28,0/0,0.0,0.0,0.0,0.0,0.0,0.0,0.0,0.0,0.0,0.0,0.0,0.0,0.0,0.0
Shayne Graham,WA (Wed),ATL,K,Ari,W 38-19,0/0,0.0,0.0,0.0,0.0,0.0,0.0,0.0,0.0,0.0,0.0,0.0,0.0,0.0,0.0
Billy Cundiff,WA (Wed),CLE,K,NYG,L 13-27,0/0,0.0,0.0,0.0,0.0,0.0,0.0,0.0,0.0,0.0,0.0,0.0,0.0,0.0,0.0
Josh Brown,WA (Wed),NYG,K,@Cle,W 27-13,0/0,0.0,0.0,0.0,0.0,0.0,0.0,0.0,0.0,0.0,0.0,0.0,0.0,0.0,0.0
Josh Scobee,WA (Wed),NOR,K,LA,W 49-21,0/0,0.0,0.0,0.0,0.0,0.0,0.0,0.0,0.0,0.0,0.0,0.0,0.0,0.0,0.0
Shaun Suisham,WA (Wed),PIT,K,@Ind,W 28-7,0/0,0.0,0.0,0.0,0.0,0.0,0.0,0.0,0.0,0.0,0.0,0.0,0.0,0.0,0.0
Garrett Hartley,WA (Wed),PIT,K,@Ind,W 28-7,0/0,0.0,0.0,0.0,0.0,0.0,0.0,0.0,0.0,0.0,0.0,0.0,0.0,0.0,0.0
Blair Walsh,WA (Wed),MIN,K,@Det,L 13-16,0/0,0.0,0.0,0.0,0.0,0.0,0.0,0.0,0.0,0.0,0.0,0.0,0.0,0.0,0.0
Randy Bullock,WA (Wed),NYG,K,@Cle,W 27-13,0/0,0.0,0.0,0.0,0.0,0.0,0.0,0.0,0.0,0.0,0.0,0.0,0.0,0.0,0.0
Brandon Bogotay,WA (Wed),TAM,K,Sea,W 14-5,0/0,0.0,0.0,0.0,0.0,0.0,0.0,0.0,0.0,0.0,0.0,0.0,0.0,0.0,0.0
Zach Hocker,WA (Wed),CIN,K,@Bal,L 14-19,0/0,0.0,0.0,0.0,0.0,0.0,0.0,0.0,0.0,0.0,0.0,0.0,0.0,0.0,0.0
Travis Coons,WA (Wed),CLE,K,NYG,L 13-27,0/0,0.0,0.0,0.0,0.0,0.0,0.0,0.0,0.0,0.0,0.0,0.0,0.0,0.0,0.0
Patrick Murray,WA (Wed),CLE,K,NYG,L 13-27,0/0,0.0,0.0,0.0,0.0,0.0,0.0,0.0,0.0,0.0,0.0,0.0,0.0,0.0,0.0
Jordan Gay,WA (Wed),BUF,K,Jax,W 28-21,0/0,0.0,0.0,0.0,0.0,0.0,0.0,0.0,0.0,0.0,0.0,0.0,0.0,0.0,0.0
Kyle Brindza,WA (Wed),NYJ,K,NE,L 17-22,0/0,0.0,0.0,0.0,0.0,0.0,0.0,0.0,0.0,0.0,0.0,0.0,0.0,0.0,0.0
Jay Feely,WA (Wed),FA,K,** BYE **,,,,,,,,,,,,,,,,
Alex Henery,WA (Wed),FA,K,** BYE **,,,,,,,,,,,,,,,,
